{
    "products": {
        "henectus-tincidunt": "10298",
        "ornare-auctor": "10299",
        "eames-plastic-side-chair": "10296",
        "augue-adipiscing-euismod": "10294",
        "iphone-dock": "10302",
        "wine-bottle-lantern": "10303",
        "decoration-wooden-present": "10304",
        "panton-tunior-chair": "10305",
        "smart-watches-wood-edition": "10300",
        "wooden-single-drawer": "10301",
        "classic-wooden-chair": "10304",
        "eames-lounge-chair": "10305"
    }
}