<?xml version="1.0" encoding="UTF-8" ?>
	<!-- This is a WordPress eXtended RSS file generated by WordPress as an export of your site. -->
	<!-- It contains information about your site's posts, pages, comments, categories, and other content. -->
	<!-- You may use this file to transfer that content from one site to another. -->
	<!-- This file is not intended to serve as a complete backup of your site. -->

	<!-- To import this information into a WordPress site follow these steps: -->
	<!-- 1. Log in to that site as an administrator. -->
	<!-- 2. Go to Tools: Import in the WordPress admin panel. -->
	<!-- 3. Install the "WordPress" importer from the list. -->
	<!-- 4. Activate & Run Importer. -->
	<!-- 5. Upload this file using the form provided on that page. -->
	<!-- 6. You will first be asked to map the authors in this export file to users -->
	<!--    on the site. For each author, you may choose to map to an -->
	<!--    existing user on the site or to create a new user. -->
	<!-- 7. WordPress will then import each of the posts, pages, comments, categories, etc. -->
	<!--    contained in this file into your site. -->

	<!-- generator="WordPress/6.2.2" created="2023-10-11 12:56" -->
<rss version="2.0"
	xmlns:excerpt="http://wordpress.org/export/1.2/excerpt/"
	xmlns:content="http://purl.org/rss/1.0/modules/content/"
	xmlns:wfw="http://wellformedweb.org/CommentAPI/"
	xmlns:dc="http://purl.org/dc/elements/1.1/"
	xmlns:wp="http://wordpress.org/export/1.2/"
>

<channel>
	<title>Elementor 2.0 WoodMart dummy</title>
	<link>https://dummy.xtemos.com/woodmart2/elementor</link>
	<description>Just another WoodMart Dummy 2.0 Sites site</description>
	<pubDate>Wed, 11 Oct 2023 12:56:18 +0000</pubDate>
	<language>en-US</language>
	<wp:wxr_version>1.2</wp:wxr_version>
	<wp:base_site_url>https://dummy.xtemos.com/woodmart2/</wp:base_site_url>
	<wp:base_blog_url>https://dummy.xtemos.com/woodmart2/elementor</wp:base_blog_url>

		<wp:author><wp:author_id>2</wp:author_id><wp:author_login><![CDATA[Mr. Mackay]]></wp:author_login><wp:author_email><![CDATA[zak@asda.as]]></wp:author_email><wp:author_display_name><![CDATA[Mr. Mackay]]></wp:author_display_name><wp:author_first_name><![CDATA[sds]]></wp:author_first_name><wp:author_last_name><![CDATA[scssc]]></wp:author_last_name></wp:author>

					<wp:term>
			<wp:term_id>0</wp:term_id>
			<wp:term_taxonomy><![CDATA[]]></wp:term_taxonomy>
			<wp:term_slug><![CDATA[]]></wp:term_slug>
			<wp:term_parent><![CDATA[]]></wp:term_parent>
					</wp:term>
		
	<generator>https://wordpress.org/?v=6.2.2</generator>

					<item>
					<title><![CDATA[wood-logo-dark]]></title>
					<link>https://dummy.xtemos.com/woodmart2/elementor/wood-logo-dark/</link>
					<pubDate>Thu, 26 Aug 2021 12:45:05 +0000</pubDate>
					<dc:creator><![CDATA[Mr. Mackay]]></dc:creator>
					<guid isPermaLink="false">http://dummy.xtemos.com/woodmart2/elementor/wp-content/uploads/sites/2/2021/08/wood-logo-dark.svg</guid>
															<wp:post_id>113</wp:post_id>
					<wp:post_date><![CDATA[2021-08-26 12:45:05]]></wp:post_date>
					<wp:post_date_gmt><![CDATA[2021-08-26 12:45:05]]></wp:post_date_gmt>
					<wp:post_modified><![CDATA[2022-06-20 13:59:05]]></wp:post_modified>
					<wp:post_modified_gmt><![CDATA[2022-06-20 13:59:05]]></wp:post_modified_gmt>
					<wp:comment_status><![CDATA[open]]></wp:comment_status>
					<wp:post_name><![CDATA[wood-logo-dark]]></wp:post_name>
					<wp:status><![CDATA[inherit]]></wp:status>
					<wp:post_parent>0</wp:post_parent>
					<wp:menu_order>0</wp:menu_order>
					<wp:post_type><![CDATA[attachment]]></wp:post_type>
											<wp:attachment_url><![CDATA[http://dummy.xtemos.com/woodmart2/elementor/wp-content/uploads/sites/2/2021/08/wood-logo-dark.svg]]></wp:attachment_url>
																					<wp:postmeta>
							<wp:meta_key><![CDATA[_wp_attached_file]]></wp:meta_key>
							<wp:meta_value><![CDATA[2021/08/wood-logo-dark.svg]]></wp:meta_value>
						</wp:postmeta>
										</item>
								<item>
					<title><![CDATA[Footer 1 column Dark]]></title>
					<link>https://dummy.xtemos.com/woodmart2/elementor/?cms_block=footer-1-column-darck</link>
					<pubDate>Tue, 31 Aug 2021 13:41:48 +0000</pubDate>
					<dc:creator><![CDATA[Mr. Mackay]]></dc:creator>
					<guid isPermaLink="false">http://dummy.xtemos.com/woodmart2/elementor/?post_type=cms_block&#038;p=818</guid>
											<content:encoded><![CDATA[<a  href="#">
								<img  src="http://dummy.xtemos.com/woodmart2/elementor/wp-content/uploads/sites/2/2021/08/wood-logo-dark.svg" title="wood-logo-dark" width="220" height="30">							</a>
						<link rel="stylesheet" id="wd-text-block-css" href="https://dummy.xtemos.com/woodmart2/elementor/wp-content/themes/woodmart/css/parts/el-text-block.min.css?ver=7.3.2" type="text/css" media="all" /> 					
			<p>Condimentum adipiscing vel neque dis nam parturient orci at scelerisque neque dis nam parturient.</p>
						<link rel="stylesheet" id="wd-list-css" href="https://dummy.xtemos.com/woodmart2/elementor/wp-content/themes/woodmart/css/parts/el-list.min.css?ver=7.3.2" type="text/css" media="all" /> 					<ul>
											<li>
											<img  src="http://dummy.xtemos.com/woodmart2/elementor/wp-content/uploads/sites/2/2021/08/wd-cursor-dark.svg" title="wd-cursor-dark" width="14" height="14">					
						451 Wall Street, UK, London					
									</li>
											<li>
											<img  src="http://dummy.xtemos.com/woodmart2/elementor/wp-content/uploads/sites/2/2021/08/wd-phone-dark.svg" title="wd-phone-dark" width="14" height="14">					
						Phone: (064) 332-1233					
						<a  href="tel:%20(064)%20332-1233" aria-label="List item link"></a>
									</li>
											<li>
											<img  src="http://dummy.xtemos.com/woodmart2/elementor/wp-content/uploads/sites/2/2021/08/wd-envelope-dark.svg" title="wd-envelope-dark" width="14" height="14">					
						Fax: (099) 453-1357					
									</li>
					</ul>]]></content:encoded>
															<wp:post_id>818</wp:post_id>
					<wp:post_date><![CDATA[2021-08-31 13:41:48]]></wp:post_date>
					<wp:post_date_gmt><![CDATA[2021-08-31 13:41:48]]></wp:post_date_gmt>
					<wp:post_modified><![CDATA[2023-10-06 12:30:01]]></wp:post_modified>
					<wp:post_modified_gmt><![CDATA[2023-10-06 12:30:01]]></wp:post_modified_gmt>
					<wp:comment_status><![CDATA[closed]]></wp:comment_status>
					<wp:post_name><![CDATA[footer-1-column-darck]]></wp:post_name>
					<wp:status><![CDATA[publish]]></wp:status>
					<wp:post_parent>0</wp:post_parent>
					<wp:menu_order>0</wp:menu_order>
					<wp:post_type><![CDATA[cms_block]]></wp:post_type>
																					<wp:postmeta>
							<wp:meta_key><![CDATA[_wp_page_template]]></wp:meta_key>
							<wp:meta_value><![CDATA[default]]></wp:meta_value>
						</wp:postmeta>
												<wp:postmeta>
							<wp:meta_key><![CDATA[_elementor_edit_mode]]></wp:meta_key>
							<wp:meta_value><![CDATA[builder]]></wp:meta_value>
						</wp:postmeta>
												<wp:postmeta>
							<wp:meta_key><![CDATA[_elementor_template_type]]></wp:meta_key>
							<wp:meta_value><![CDATA[wp-post]]></wp:meta_value>
						</wp:postmeta>
												<wp:postmeta>
							<wp:meta_key><![CDATA[_elementor_version]]></wp:meta_key>
							<wp:meta_value><![CDATA[3.16.4]]></wp:meta_value>
						</wp:postmeta>
												<wp:postmeta>
							<wp:meta_key><![CDATA[_elementor_data]]></wp:meta_key>
							<wp:meta_value><![CDATA[[{"id":"45452fa","elType":"container","settings":{"flex_direction":"column","flex_align_items":"stretch","flex_gap":{"size":20,"column":"20","row":"20","unit":"px"},"scroll_y":-80},"elements":[{"id":"43a3ae5","elType":"widget","settings":{"image":{"url":"http:\/\/dummy.xtemos.com\/woodmart2\/elementor\/wp-content\/uploads\/sites\/2\/2021\/08\/wood-logo-dark.svg","id":113,"alt":"","source":"library"},"image_size":"custom","image_custom_dimension":{"width":"220","height":"30"},"on_click_action":"link","link":{"url":"#","is_external":false,"nofollow":false,"custom_attributes":""},"scroll_y":-80},"elements":[],"widgetType":"wd_image_or_svg"},{"id":"aec6db8","elType":"widget","settings":{"text":"<p>Condimentum adipiscing vel neque dis nam parturient orci at scelerisque neque dis nam parturient.<\/p>","scroll_y":-80},"elements":[],"widgetType":"wd_text_block"},{"id":"93c43cf","elType":"widget","settings":{"list_items":[{"list_content":"451 Wall Street, UK, London","_id":"80be36b","image":{"url":"http:\/\/dummy.xtemos.com\/woodmart2\/elementor\/wp-content\/uploads\/sites\/2\/2021\/08\/wd-cursor-dark.svg","id":824,"alt":"","source":"library"},"item_type":"image","image_size":"custom","image_custom_dimension":{"width":"14","height":"14"}},{"list_content":"Phone: (064) 332-1233","link":{"url":"tel: (064) 332-1233","is_external":false,"nofollow":false,"custom_attributes":""},"_id":"c383cf6","image":{"url":"http:\/\/dummy.xtemos.com\/woodmart2\/elementor\/wp-content\/uploads\/sites\/2\/2021\/08\/wd-phone-dark.svg","id":823,"alt":"","source":"library"},"item_type":"image","image_size":"custom","image_custom_dimension":{"width":"14","height":"14"}},{"list_content":"Fax: (099) 453-1357","_id":"a511145","image":{"url":"http:\/\/dummy.xtemos.com\/woodmart2\/elementor\/wp-content\/uploads\/sites\/2\/2021\/08\/wd-envelope-dark.svg","id":825,"alt":"","source":"library"},"item_type":"image","image_size":"custom","image_custom_dimension":{"width":"14","height":"14"}}],"list_type":"image","scroll_y":-80,"image_size":"custom","image_custom_dimension":{"width":"14","height":"14"},"list_items_gap":{"unit":"px","size":7,"sizes":[]}},"elements":[],"widgetType":"wd_list"}],"isInner":false}]]]></wp:meta_value>
						</wp:postmeta>
												<wp:postmeta>
							<wp:meta_key><![CDATA[_elementor_page_assets]]></wp:meta_key>
							<wp:meta_value><![CDATA[a:0:{}]]></wp:meta_value>
						</wp:postmeta>
												<wp:postmeta>
							<wp:meta_key><![CDATA[_elementor_controls_usage]]></wp:meta_key>
							<wp:meta_value><![CDATA[a:5:{s:15:"wd_image_or_svg";a:3:{s:5:"count";i:1;s:15:"control_percent";i:3;s:8:"controls";a:1:{s:7:"content";a:1:{s:23:"general_content_section";a:5:{s:5:"image";i:1;s:10:"image_size";i:1;s:22:"image_custom_dimension";i:1;s:15:"on_click_action";i:1;s:4:"link";i:1;}}}}s:13:"wd_text_block";a:3:{s:5:"count";i:1;s:15:"control_percent";i:1;s:8:"controls";a:1:{s:7:"content";a:1:{s:23:"general_content_section";a:1:{s:4:"text";i:1;}}}}s:7:"wd_list";a:3:{s:5:"count";i:1;s:15:"control_percent";i:3;s:8:"controls";a:2:{s:7:"content";a:2:{s:23:"general_content_section";a:1:{s:10:"list_items";i:1;}s:20:"icon_content_section";a:3:{s:9:"list_type";i:1;s:10:"image_size";i:1;s:22:"image_custom_dimension";i:1;}}s:5:"style";a:1:{s:21:"general_style_section";a:1:{s:14:"list_items_gap";i:1;}}}}s:6:"column";a:3:{s:5:"count";i:1;s:15:"control_percent";i:0;s:8:"controls";a:1:{s:6:"layout";a:1:{s:6:"layout";a:1:{s:12:"_inline_size";i:1;}}}}s:7:"section";a:3:{s:5:"count";i:1;s:15:"control_percent";i:0;s:8:"controls";a:0:{}}}]]></wp:meta_value>
						</wp:postmeta>
												<wp:postmeta>
							<wp:meta_key><![CDATA[_wp_page_template]]></wp:meta_key>
							<wp:meta_value><![CDATA[default]]></wp:meta_value>
						</wp:postmeta>
												<wp:postmeta>
							<wp:meta_key><![CDATA[_elementor_edit_mode]]></wp:meta_key>
							<wp:meta_value><![CDATA[builder]]></wp:meta_value>
						</wp:postmeta>
												<wp:postmeta>
							<wp:meta_key><![CDATA[_elementor_template_type]]></wp:meta_key>
							<wp:meta_value><![CDATA[wp-post]]></wp:meta_value>
						</wp:postmeta>
												<wp:postmeta>
							<wp:meta_key><![CDATA[_elementor_version]]></wp:meta_key>
							<wp:meta_value><![CDATA[3.16.4]]></wp:meta_value>
						</wp:postmeta>
												<wp:postmeta>
							<wp:meta_key><![CDATA[_elementor_data]]></wp:meta_key>
							<wp:meta_value><![CDATA[[{"id":"45452fa","elType":"container","settings":{"flex_direction":"column","flex_align_items":"stretch","flex_gap":{"size":20,"column":"20","row":"20","unit":"px"},"scroll_y":-80},"elements":[{"id":"43a3ae5","elType":"widget","settings":{"image":{"url":"http:\/\/dummy.xtemos.com\/woodmart2\/elementor\/wp-content\/uploads\/sites\/2\/2021\/08\/wood-logo-dark.svg","id":113,"alt":"","source":"library"},"image_size":"custom","image_custom_dimension":{"width":"220","height":"30"},"on_click_action":"link","link":{"url":"#","is_external":false,"nofollow":false,"custom_attributes":""},"scroll_y":-80},"elements":[],"widgetType":"wd_image_or_svg"},{"id":"aec6db8","elType":"widget","settings":{"text":"<p>Condimentum adipiscing vel neque dis nam parturient orci at scelerisque neque dis nam parturient.<\/p>","scroll_y":-80},"elements":[],"widgetType":"wd_text_block"},{"id":"93c43cf","elType":"widget","settings":{"list_items":[{"list_content":"451 Wall Street, UK, London","_id":"80be36b","image":{"url":"http:\/\/dummy.xtemos.com\/woodmart2\/elementor\/wp-content\/uploads\/sites\/2\/2021\/08\/wd-cursor-dark.svg","id":824,"alt":"","source":"library"},"item_type":"image","image_size":"custom","image_custom_dimension":{"width":"14","height":"14"}},{"list_content":"Phone: (064) 332-1233","link":{"url":"tel: (064) 332-1233","is_external":false,"nofollow":false,"custom_attributes":""},"_id":"c383cf6","image":{"url":"http:\/\/dummy.xtemos.com\/woodmart2\/elementor\/wp-content\/uploads\/sites\/2\/2021\/08\/wd-phone-dark.svg","id":823,"alt":"","source":"library"},"item_type":"image","image_size":"custom","image_custom_dimension":{"width":"14","height":"14"}},{"list_content":"Fax: (099) 453-1357","_id":"a511145","image":{"url":"http:\/\/dummy.xtemos.com\/woodmart2\/elementor\/wp-content\/uploads\/sites\/2\/2021\/08\/wd-envelope-dark.svg","id":825,"alt":"","source":"library"},"item_type":"image","image_size":"custom","image_custom_dimension":{"width":"14","height":"14"}}],"list_type":"image","scroll_y":-80,"image_size":"custom","image_custom_dimension":{"width":"14","height":"14"},"list_items_gap":{"unit":"px","size":7,"sizes":[]}},"elements":[],"widgetType":"wd_list"}],"isInner":false}]]]></wp:meta_value>
						</wp:postmeta>
												<wp:postmeta>
							<wp:meta_key><![CDATA[_elementor_page_assets]]></wp:meta_key>
							<wp:meta_value><![CDATA[a:0:{}]]></wp:meta_value>
						</wp:postmeta>
												<wp:postmeta>
							<wp:meta_key><![CDATA[_elementor_controls_usage]]></wp:meta_key>
							<wp:meta_value><![CDATA[a:5:{s:15:"wd_image_or_svg";a:3:{s:5:"count";i:1;s:15:"control_percent";i:3;s:8:"controls";a:1:{s:7:"content";a:1:{s:23:"general_content_section";a:5:{s:5:"image";i:1;s:10:"image_size";i:1;s:22:"image_custom_dimension";i:1;s:15:"on_click_action";i:1;s:4:"link";i:1;}}}}s:13:"wd_text_block";a:3:{s:5:"count";i:1;s:15:"control_percent";i:1;s:8:"controls";a:1:{s:7:"content";a:1:{s:23:"general_content_section";a:1:{s:4:"text";i:1;}}}}s:7:"wd_list";a:3:{s:5:"count";i:1;s:15:"control_percent";i:3;s:8:"controls";a:2:{s:7:"content";a:2:{s:23:"general_content_section";a:1:{s:10:"list_items";i:1;}s:20:"icon_content_section";a:3:{s:9:"list_type";i:1;s:10:"image_size";i:1;s:22:"image_custom_dimension";i:1;}}s:5:"style";a:1:{s:21:"general_style_section";a:1:{s:14:"list_items_gap";i:1;}}}}s:6:"column";a:3:{s:5:"count";i:1;s:15:"control_percent";i:0;s:8:"controls";a:1:{s:6:"layout";a:1:{s:6:"layout";a:1:{s:12:"_inline_size";i:1;}}}}s:7:"section";a:3:{s:5:"count";i:1;s:15:"control_percent";i:0;s:8:"controls";a:0:{}}}]]></wp:meta_value>
						</wp:postmeta>
										</item>
								<item>
					<title><![CDATA[fashion-testimon-2]]></title>
					<link>https://dummy.xtemos.com/woodmart2/elementor/home-fashion/fashion-testimon-2/</link>
					<pubDate>Wed, 01 Sep 2021 12:08:53 +0000</pubDate>
					<dc:creator><![CDATA[Mr. Mackay]]></dc:creator>
					<guid isPermaLink="false">http://dummy.xtemos.com/woodmart2/elementor/wp-content/uploads/sites/2/2021/09/fashion-testimon-2.jpg</guid>
															<wp:post_id>1018</wp:post_id>
					<wp:post_date><![CDATA[2021-09-01 12:08:53]]></wp:post_date>
					<wp:post_date_gmt><![CDATA[2021-09-01 12:08:53]]></wp:post_date_gmt>
					<wp:post_modified><![CDATA[2021-09-01 12:08:53]]></wp:post_modified>
					<wp:post_modified_gmt><![CDATA[2021-09-01 12:08:53]]></wp:post_modified_gmt>
					<wp:comment_status><![CDATA[open]]></wp:comment_status>
					<wp:post_name><![CDATA[fashion-testimon-2]]></wp:post_name>
					<wp:status><![CDATA[inherit]]></wp:status>
					<wp:post_parent>950</wp:post_parent>
					<wp:menu_order>0</wp:menu_order>
					<wp:post_type><![CDATA[attachment]]></wp:post_type>
											<wp:attachment_url><![CDATA[http://dummy.xtemos.com/woodmart2/elementor/wp-content/uploads/sites/2/2021/09/fashion-testimon-2.jpg]]></wp:attachment_url>
																					<wp:postmeta>
							<wp:meta_key><![CDATA[_wp_attached_file]]></wp:meta_key>
							<wp:meta_value><![CDATA[2021/09/fashion-testimon-2.jpg]]></wp:meta_value>
						</wp:postmeta>
										</item>
								<item>
					<title><![CDATA[cars-testimon-1]]></title>
					<link>https://dummy.xtemos.com/woodmart2/elementor/home-cars/cars-testimon-1/</link>
					<pubDate>Wed, 01 Sep 2021 16:34:43 +0000</pubDate>
					<dc:creator><![CDATA[Mr. Mackay]]></dc:creator>
					<guid isPermaLink="false">http://dummy.xtemos.com/woodmart2/elementor/wp-content/uploads/sites/2/2021/09/cars-testimon-1.jpg</guid>
															<wp:post_id>1292</wp:post_id>
					<wp:post_date><![CDATA[2021-09-01 16:34:43]]></wp:post_date>
					<wp:post_date_gmt><![CDATA[2021-09-01 16:34:43]]></wp:post_date_gmt>
					<wp:post_modified><![CDATA[2021-09-01 16:34:43]]></wp:post_modified>
					<wp:post_modified_gmt><![CDATA[2021-09-01 16:34:43]]></wp:post_modified_gmt>
					<wp:comment_status><![CDATA[open]]></wp:comment_status>
					<wp:post_name><![CDATA[cars-testimon-1]]></wp:post_name>
					<wp:status><![CDATA[inherit]]></wp:status>
					<wp:post_parent>1262</wp:post_parent>
					<wp:menu_order>0</wp:menu_order>
					<wp:post_type><![CDATA[attachment]]></wp:post_type>
											<wp:attachment_url><![CDATA[http://dummy.xtemos.com/woodmart2/elementor/wp-content/uploads/sites/2/2021/09/cars-testimon-1.jpg]]></wp:attachment_url>
																					<wp:postmeta>
							<wp:meta_key><![CDATA[_wp_attached_file]]></wp:meta_key>
							<wp:meta_value><![CDATA[2021/09/cars-testimon-1.jpg]]></wp:meta_value>
						</wp:postmeta>
										</item>
								<item>
					<title><![CDATA[cars-testimon-3]]></title>
					<link>https://dummy.xtemos.com/woodmart2/elementor/home-cars/cars-testimon-3/</link>
					<pubDate>Wed, 01 Sep 2021 16:35:10 +0000</pubDate>
					<dc:creator><![CDATA[Mr. Mackay]]></dc:creator>
					<guid isPermaLink="false">http://dummy.xtemos.com/woodmart2/elementor/wp-content/uploads/sites/2/2021/09/cars-testimon-3.jpg</guid>
															<wp:post_id>1293</wp:post_id>
					<wp:post_date><![CDATA[2021-09-01 16:35:10]]></wp:post_date>
					<wp:post_date_gmt><![CDATA[2021-09-01 16:35:10]]></wp:post_date_gmt>
					<wp:post_modified><![CDATA[2021-09-01 16:35:10]]></wp:post_modified>
					<wp:post_modified_gmt><![CDATA[2021-09-01 16:35:10]]></wp:post_modified_gmt>
					<wp:comment_status><![CDATA[open]]></wp:comment_status>
					<wp:post_name><![CDATA[cars-testimon-3]]></wp:post_name>
					<wp:status><![CDATA[inherit]]></wp:status>
					<wp:post_parent>1262</wp:post_parent>
					<wp:menu_order>0</wp:menu_order>
					<wp:post_type><![CDATA[attachment]]></wp:post_type>
											<wp:attachment_url><![CDATA[http://dummy.xtemos.com/woodmart2/elementor/wp-content/uploads/sites/2/2021/09/cars-testimon-3.jpg]]></wp:attachment_url>
																					<wp:postmeta>
							<wp:meta_key><![CDATA[_wp_attached_file]]></wp:meta_key>
							<wp:meta_value><![CDATA[2021/09/cars-testimon-3.jpg]]></wp:meta_value>
						</wp:postmeta>
										</item>
								<item>
					<title><![CDATA[Home Categories]]></title>
					<link>https://dummy.xtemos.com/woodmart2/elementor/home-categories/</link>
					<pubDate>Wed, 01 Sep 2021 16:39:49 +0000</pubDate>
					<dc:creator><![CDATA[Mr. Mackay]]></dc:creator>
					<guid isPermaLink="false">http://dummy.xtemos.com/woodmart2/elementor/?page_id=1300</guid>
											<content:encoded><![CDATA[<link rel="stylesheet" id="wd-categories-loop-default-css" href="https://dummy.xtemos.com/woodmart2/elementor/wp-content/themes/woodmart/css/parts/woo-categories-loop-default-old.min.css?ver=7.3.2" type="text/css" media="all" /> 						<link rel="stylesheet" id="wd-woo-categories-loop-layout-masonry-css" href="https://dummy.xtemos.com/woodmart2/elementor/wp-content/themes/woodmart/css/parts/woo-categories-loop-layout-masonry.min.css?ver=7.3.2" type="text/css" media="all" /> 						<link rel="stylesheet" id="wd-categories-loop-css" href="https://dummy.xtemos.com/woodmart2/elementor/wp-content/themes/woodmart/css/parts/woo-categories-loop-old.min.css?ver=7.3.2" type="text/css" media="all" /> 												
			<a href="https://dummy.xtemos.com/woodmart2/elementor/product-category/accessories/">
				<img width="430" height="430" src="http://dummy.xtemos.com/woodmart2/elementor/wp-content/uploads/sites/2/2021/08/cat-accessories.jpg" alt="" decoding="async" loading="lazy" srcset="https://dummy.xtemos.com/woodmart2/elementor/wp-content/uploads/sites/2/2021/08/cat-accessories.jpg 430w, https://dummy.xtemos.com/woodmart2/elementor/wp-content/uploads/sites/2/2021/08/cat-accessories-300x300.jpg 300w, https://dummy.xtemos.com/woodmart2/elementor/wp-content/uploads/sites/2/2021/08/cat-accessories-150x150.jpg 150w, https://dummy.xtemos.com/woodmart2/elementor/wp-content/uploads/sites/2/2021/08/cat-accessories-130x130.jpg 130w" sizes="(max-width: 430px) 100vw, 430px" />			</a>
			<h3>
				Accessories <mark>(4)</mark>			</h3>
							<a href="https://dummy.xtemos.com/woodmart2/elementor/product-category/accessories/">4 products</a>
				<a href="https://dummy.xtemos.com/woodmart2/elementor/product-category/accessories/" aria-label="Product category accessories"></a>
			<a href="https://dummy.xtemos.com/woodmart2/elementor/product-category/clocks/">
				<img width="430" height="430" src="http://dummy.xtemos.com/woodmart2/elementor/wp-content/uploads/sites/2/2021/08/cat-clocks.jpg" alt="" decoding="async" loading="lazy" srcset="https://dummy.xtemos.com/woodmart2/elementor/wp-content/uploads/sites/2/2021/08/cat-clocks.jpg 430w, https://dummy.xtemos.com/woodmart2/elementor/wp-content/uploads/sites/2/2021/08/cat-clocks-300x300.jpg 300w, https://dummy.xtemos.com/woodmart2/elementor/wp-content/uploads/sites/2/2021/08/cat-clocks-150x150.jpg 150w, https://dummy.xtemos.com/woodmart2/elementor/wp-content/uploads/sites/2/2021/08/cat-clocks-130x130.jpg 130w" sizes="(max-width: 430px) 100vw, 430px" />			</a>
			<h3>
				Clocks <mark>(1)</mark>			</h3>
							<a href="https://dummy.xtemos.com/woodmart2/elementor/product-category/clocks/">1 product</a>
				<a href="https://dummy.xtemos.com/woodmart2/elementor/product-category/clocks/" aria-label="Product category clocks"></a>
			<a href="https://dummy.xtemos.com/woodmart2/elementor/product-category/cooking/">
				<img width="800" height="800" src="http://dummy.xtemos.com/woodmart2/elementor/wp-content/uploads/sites/2/2021/08/cat-cooking-800x800.jpg" alt="" decoding="async" loading="lazy" srcset="https://dummy.xtemos.com/woodmart2/elementor/wp-content/uploads/sites/2/2021/08/cat-cooking-800x800.jpg 800w, https://dummy.xtemos.com/woodmart2/elementor/wp-content/uploads/sites/2/2021/08/cat-cooking-300x300.jpg 300w, https://dummy.xtemos.com/woodmart2/elementor/wp-content/uploads/sites/2/2021/08/cat-cooking-150x150.jpg 150w, https://dummy.xtemos.com/woodmart2/elementor/wp-content/uploads/sites/2/2021/08/cat-cooking-768x768.jpg 768w, https://dummy.xtemos.com/woodmart2/elementor/wp-content/uploads/sites/2/2021/08/cat-cooking-600x600.jpg 600w, https://dummy.xtemos.com/woodmart2/elementor/wp-content/uploads/sites/2/2021/08/cat-cooking-130x130.jpg 130w, https://dummy.xtemos.com/woodmart2/elementor/wp-content/uploads/sites/2/2021/08/cat-cooking.jpg 900w" sizes="(max-width: 800px) 100vw, 800px" />			</a>
			<h3>
				Cooking <mark>(2)</mark>			</h3>
							<a href="https://dummy.xtemos.com/woodmart2/elementor/product-category/cooking/">2 products</a>
				<a href="https://dummy.xtemos.com/woodmart2/elementor/product-category/cooking/" aria-label="Product category cooking"></a>
			<a href="https://dummy.xtemos.com/woodmart2/elementor/product-category/furniture/">
				<img width="800" height="800" src="http://dummy.xtemos.com/woodmart2/elementor/wp-content/uploads/sites/2/2021/08/cat-furniture-800x800.jpg" alt="" decoding="async" loading="lazy" srcset="https://dummy.xtemos.com/woodmart2/elementor/wp-content/uploads/sites/2/2021/08/cat-furniture-800x800.jpg 800w, https://dummy.xtemos.com/woodmart2/elementor/wp-content/uploads/sites/2/2021/08/cat-furniture-300x300.jpg 300w, https://dummy.xtemos.com/woodmart2/elementor/wp-content/uploads/sites/2/2021/08/cat-furniture-150x150.jpg 150w, https://dummy.xtemos.com/woodmart2/elementor/wp-content/uploads/sites/2/2021/08/cat-furniture-768x768.jpg 768w, https://dummy.xtemos.com/woodmart2/elementor/wp-content/uploads/sites/2/2021/08/cat-furniture-600x600.jpg 600w, https://dummy.xtemos.com/woodmart2/elementor/wp-content/uploads/sites/2/2021/08/cat-furniture-130x130.jpg 130w, https://dummy.xtemos.com/woodmart2/elementor/wp-content/uploads/sites/2/2021/08/cat-furniture.jpg 860w" sizes="(max-width: 800px) 100vw, 800px" />			</a>
			<h3>
				Furniture <mark>(7)</mark>			</h3>
							<a href="https://dummy.xtemos.com/woodmart2/elementor/product-category/furniture/">7 products</a>
				<a href="https://dummy.xtemos.com/woodmart2/elementor/product-category/furniture/" aria-label="Product category furniture"></a>
			<a href="https://dummy.xtemos.com/woodmart2/elementor/product-category/lighting/">
				<img width="430" height="430" src="http://dummy.xtemos.com/woodmart2/elementor/wp-content/uploads/sites/2/2021/08/cat-lighting.jpg" alt="" decoding="async" loading="lazy" srcset="https://dummy.xtemos.com/woodmart2/elementor/wp-content/uploads/sites/2/2021/08/cat-lighting.jpg 430w, https://dummy.xtemos.com/woodmart2/elementor/wp-content/uploads/sites/2/2021/08/cat-lighting-300x300.jpg 300w, https://dummy.xtemos.com/woodmart2/elementor/wp-content/uploads/sites/2/2021/08/cat-lighting-150x150.jpg 150w, https://dummy.xtemos.com/woodmart2/elementor/wp-content/uploads/sites/2/2021/08/cat-lighting-130x130.jpg 130w" sizes="(max-width: 430px) 100vw, 430px" />			</a>
			<h3>
				Lighting <mark>(1)</mark>			</h3>
							<a href="https://dummy.xtemos.com/woodmart2/elementor/product-category/lighting/">1 product</a>
				<a href="https://dummy.xtemos.com/woodmart2/elementor/product-category/lighting/" aria-label="Product category lighting"></a>
						<link rel="stylesheet" id="wd-owl-carousel-css" href="https://dummy.xtemos.com/woodmart2/elementor/wp-content/themes/woodmart/css/parts/lib-owl-carousel.min.css?ver=7.3.2" type="text/css" media="all" /> 						<link rel="stylesheet" id="wd-brands-css" href="https://dummy.xtemos.com/woodmart2/elementor/wp-content/themes/woodmart/css/parts/el-brand.min.css?ver=7.3.2" type="text/css" media="all" /> 					
							<a title="Vitra" href="https://dummy.xtemos.com/woodmart2/elementor/shop/?filter_brand=vitra">
																	<img width="180" height="100" src="http://dummy.xtemos.com/woodmart2/elementor/wp-content/uploads/sites/2/2021/10/brand-witra.png" alt="" decoding="async" loading="lazy" srcset="https://dummy.xtemos.com/woodmart2/elementor/wp-content/uploads/sites/2/2021/10/brand-witra.png 180w, https://dummy.xtemos.com/woodmart2/elementor/wp-content/uploads/sites/2/2021/10/brand-witra-130x72.png 130w" sizes="(max-width: 180px) 100vw, 180px" />															</a>
							<a title="Magisso" href="https://dummy.xtemos.com/woodmart2/elementor/shop/?filter_brand=magisso">
																	<img width="180" height="100" src="http://dummy.xtemos.com/woodmart2/elementor/wp-content/uploads/sites/2/2021/08/brand-Magisso.png" alt="" decoding="async" loading="lazy" srcset="https://dummy.xtemos.com/woodmart2/elementor/wp-content/uploads/sites/2/2021/08/brand-Magisso.png 180w, https://dummy.xtemos.com/woodmart2/elementor/wp-content/uploads/sites/2/2021/08/brand-Magisso-130x72.png 130w" sizes="(max-width: 180px) 100vw, 180px" />															</a>
							<a title="Louis Poulsen" href="https://dummy.xtemos.com/woodmart2/elementor/shop/?filter_brand=louis-poulsen">
																	<img width="180" height="100" src="http://dummy.xtemos.com/woodmart2/elementor/wp-content/uploads/sites/2/2021/08/brand-Louis-Poulsen.png" alt="" decoding="async" loading="lazy" srcset="https://dummy.xtemos.com/woodmart2/elementor/wp-content/uploads/sites/2/2021/08/brand-Louis-Poulsen.png 180w, https://dummy.xtemos.com/woodmart2/elementor/wp-content/uploads/sites/2/2021/08/brand-Louis-Poulsen-130x72.png 130w" sizes="(max-width: 180px) 100vw, 180px" />															</a>
							<a title="KLÖBER" href="https://dummy.xtemos.com/woodmart2/elementor/shop/?filter_brand=klober">
																	<img width="180" height="100" src="http://dummy.xtemos.com/woodmart2/elementor/wp-content/uploads/sites/2/2021/08/brand-klober.png" alt="" decoding="async" loading="lazy" srcset="https://dummy.xtemos.com/woodmart2/elementor/wp-content/uploads/sites/2/2021/08/brand-klober.png 180w, https://dummy.xtemos.com/woodmart2/elementor/wp-content/uploads/sites/2/2021/08/brand-klober-130x72.png 130w" sizes="(max-width: 180px) 100vw, 180px" />															</a>
							<a title="Joseph Joseph" href="https://dummy.xtemos.com/woodmart2/elementor/shop/?filter_brand=joseph-joseph">
																	<img width="180" height="100" src="http://dummy.xtemos.com/woodmart2/elementor/wp-content/uploads/sites/2/2021/08/brand-Joseph-Joseph.png" alt="" decoding="async" loading="lazy" srcset="https://dummy.xtemos.com/woodmart2/elementor/wp-content/uploads/sites/2/2021/08/brand-Joseph-Joseph.png 180w, https://dummy.xtemos.com/woodmart2/elementor/wp-content/uploads/sites/2/2021/08/brand-Joseph-Joseph-130x72.png 130w" sizes="(max-width: 180px) 100vw, 180px" />															</a>
							<a title="Hay" href="https://dummy.xtemos.com/woodmart2/elementor/shop/?filter_brand=hay">
																	<img width="180" height="100" src="http://dummy.xtemos.com/woodmart2/elementor/wp-content/uploads/sites/2/2021/08/brand-hay.png" alt="" decoding="async" loading="lazy" srcset="https://dummy.xtemos.com/woodmart2/elementor/wp-content/uploads/sites/2/2021/08/brand-hay.png 180w, https://dummy.xtemos.com/woodmart2/elementor/wp-content/uploads/sites/2/2021/08/brand-hay-130x72.png 130w" sizes="(max-width: 180px) 100vw, 180px" />															</a>
							<a title="Flos" href="https://dummy.xtemos.com/woodmart2/elementor/shop/?filter_brand=flos">
																	<img width="180" height="100" src="http://dummy.xtemos.com/woodmart2/elementor/wp-content/uploads/sites/2/2021/08/brand-flos.png" alt="" decoding="async" loading="lazy" srcset="https://dummy.xtemos.com/woodmart2/elementor/wp-content/uploads/sites/2/2021/08/brand-flos.png 180w, https://dummy.xtemos.com/woodmart2/elementor/wp-content/uploads/sites/2/2021/08/brand-flos-130x72.png 130w" sizes="(max-width: 180px) 100vw, 180px" />															</a>
							<a title="Eva Solo" href="https://dummy.xtemos.com/woodmart2/elementor/shop/?filter_brand=eva-solo">
																	<img width="180" height="100" src="http://dummy.xtemos.com/woodmart2/elementor/wp-content/uploads/sites/2/2021/08/brand-Eva-Solo.png" alt="" decoding="async" loading="lazy" srcset="https://dummy.xtemos.com/woodmart2/elementor/wp-content/uploads/sites/2/2021/08/brand-Eva-Solo.png 180w, https://dummy.xtemos.com/woodmart2/elementor/wp-content/uploads/sites/2/2021/08/brand-Eva-Solo-130x72.png 130w" sizes="(max-width: 180px) 100vw, 180px" />															</a>
							<a title="Alessi" href="https://dummy.xtemos.com/woodmart2/elementor/shop/?filter_brand=alessi">
																	<img width="180" height="100" src="http://dummy.xtemos.com/woodmart2/elementor/wp-content/uploads/sites/2/2021/08/brand-alessi.png" alt="" decoding="async" loading="lazy" srcset="https://dummy.xtemos.com/woodmart2/elementor/wp-content/uploads/sites/2/2021/08/brand-alessi.png 180w, https://dummy.xtemos.com/woodmart2/elementor/wp-content/uploads/sites/2/2021/08/brand-alessi-130x72.png 130w" sizes="(max-width: 180px) 100vw, 180px" />															</a>
						<link rel="stylesheet" id="wd-section-title-css" href="https://dummy.xtemos.com/woodmart2/elementor/wp-content/themes/woodmart/css/parts/el-section-title.min.css?ver=7.3.2" type="text/css" media="all" /> 					
				<h4>OUR PRODUCTS</h4> 
					Mauris tellus montes vestibulum dipiscing mi sociosqu erat a condimentum est arcu senectus sociosqu consequat.				
						<link rel="stylesheet" id="wd-tabs-css" href="https://dummy.xtemos.com/woodmart2/elementor/wp-content/themes/woodmart/css/parts/el-tabs.min.css?ver=7.3.2" type="text/css" media="all" /> 						<link rel="stylesheet" id="wd-product-tabs-css" href="https://dummy.xtemos.com/woodmart2/elementor/wp-content/themes/woodmart/css/parts/el-product-tabs.min.css?ver=7.3.2" type="text/css" media="all" /> 					
					<ul>
							<li data-atts="{&quot;layout&quot;:&quot;grid&quot;,&quot;pagination&quot;:&quot;more-btn&quot;,&quot;items_per_page&quot;:&quot;4&quot;,&quot;spacing&quot;:&quot;20&quot;,&quot;columns&quot;:{&quot;unit&quot;:&quot;px&quot;,&quot;size&quot;:4,&quot;sizes&quot;:[]},&quot;products_masonry&quot;:&quot;&quot;,&quot;products_different_sizes&quot;:&quot;&quot;,&quot;product_quantity&quot;:&quot;&quot;,&quot;product_hover&quot;:&quot;alt&quot;,&quot;sale_countdown&quot;:&quot;0&quot;,&quot;stretch_product_tablet&quot;:&quot;&quot;,&quot;stretch_product_mobile&quot;:&quot;&quot;,&quot;stock_progress_bar&quot;:&quot;0&quot;,&quot;highlighted_products&quot;:0,&quot;products_bordered_grid&quot;:&quot;0&quot;,&quot;products_bordered_grid_style&quot;:null,&quot;products_with_background&quot;:&quot;0&quot;,&quot;products_shadow&quot;:&quot;0&quot;,&quot;products_color_scheme&quot;:&quot;default&quot;,&quot;img_size&quot;:&quot;large&quot;,&quot;elementor&quot;:true,&quot;columns_tablet&quot;:{&quot;unit&quot;:&quot;px&quot;,&quot;size&quot;:&quot;&quot;,&quot;sizes&quot;:[]},&quot;columns_mobile&quot;:{&quot;unit&quot;:&quot;px&quot;,&quot;size&quot;:&quot;&quot;,&quot;sizes&quot;:[]},&quot;slides_per_view&quot;:null,&quot;slides_per_view_tablet&quot;:null,&quot;slides_per_view_mobile&quot;:null,&quot;scroll_per_page&quot;:null,&quot;hide_pagination_control&quot;:null,&quot;hide_prev_next_buttons&quot;:null,&quot;center_mode&quot;:null,&quot;wrap&quot;:null,&quot;autoplay&quot;:null,&quot;speed&quot;:null,&quot;img_size_custom&quot;:null,&quot;stretch_product&quot;:&quot;0&quot;,&quot;grid_gallery&quot;:&quot;&quot;,&quot;grid_gallery_control&quot;:null,&quot;grid_gallery_enable_arrows&quot;:null,&quot;lazy_loading&quot;:&quot;no&quot;,&quot;orderby&quot;:&quot;post__in&quot;,&quot;post_type&quot;:&quot;product&quot;,&quot;ajax_recently_viewed&quot;:null,&quot;include&quot;:null,&quot;taxonomies&quot;:&quot;&quot;,&quot;offset&quot;:&quot;&quot;,&quot;query_type&quot;:&quot;OR&quot;,&quot;order&quot;:&quot;&quot;,&quot;hide_out_of_stock&quot;:&quot;no&quot;,&quot;meta_key&quot;:null,&quot;exclude&quot;:&quot;&quot;}">
								<a href="#">
										BEST SELLER									
								</a>
							</li>
							<li data-atts="{&quot;layout&quot;:&quot;grid&quot;,&quot;pagination&quot;:&quot;more-btn&quot;,&quot;items_per_page&quot;:&quot;4&quot;,&quot;spacing&quot;:&quot;20&quot;,&quot;columns&quot;:{&quot;unit&quot;:&quot;px&quot;,&quot;size&quot;:4,&quot;sizes&quot;:[]},&quot;products_masonry&quot;:&quot;&quot;,&quot;products_different_sizes&quot;:&quot;&quot;,&quot;product_quantity&quot;:&quot;&quot;,&quot;product_hover&quot;:&quot;alt&quot;,&quot;sale_countdown&quot;:&quot;0&quot;,&quot;stretch_product_tablet&quot;:&quot;&quot;,&quot;stretch_product_mobile&quot;:&quot;&quot;,&quot;stock_progress_bar&quot;:&quot;0&quot;,&quot;highlighted_products&quot;:0,&quot;products_bordered_grid&quot;:&quot;0&quot;,&quot;products_bordered_grid_style&quot;:null,&quot;products_with_background&quot;:&quot;0&quot;,&quot;products_shadow&quot;:&quot;0&quot;,&quot;products_color_scheme&quot;:&quot;default&quot;,&quot;img_size&quot;:&quot;large&quot;,&quot;elementor&quot;:true,&quot;columns_tablet&quot;:{&quot;unit&quot;:&quot;px&quot;,&quot;size&quot;:&quot;&quot;,&quot;sizes&quot;:[]},&quot;columns_mobile&quot;:{&quot;unit&quot;:&quot;px&quot;,&quot;size&quot;:&quot;&quot;,&quot;sizes&quot;:[]},&quot;slides_per_view&quot;:null,&quot;slides_per_view_tablet&quot;:null,&quot;slides_per_view_mobile&quot;:null,&quot;scroll_per_page&quot;:null,&quot;hide_pagination_control&quot;:null,&quot;hide_prev_next_buttons&quot;:null,&quot;center_mode&quot;:null,&quot;wrap&quot;:null,&quot;autoplay&quot;:null,&quot;speed&quot;:null,&quot;img_size_custom&quot;:null,&quot;stretch_product&quot;:&quot;0&quot;,&quot;grid_gallery&quot;:&quot;&quot;,&quot;grid_gallery_control&quot;:null,&quot;grid_gallery_enable_arrows&quot;:null,&quot;lazy_loading&quot;:&quot;no&quot;,&quot;orderby&quot;:&quot;post__in&quot;,&quot;post_type&quot;:&quot;product&quot;,&quot;ajax_recently_viewed&quot;:null,&quot;include&quot;:null,&quot;taxonomies&quot;:&quot;&quot;,&quot;offset&quot;:&quot;&quot;,&quot;query_type&quot;:&quot;OR&quot;,&quot;order&quot;:&quot;&quot;,&quot;hide_out_of_stock&quot;:&quot;no&quot;,&quot;meta_key&quot;:null,&quot;exclude&quot;:&quot;&quot;}">
								<a href="#">
										FUTURED PRODUCTS									
								</a>
							</li>
							<li data-atts="{&quot;layout&quot;:&quot;grid&quot;,&quot;pagination&quot;:&quot;more-btn&quot;,&quot;items_per_page&quot;:&quot;4&quot;,&quot;spacing&quot;:&quot;20&quot;,&quot;columns&quot;:{&quot;unit&quot;:&quot;px&quot;,&quot;size&quot;:4,&quot;sizes&quot;:[]},&quot;products_masonry&quot;:&quot;&quot;,&quot;products_different_sizes&quot;:&quot;&quot;,&quot;product_quantity&quot;:&quot;&quot;,&quot;product_hover&quot;:&quot;alt&quot;,&quot;sale_countdown&quot;:&quot;0&quot;,&quot;stretch_product_tablet&quot;:&quot;&quot;,&quot;stretch_product_mobile&quot;:&quot;&quot;,&quot;stock_progress_bar&quot;:&quot;0&quot;,&quot;highlighted_products&quot;:0,&quot;products_bordered_grid&quot;:&quot;0&quot;,&quot;products_bordered_grid_style&quot;:null,&quot;products_with_background&quot;:&quot;0&quot;,&quot;products_shadow&quot;:&quot;0&quot;,&quot;products_color_scheme&quot;:&quot;default&quot;,&quot;img_size&quot;:&quot;large&quot;,&quot;elementor&quot;:true,&quot;columns_tablet&quot;:{&quot;unit&quot;:&quot;px&quot;,&quot;size&quot;:&quot;&quot;,&quot;sizes&quot;:[]},&quot;columns_mobile&quot;:{&quot;unit&quot;:&quot;px&quot;,&quot;size&quot;:&quot;&quot;,&quot;sizes&quot;:[]},&quot;slides_per_view&quot;:null,&quot;slides_per_view_tablet&quot;:null,&quot;slides_per_view_mobile&quot;:null,&quot;scroll_per_page&quot;:null,&quot;hide_pagination_control&quot;:null,&quot;hide_prev_next_buttons&quot;:null,&quot;center_mode&quot;:null,&quot;wrap&quot;:null,&quot;autoplay&quot;:null,&quot;speed&quot;:null,&quot;img_size_custom&quot;:null,&quot;stretch_product&quot;:&quot;0&quot;,&quot;grid_gallery&quot;:&quot;&quot;,&quot;grid_gallery_control&quot;:null,&quot;grid_gallery_enable_arrows&quot;:null,&quot;lazy_loading&quot;:&quot;no&quot;,&quot;post_type&quot;:&quot;sale&quot;,&quot;ajax_recently_viewed&quot;:null,&quot;include&quot;:null,&quot;taxonomies&quot;:&quot;&quot;,&quot;orderby&quot;:&quot;&quot;,&quot;offset&quot;:&quot;&quot;,&quot;query_type&quot;:&quot;OR&quot;,&quot;order&quot;:&quot;&quot;,&quot;hide_out_of_stock&quot;:&quot;no&quot;,&quot;meta_key&quot;:null,&quot;exclude&quot;:&quot;&quot;}">
								<a href="#">
										SALE PRODUCTS									
								</a>
							</li>
											</ul>
					<link rel="stylesheet" id="wd-product-loop-css" href="https://dummy.xtemos.com/woodmart2/elementor/wp-content/themes/woodmart/css/parts/woo-product-loop.min.css?ver=7.3.2" type="text/css" media="all" /> 						<link rel="stylesheet" id="wd-product-loop-alt-css" href="https://dummy.xtemos.com/woodmart2/elementor/wp-content/themes/woodmart/css/parts/woo-product-loop-alt.min.css?ver=7.3.2" type="text/css" media="all" /> 						<link rel="stylesheet" id="wd-woo-mod-swatches-base-css" href="https://dummy.xtemos.com/woodmart2/elementor/wp-content/themes/woodmart/css/parts/woo-mod-swatches-base.min.css?ver=7.3.2" type="text/css" media="all" /> 								
		<a href="https://dummy.xtemos.com/woodmart2/elementor/product/eames-lounge-chair/">
			<img width="700" height="800" src="http://dummy.xtemos.com/woodmart2/elementor/wp-content/uploads/sites/2/2021/08/eames-lounge-chair-1.jpg" alt="" decoding="async" loading="lazy" srcset="https://dummy.xtemos.com/woodmart2/elementor/wp-content/uploads/sites/2/2021/08/eames-lounge-chair-1.jpg 700w, https://dummy.xtemos.com/woodmart2/elementor/wp-content/uploads/sites/2/2021/08/eames-lounge-chair-1-263x300.jpg 263w, https://dummy.xtemos.com/woodmart2/elementor/wp-content/uploads/sites/2/2021/08/eames-lounge-chair-1-600x686.jpg 600w, https://dummy.xtemos.com/woodmart2/elementor/wp-content/uploads/sites/2/2021/08/eames-lounge-chair-1-130x149.jpg 130w, https://dummy.xtemos.com/woodmart2/elementor/wp-content/uploads/sites/2/2021/08/eames-lounge-chair-1-339x387.jpg 339w, https://dummy.xtemos.com/woodmart2/elementor/wp-content/uploads/sites/2/2021/08/eames-lounge-chair-1-300x343.jpg 300w, https://dummy.xtemos.com/woodmart2/elementor/wp-content/uploads/sites/2/2021/08/eames-lounge-chair-1-65x74.jpg 65w" sizes="(max-width: 700px) 100vw, 700px" />		</a>
				<a href="https://dummy.xtemos.com/woodmart2/elementor/product/eames-lounge-chair/">
					<img width="700" height="800" src="http://dummy.xtemos.com/woodmart2/elementor/wp-content/uploads/sites/2/2021/08/eames-lounge-chair-2.jpg" alt="" decoding="async" loading="lazy" srcset="https://dummy.xtemos.com/woodmart2/elementor/wp-content/uploads/sites/2/2021/08/eames-lounge-chair-2.jpg 700w, https://dummy.xtemos.com/woodmart2/elementor/wp-content/uploads/sites/2/2021/08/eames-lounge-chair-2-263x300.jpg 263w, https://dummy.xtemos.com/woodmart2/elementor/wp-content/uploads/sites/2/2021/08/eames-lounge-chair-2-600x686.jpg 600w, https://dummy.xtemos.com/woodmart2/elementor/wp-content/uploads/sites/2/2021/08/eames-lounge-chair-2-130x149.jpg 130w, https://dummy.xtemos.com/woodmart2/elementor/wp-content/uploads/sites/2/2021/08/eames-lounge-chair-2-339x387.jpg 339w, https://dummy.xtemos.com/woodmart2/elementor/wp-content/uploads/sites/2/2021/08/eames-lounge-chair-2-300x343.jpg 300w" sizes="(max-width: 700px) 100vw, 700px" />				</a>
			<a href="https://dummy.xtemos.com/woodmart2/elementor/compare/" data-id="232" rel="nofollow" data-added-text="Compare products">
				Compare
			</a>
								<link rel="stylesheet" id="wd-mfp-popup-css" href="https://dummy.xtemos.com/woodmart2/elementor/wp-content/themes/woodmart/css/parts/lib-magnific-popup.min.css?ver=7.3.2" type="text/css" media="all" /> 					
			<a
				href="https://dummy.xtemos.com/woodmart2/elementor/product/eames-lounge-chair/"
				class="open-quick-view quick-view-button"
				rel="nofollow"
				data-id="232"
				>Quick view</a>
				<a href="https://dummy.xtemos.com/woodmart2/elementor/wishlist/" data-key="c93f942215" data-product-id="232" rel="nofollow" data-added-text="Browse Wishlist">
					Add to wishlist
				</a>
			<h3><a href="https://dummy.xtemos.com/woodmart2/elementor/product/eames-lounge-chair/">Eames lounge chair</a></h3>					
			<a href="https://dummy.xtemos.com/woodmart2/elementor/product-category/furniture/" rel="tag">Furniture</a>		
	<bdi>&#36;399.00</bdi>
						<a href="?add-to-cart=232" data-quantity="1" data-product_id="232" data-product_sku="" aria-label="Add &ldquo;Eames lounge chair&rdquo; to your cart" aria-describedby="" rel="nofollow">Add to cart</a>					
		<a href="https://dummy.xtemos.com/woodmart2/elementor/product/classic-wooden-chair/">
			<img width="700" height="800" src="http://dummy.xtemos.com/woodmart2/elementor/wp-content/uploads/sites/2/2021/08/classic-wooden-chair-1-700x800.jpg" alt="" decoding="async" loading="lazy" srcset="https://dummy.xtemos.com/woodmart2/elementor/wp-content/uploads/sites/2/2021/08/classic-wooden-chair-1-700x800.jpg 700w, https://dummy.xtemos.com/woodmart2/elementor/wp-content/uploads/sites/2/2021/08/classic-wooden-chair-1-263x300.jpg 263w, https://dummy.xtemos.com/woodmart2/elementor/wp-content/uploads/sites/2/2021/08/classic-wooden-chair-1-768x878.jpg 768w, https://dummy.xtemos.com/woodmart2/elementor/wp-content/uploads/sites/2/2021/08/classic-wooden-chair-1-600x686.jpg 600w, https://dummy.xtemos.com/woodmart2/elementor/wp-content/uploads/sites/2/2021/08/classic-wooden-chair-1-130x149.jpg 130w, https://dummy.xtemos.com/woodmart2/elementor/wp-content/uploads/sites/2/2021/08/classic-wooden-chair-1-339x387.jpg 339w, https://dummy.xtemos.com/woodmart2/elementor/wp-content/uploads/sites/2/2021/08/classic-wooden-chair-1-65x74.jpg 65w, https://dummy.xtemos.com/woodmart2/elementor/wp-content/uploads/sites/2/2021/08/classic-wooden-chair-1-300x343.jpg 300w, https://dummy.xtemos.com/woodmart2/elementor/wp-content/uploads/sites/2/2021/08/classic-wooden-chair-1.jpg 1050w" sizes="(max-width: 700px) 100vw, 700px" />		</a>
				<a href="https://dummy.xtemos.com/woodmart2/elementor/product/classic-wooden-chair/">
					<img width="700" height="800" src="http://dummy.xtemos.com/woodmart2/elementor/wp-content/uploads/sites/2/2021/08/classic-wooden-chair-2-700x800.jpg" alt="" decoding="async" loading="lazy" srcset="https://dummy.xtemos.com/woodmart2/elementor/wp-content/uploads/sites/2/2021/08/classic-wooden-chair-2-700x800.jpg 700w, https://dummy.xtemos.com/woodmart2/elementor/wp-content/uploads/sites/2/2021/08/classic-wooden-chair-2-263x300.jpg 263w, https://dummy.xtemos.com/woodmart2/elementor/wp-content/uploads/sites/2/2021/08/classic-wooden-chair-2-768x878.jpg 768w, https://dummy.xtemos.com/woodmart2/elementor/wp-content/uploads/sites/2/2021/08/classic-wooden-chair-2-600x686.jpg 600w, https://dummy.xtemos.com/woodmart2/elementor/wp-content/uploads/sites/2/2021/08/classic-wooden-chair-2-130x149.jpg 130w, https://dummy.xtemos.com/woodmart2/elementor/wp-content/uploads/sites/2/2021/08/classic-wooden-chair-2-339x387.jpg 339w, https://dummy.xtemos.com/woodmart2/elementor/wp-content/uploads/sites/2/2021/08/classic-wooden-chair-2-300x343.jpg 300w, https://dummy.xtemos.com/woodmart2/elementor/wp-content/uploads/sites/2/2021/08/classic-wooden-chair-2.jpg 1050w" sizes="(max-width: 700px) 100vw, 700px" />				</a>
			<a href="https://dummy.xtemos.com/woodmart2/elementor/compare/" data-id="270" rel="nofollow" data-added-text="Compare products">
				Compare
			</a>
			<a
				href="https://dummy.xtemos.com/woodmart2/elementor/product/classic-wooden-chair/"
				class="open-quick-view quick-view-button"
				rel="nofollow"
				data-id="270"
				>Quick view</a>
				<a href="https://dummy.xtemos.com/woodmart2/elementor/wishlist/" data-key="c93f942215" data-product-id="270" rel="nofollow" data-added-text="Browse Wishlist">
					Add to wishlist
				</a>
			<h3><a href="https://dummy.xtemos.com/woodmart2/elementor/product/classic-wooden-chair/">Classic wooden chair</a></h3>					
			<a href="https://dummy.xtemos.com/woodmart2/elementor/product-category/furniture/" rel="tag">Furniture</a>		
	<bdi>&#36;299.00</bdi>
						<a href="?add-to-cart=270" data-quantity="1" data-product_id="270" data-product_sku="" aria-label="Add &ldquo;Classic wooden chair&rdquo; to your cart" aria-describedby="" rel="nofollow">Add to cart</a>					
		<a href="https://dummy.xtemos.com/woodmart2/elementor/product/wooden-single-drawer/">
			<img width="700" height="800" src="http://dummy.xtemos.com/woodmart2/elementor/wp-content/uploads/sites/2/2021/08/wooden-single-drawer-1.jpg" alt="" decoding="async" loading="lazy" srcset="https://dummy.xtemos.com/woodmart2/elementor/wp-content/uploads/sites/2/2021/08/wooden-single-drawer-1.jpg 700w, https://dummy.xtemos.com/woodmart2/elementor/wp-content/uploads/sites/2/2021/08/wooden-single-drawer-1-263x300.jpg 263w, https://dummy.xtemos.com/woodmart2/elementor/wp-content/uploads/sites/2/2021/08/wooden-single-drawer-1-600x686.jpg 600w, https://dummy.xtemos.com/woodmart2/elementor/wp-content/uploads/sites/2/2021/08/wooden-single-drawer-1-130x149.jpg 130w, https://dummy.xtemos.com/woodmart2/elementor/wp-content/uploads/sites/2/2021/08/wooden-single-drawer-1-65x74.jpg 65w" sizes="(max-width: 700px) 100vw, 700px" />		</a>
				<a href="https://dummy.xtemos.com/woodmart2/elementor/product/wooden-single-drawer/">
					<img width="700" height="800" src="http://dummy.xtemos.com/woodmart2/elementor/wp-content/uploads/sites/2/2021/08/wooden-single-drawer-2.jpg" alt="" decoding="async" loading="lazy" srcset="https://dummy.xtemos.com/woodmart2/elementor/wp-content/uploads/sites/2/2021/08/wooden-single-drawer-2.jpg 700w, https://dummy.xtemos.com/woodmart2/elementor/wp-content/uploads/sites/2/2021/08/wooden-single-drawer-2-263x300.jpg 263w, https://dummy.xtemos.com/woodmart2/elementor/wp-content/uploads/sites/2/2021/08/wooden-single-drawer-2-600x686.jpg 600w, https://dummy.xtemos.com/woodmart2/elementor/wp-content/uploads/sites/2/2021/08/wooden-single-drawer-2-130x149.jpg 130w" sizes="(max-width: 700px) 100vw, 700px" />				</a>
			<a href="https://dummy.xtemos.com/woodmart2/elementor/compare/" data-id="300" rel="nofollow" data-added-text="Compare products">
				Compare
			</a>
			<a
				href="https://dummy.xtemos.com/woodmart2/elementor/product/wooden-single-drawer/"
				class="open-quick-view quick-view-button"
				rel="nofollow"
				data-id="300"
				>Quick view</a>
				<a href="https://dummy.xtemos.com/woodmart2/elementor/wishlist/" data-key="c93f942215" data-product-id="300" rel="nofollow" data-added-text="Browse Wishlist">
					Add to wishlist
				</a>
			<h3><a href="https://dummy.xtemos.com/woodmart2/elementor/product/wooden-single-drawer/">Wooden single drawer</a></h3>					
			<a href="https://dummy.xtemos.com/woodmart2/elementor/product-category/furniture/" rel="tag">Furniture</a>		
	<bdi>&#36;89.00</bdi> &ndash; <bdi>&#36;299.00</bdi>
						<a href="https://dummy.xtemos.com/woodmart2/elementor/product/wooden-single-drawer/" data-quantity="1" data-product_id="300" data-product_sku="" aria-label="View products in the &ldquo;Wooden single drawer&rdquo; group" aria-describedby="" rel="nofollow">View products</a>					
		<a href="https://dummy.xtemos.com/woodmart2/elementor/product/smart-watches-wood-edition/">
			<img width="700" height="800" src="http://dummy.xtemos.com/woodmart2/elementor/wp-content/uploads/sites/2/2021/08/smart-watches-wood-edition-1.jpg" alt="" decoding="async" loading="lazy" srcset="https://dummy.xtemos.com/woodmart2/elementor/wp-content/uploads/sites/2/2021/08/smart-watches-wood-edition-1.jpg 700w, https://dummy.xtemos.com/woodmart2/elementor/wp-content/uploads/sites/2/2021/08/smart-watches-wood-edition-1-263x300.jpg 263w, https://dummy.xtemos.com/woodmart2/elementor/wp-content/uploads/sites/2/2021/08/smart-watches-wood-edition-1-600x686.jpg 600w, https://dummy.xtemos.com/woodmart2/elementor/wp-content/uploads/sites/2/2021/08/smart-watches-wood-edition-1-130x149.jpg 130w, https://dummy.xtemos.com/woodmart2/elementor/wp-content/uploads/sites/2/2021/08/smart-watches-wood-edition-1-65x74.jpg 65w" sizes="(max-width: 700px) 100vw, 700px" />		</a>
				<a href="https://dummy.xtemos.com/woodmart2/elementor/product/smart-watches-wood-edition/">
					<img width="700" height="800" src="http://dummy.xtemos.com/woodmart2/elementor/wp-content/uploads/sites/2/2021/08/smart-watches-wood-edition-2.jpg" alt="" decoding="async" loading="lazy" srcset="https://dummy.xtemos.com/woodmart2/elementor/wp-content/uploads/sites/2/2021/08/smart-watches-wood-edition-2.jpg 700w, https://dummy.xtemos.com/woodmart2/elementor/wp-content/uploads/sites/2/2021/08/smart-watches-wood-edition-2-263x300.jpg 263w, https://dummy.xtemos.com/woodmart2/elementor/wp-content/uploads/sites/2/2021/08/smart-watches-wood-edition-2-600x686.jpg 600w, https://dummy.xtemos.com/woodmart2/elementor/wp-content/uploads/sites/2/2021/08/smart-watches-wood-edition-2-130x149.jpg 130w" sizes="(max-width: 700px) 100vw, 700px" />				</a>
			<a href="https://dummy.xtemos.com/woodmart2/elementor/compare/" data-id="312" rel="nofollow" data-added-text="Compare products">
				Compare
			</a>
			<a
				href="https://dummy.xtemos.com/woodmart2/elementor/product/smart-watches-wood-edition/"
				class="open-quick-view quick-view-button"
				rel="nofollow"
				data-id="312"
				>Quick view</a>
				<a href="https://dummy.xtemos.com/woodmart2/elementor/wishlist/" data-key="c93f942215" data-product-id="312" rel="nofollow" data-added-text="Browse Wishlist">
					Add to wishlist
				</a>
			<h3><a href="https://dummy.xtemos.com/woodmart2/elementor/product/smart-watches-wood-edition/">Smart watches wood edition</a></h3>					
			<a href="https://dummy.xtemos.com/woodmart2/elementor/product-category/lighting/" rel="tag">Lighting</a>		
	<bdi>&#36;599.00</bdi>
						<a href="https://dummy.xtemos.com/woodmart2/elementor/product/smart-watches-wood-edition/" data-quantity="1" data-product_id="312" data-product_sku="" aria-label="Select options for &ldquo;Smart watches wood edition&rdquo;" aria-describedby="This product has multiple variants. The options may be chosen on the product page" rel="nofollow">Select options</a>					
						<link rel="stylesheet" id="wd-woo-mod-swatches-style-1-css" href="https://dummy.xtemos.com/woodmart2/elementor/wp-content/themes/woodmart/css/parts/woo-mod-swatches-style-1.min.css?ver=7.3.2" type="text/css" media="all" /> 						<link rel="stylesheet" id="wd-woo-mod-swatches-dis-1-css" href="https://dummy.xtemos.com/woodmart2/elementor/wp-content/themes/woodmart/css/parts/woo-mod-swatches-dis-style-1.min.css?ver=7.3.2" type="text/css" media="all" /> 						
					Beige				
					Black				
												<link rel="stylesheet" id="wd-load-more-button-css" href="https://dummy.xtemos.com/woodmart2/elementor/wp-content/themes/woodmart/css/parts/mod-load-more-button.min.css?ver=7.3.2" type="text/css" media="all" /> 								<a href="#" rel="nofollow noopener">Load more products</a>
					Loading...
					SUSPENDISSE IPSUM NISL CURAE				
				<h4>OUR NEW CATALOGUE: CHECK OUT OUR NEW THINGS</h4> 
						<link rel="stylesheet" id="wd-countdown-css" href="https://dummy.xtemos.com/woodmart2/elementor/wp-content/themes/woodmart/css/parts/el-countdown-timer.min.css?ver=7.3.2" type="text/css" media="all" /> 					
					0
						days					
					00
						hr					
					00
						min					
					00
						sc					
			<a  href="#">
					See the collection				
							</a>
						<link rel="stylesheet" id="wd-section-title-style-simple-and-brd-css" href="https://dummy.xtemos.com/woodmart2/elementor/wp-content/themes/woodmart/css/parts/el-section-title-style-simple-and-brd.min.css?ver=7.3.2" type="text/css" media="all" /> 					
				<h4>WHAT THEY SAY ABOUT US</h4> 
						<link rel="stylesheet" id="wd-mod-star-rating-css" href="https://dummy.xtemos.com/woodmart2/elementor/wp-content/themes/woodmart/css/parts/mod-star-rating.min.css?ver=7.3.2" type="text/css" media="all" /> 						<link rel="stylesheet" id="wd-testimonial-old-css" href="https://dummy.xtemos.com/woodmart2/elementor/wp-content/themes/woodmart/css/parts/el-testimonial-old.min.css?ver=7.3.2" type="text/css" media="all" /> 					
				<img src="http://dummy.xtemos.com/woodmart2/elementor/wp-content/uploads/sites/2/2021/09/cars-testimon-1-150x150.jpg">			
			Imperdiet a in a magna cursus tristique sed eros sed scelerisque purus netus ridiculus a gravida non fusce maecenas adipiscing suspendisse netus sed a rutrum odio nisi integer susp.
			<footer>
				Colombo Nicomede
						Happy Customer					
							</footer>
				<img src="http://dummy.xtemos.com/woodmart2/elementor/wp-content/uploads/sites/2/2021/09/fashion-testimon-2-150x150.jpg">			
			Fringilla iaculis ante torquent a diam a vestibulum diam nisi augue dictumst parturient a vestibulum tortor viverra inceptos adipiscing nec a ullamcorper.Ullamcorper aliquam rutrum.
			<footer>
				Elsa Nora
						Happy Customer					
							</footer>
				<img src="http://dummy.xtemos.com/woodmart2/elementor/wp-content/uploads/sites/2/2021/09/cars-testimon-3-150x150.jpg">			
			Faucibus nisi class consectetur habitant aenean id accumsan scelerisque libero nam sodales consequat nulla parturient hac a a nam condimentum. Accumsan a nunc lectus condimentum nasdiam.
			<footer>
				Walter Leone
						Happy Customer					
							</footer>
						<link rel="stylesheet" id="wd-instagram-css" href="https://dummy.xtemos.com/woodmart2/elementor/wp-content/themes/woodmart/css/parts/el-instagram.min.css?ver=7.3.2" type="text/css" media="all" /> 					
<h4 style="text-align: center;margin-bottom: 0"><strong>INSTAGRAM</strong></h4>
<h6 style="text-align: center;margin-bottom: 10px">@NAME_ACCOUNT</h6>
<p style="text-align: center">Lorem ipsum dolor sit amet, consectetur adipiscing elit, sed do eiusmod tempor.</p>
								<a href="https://www.instagram.com/eggcollective/" target="_self" aria-label="Instagram picture" rel="noopener"></a>
								<img width="150" height="150" src="http://dummy.xtemos.com/woodmart2/elementor/wp-content/uploads/sites/2/2021/09/categories-inst-1-150x150.jpg" alt="" decoding="async" loading="lazy" srcset="https://dummy.xtemos.com/woodmart2/elementor/wp-content/uploads/sites/2/2021/09/categories-inst-1-150x150.jpg 150w, https://dummy.xtemos.com/woodmart2/elementor/wp-content/uploads/sites/2/2021/09/categories-inst-1-300x300.jpg 300w, https://dummy.xtemos.com/woodmart2/elementor/wp-content/uploads/sites/2/2021/09/categories-inst-1-430x430.jpg 430w, https://dummy.xtemos.com/woodmart2/elementor/wp-content/uploads/sites/2/2021/09/categories-inst-1-130x130.jpg 130w, https://dummy.xtemos.com/woodmart2/elementor/wp-content/uploads/sites/2/2021/09/categories-inst-1.jpg 640w" sizes="(max-width: 150px) 100vw, 150px" />
								<a href="https://www.instagram.com/eggcollective/" target="_self" aria-label="Instagram picture" rel="noopener"></a>
								<img width="150" height="150" src="http://dummy.xtemos.com/woodmart2/elementor/wp-content/uploads/sites/2/2021/09/categories-inst-2-150x150.jpg" alt="" decoding="async" loading="lazy" srcset="https://dummy.xtemos.com/woodmart2/elementor/wp-content/uploads/sites/2/2021/09/categories-inst-2-150x150.jpg 150w, https://dummy.xtemos.com/woodmart2/elementor/wp-content/uploads/sites/2/2021/09/categories-inst-2-300x300.jpg 300w, https://dummy.xtemos.com/woodmart2/elementor/wp-content/uploads/sites/2/2021/09/categories-inst-2-430x430.jpg 430w, https://dummy.xtemos.com/woodmart2/elementor/wp-content/uploads/sites/2/2021/09/categories-inst-2-130x130.jpg 130w, https://dummy.xtemos.com/woodmart2/elementor/wp-content/uploads/sites/2/2021/09/categories-inst-2.jpg 640w" sizes="(max-width: 150px) 100vw, 150px" />
								<a href="https://www.instagram.com/eggcollective/" target="_self" aria-label="Instagram picture" rel="noopener"></a>
								<img width="150" height="150" src="http://dummy.xtemos.com/woodmart2/elementor/wp-content/uploads/sites/2/2021/09/categories-inst-3-150x150.jpg" alt="" decoding="async" loading="lazy" srcset="https://dummy.xtemos.com/woodmart2/elementor/wp-content/uploads/sites/2/2021/09/categories-inst-3-150x150.jpg 150w, https://dummy.xtemos.com/woodmart2/elementor/wp-content/uploads/sites/2/2021/09/categories-inst-3-300x300.jpg 300w, https://dummy.xtemos.com/woodmart2/elementor/wp-content/uploads/sites/2/2021/09/categories-inst-3-430x430.jpg 430w, https://dummy.xtemos.com/woodmart2/elementor/wp-content/uploads/sites/2/2021/09/categories-inst-3-130x130.jpg 130w, https://dummy.xtemos.com/woodmart2/elementor/wp-content/uploads/sites/2/2021/09/categories-inst-3.jpg 640w" sizes="(max-width: 150px) 100vw, 150px" />
								<a href="https://www.instagram.com/eggcollective/" target="_self" aria-label="Instagram picture" rel="noopener"></a>
								<img width="150" height="150" src="http://dummy.xtemos.com/woodmart2/elementor/wp-content/uploads/sites/2/2021/09/categories-inst-4-150x150.jpg" alt="" decoding="async" loading="lazy" srcset="https://dummy.xtemos.com/woodmart2/elementor/wp-content/uploads/sites/2/2021/09/categories-inst-4-150x150.jpg 150w, https://dummy.xtemos.com/woodmart2/elementor/wp-content/uploads/sites/2/2021/09/categories-inst-4-300x300.jpg 300w, https://dummy.xtemos.com/woodmart2/elementor/wp-content/uploads/sites/2/2021/09/categories-inst-4-430x430.jpg 430w, https://dummy.xtemos.com/woodmart2/elementor/wp-content/uploads/sites/2/2021/09/categories-inst-4-130x130.jpg 130w, https://dummy.xtemos.com/woodmart2/elementor/wp-content/uploads/sites/2/2021/09/categories-inst-4.jpg 640w" sizes="(max-width: 150px) 100vw, 150px" />
								<a href="https://www.instagram.com/eggcollective/" target="_self" aria-label="Instagram picture" rel="noopener"></a>
								<img width="150" height="150" src="http://dummy.xtemos.com/woodmart2/elementor/wp-content/uploads/sites/2/2021/09/categories-inst-5-150x150.jpg" alt="" decoding="async" loading="lazy" srcset="https://dummy.xtemos.com/woodmart2/elementor/wp-content/uploads/sites/2/2021/09/categories-inst-5-150x150.jpg 150w, https://dummy.xtemos.com/woodmart2/elementor/wp-content/uploads/sites/2/2021/09/categories-inst-5-300x300.jpg 300w, https://dummy.xtemos.com/woodmart2/elementor/wp-content/uploads/sites/2/2021/09/categories-inst-5-430x430.jpg 430w, https://dummy.xtemos.com/woodmart2/elementor/wp-content/uploads/sites/2/2021/09/categories-inst-5-130x130.jpg 130w, https://dummy.xtemos.com/woodmart2/elementor/wp-content/uploads/sites/2/2021/09/categories-inst-5.jpg 640w" sizes="(max-width: 150px) 100vw, 150px" />
								<a href="https://www.instagram.com/eggcollective/" target="_self" aria-label="Instagram picture" rel="noopener"></a>
								<img width="150" height="150" src="http://dummy.xtemos.com/woodmart2/elementor/wp-content/uploads/sites/2/2021/09/categories-inst-6-150x150.jpg" alt="" decoding="async" loading="lazy" srcset="https://dummy.xtemos.com/woodmart2/elementor/wp-content/uploads/sites/2/2021/09/categories-inst-6-150x150.jpg 150w, https://dummy.xtemos.com/woodmart2/elementor/wp-content/uploads/sites/2/2021/09/categories-inst-6-300x300.jpg 300w, https://dummy.xtemos.com/woodmart2/elementor/wp-content/uploads/sites/2/2021/09/categories-inst-6-430x430.jpg 430w, https://dummy.xtemos.com/woodmart2/elementor/wp-content/uploads/sites/2/2021/09/categories-inst-6-130x130.jpg 130w, https://dummy.xtemos.com/woodmart2/elementor/wp-content/uploads/sites/2/2021/09/categories-inst-6.jpg 640w" sizes="(max-width: 150px) 100vw, 150px" />]]></content:encoded>
															<wp:post_id>1300</wp:post_id>
					<wp:post_date><![CDATA[2021-09-01 16:39:49]]></wp:post_date>
					<wp:post_date_gmt><![CDATA[2021-09-01 16:39:49]]></wp:post_date_gmt>
					<wp:post_modified><![CDATA[2023-10-11 12:55:16]]></wp:post_modified>
					<wp:post_modified_gmt><![CDATA[2023-10-11 12:55:16]]></wp:post_modified_gmt>
					<wp:comment_status><![CDATA[closed]]></wp:comment_status>
					<wp:post_name><![CDATA[home-categories]]></wp:post_name>
					<wp:status><![CDATA[publish]]></wp:status>
					<wp:post_parent>0</wp:post_parent>
					<wp:menu_order>0</wp:menu_order>
					<wp:post_type><![CDATA[page]]></wp:post_type>
																					<wp:postmeta>
							<wp:meta_key><![CDATA[_woodmart_whb_header]]></wp:meta_key>
							<wp:meta_value><![CDATA[none]]></wp:meta_value>
						</wp:postmeta>
												<wp:postmeta>
							<wp:meta_key><![CDATA[_woodmart_title_off]]></wp:meta_key>
							<wp:meta_value><![CDATA[on]]></wp:meta_value>
						</wp:postmeta>
												<wp:postmeta>
							<wp:meta_key><![CDATA[_woodmart_title_image]]></wp:meta_key>
							<wp:meta_value><![CDATA[a:2:{s:3:"url";s:0:"";s:2:"id";s:0:"";}]]></wp:meta_value>
						</wp:postmeta>
												<wp:postmeta>
							<wp:meta_key><![CDATA[_woodmart_page-title-size]]></wp:meta_key>
							<wp:meta_value><![CDATA[inherit]]></wp:meta_value>
						</wp:postmeta>
												<wp:postmeta>
							<wp:meta_key><![CDATA[_woodmart_main_layout]]></wp:meta_key>
							<wp:meta_value><![CDATA[full-width]]></wp:meta_value>
						</wp:postmeta>
												<wp:postmeta>
							<wp:meta_key><![CDATA[_woodmart_prefooter_off]]></wp:meta_key>
							<wp:meta_value><![CDATA[on]]></wp:meta_value>
						</wp:postmeta>
												<wp:postmeta>
							<wp:meta_key><![CDATA[_elementor_edit_mode]]></wp:meta_key>
							<wp:meta_value><![CDATA[builder]]></wp:meta_value>
						</wp:postmeta>
												<wp:postmeta>
							<wp:meta_key><![CDATA[_elementor_template_type]]></wp:meta_key>
							<wp:meta_value><![CDATA[wp-page]]></wp:meta_value>
						</wp:postmeta>
												<wp:postmeta>
							<wp:meta_key><![CDATA[_elementor_version]]></wp:meta_key>
							<wp:meta_value><![CDATA[3.16.4]]></wp:meta_value>
						</wp:postmeta>
												<wp:postmeta>
							<wp:meta_key><![CDATA[_wp_page_template]]></wp:meta_key>
							<wp:meta_value><![CDATA[default]]></wp:meta_value>
						</wp:postmeta>
												<wp:postmeta>
							<wp:meta_key><![CDATA[_elementor_data]]></wp:meta_key>
							<wp:meta_value><![CDATA[[{"id":"1f6aeae","elType":"container","settings":{"flex_gap":{"size":null,"column":"","row":"","unit":"px","isLinked":true},"margin":{"unit":"px","top":"-40","right":"0","bottom":"50","left":"0","isLinked":""},"margin_tablet":{"unit":"px","top":"-40","right":"0","bottom":"30","left":"0","isLinked":""},"flex_direction":"column","flex_align_items":"stretch","scroll_y":-80},"elements":[{"id":"806a965","elType":"widget","settings":{"order":"ASC","style":"masonry-first","categories_design":"default","spacing":"20","number":"5","ids":[""],"scroll_y":"-80"},"elements":[],"widgetType":"wd_product_categories"}],"isInner":false},{"id":"ac49c84","elType":"container","settings":{"margin":{"unit":"px","top":"0","right":"0","bottom":"55","left":"0","isLinked":""},"flex_direction":"column","flex_align_items":"stretch","flex_gap":{"size":null,"column":"","row":"","unit":"px","isLinked":true},"scroll_y":-80,"margin_tablet":{"unit":"px","top":"0","right":"0","bottom":"35","left":"0","isLinked":false},"margin_mobile":{"unit":"px","top":"0","right":"0","bottom":"15","left":"0","isLinked":false}},"elements":[{"id":"f6b3d22","elType":"widget","settings":{"hover":"alt","slides_per_view":{"size":"7","unit":"px","sizes":[]},"hide_pagination_control":"yes","hide_prev_next_buttons":"yes","scroll_y":"-80"},"elements":[],"widgetType":"wd_products_brands"}],"isInner":false},{"id":"f663b62","elType":"container","settings":{"margin":{"unit":"px","top":"0","right":"0","bottom":"80","left":"0","isLinked":""},"flex_direction":"column","flex_align_items":"stretch","flex_gap":{"size":null,"column":"","row":"","unit":"px","isLinked":true},"margin_tablet":{"unit":"px","top":"0","right":"0","bottom":"60","left":"0","isLinked":false},"margin_mobile":{"unit":"px","top":"0","right":"0","bottom":"40","left":"0","isLinked":false},"scroll_y":-80},"elements":[{"id":"e4c41af","elType":"widget","settings":{"subtitle":"","after_title":"Mauris tellus montes vestibulum dipiscing mi sociosqu erat a condimentum est arcu senectus sociosqu consequat.","image_size":"custom","width":{"size":450,"unit":"px"},"size":"large","title":"OUR PRODUCTS","width_tablet":{"unit":"px","size":"","sizes":[]},"width_mobile":{"unit":"px","size":"","sizes":[]},"scroll_y":"-80"},"elements":[],"widgetType":"wd_title"},{"id":"920e223","elType":"widget","settings":{"title":"","color":"#65b32e","tabs_items":[{"_id":"6447573","image_size":"custom","title":"BEST SELLER","items_per_page":"4","pagination":"more-btn","product_hover":"alt","columns":{"size":"4","unit":"px","sizes":[]},"spacing":"20","orderby":"post__in"},{"_id":"8870219","image_size":"custom","title":"FUTURED PRODUCTS","items_per_page":"4","pagination":"arrows","product_hover":"alt","columns":{"size":"4","unit":"px","sizes":[]},"spacing":"20","orderby":"post__in"},{"_id":"7117910","image_size":"custom","title":"SALE PRODUCTS","post_type":"sale","items_per_page":"4","pagination":"arrows","product_hover":"alt","columns":{"size":"4","unit":"px","sizes":[]},"spacing":"20"}],"scroll_y":"-80","items_per_page":"4","pagination":"more-btn","product_hover":"alt"},"elements":[],"widgetType":"wd_products_tabs"}],"isInner":false},{"id":"4a8789a","elType":"container","settings":{"wd_section_stretch":"stretch","background_background":"classic","background_image":{"id":1308,"url":"http:\/\/dummy.xtemos.com\/woodmart2\/elementor\/wp-content\/uploads\/sites\/2\/2021\/09\/categories-bg.jpg","alt":"","source":"library"},"background_size":"cover","background_repeat":"no-repeat","margin":{"unit":"px","top":"0","right":"0","bottom":"80","left":"0","isLinked":""},"padding":{"unit":"px","top":"140","right":"15","bottom":"140","left":"15","isLinked":""},"padding_mobile":{"unit":"px","top":"100","right":"15","bottom":"100","left":"15","isLinked":""},"background_position":"center center","flex_direction":"column","flex_align_items":"stretch","flex_gap":{"size":null,"column":"","row":"","unit":"px","isLinked":true},"margin_tablet":{"unit":"px","top":"0","right":"0","bottom":"60","left":"0","isLinked":false},"margin_mobile":{"unit":"px","top":"0","right":"0","bottom":"40","left":"0","isLinked":false},"padding_tablet":{"unit":"px","top":"120","right":"15","bottom":"120","left":"15","isLinked":false},"scroll_y":-80},"elements":[{"id":"c62e3a0","elType":"widget","settings":{"subtitle":"SUSPENDISSE IPSUM NISL CURAE","after_title":"","image_size":"custom","size":"large","title":"OUR NEW CATALOGUE: CHECK OUT OUR NEW THINGS","scroll_y":"-80","width":{"unit":"px","size":532,"sizes":[]},"width_tablet":{"unit":"px","size":326,"sizes":[]},"width_mobile":{"unit":"px","size":293,"sizes":[]},"_margin":{"unit":"px","top":"0","right":"0","bottom":"-5","left":"0","isLinked":false}},"elements":[],"widgetType":"wd_title"},{"id":"6285245","elType":"widget","settings":{"woodmart_color_scheme":"dark","size":"large","style":"transparent","date":"2024-01-01 00:00","scroll_y":"-80"},"elements":[],"widgetType":"wd_countdown_timer"},{"id":"9702846","elType":"widget","settings":{"color":"primary","style":"round","text":"See the collection","scroll_y":"-80"},"elements":[],"widgetType":"wd_button"}],"isInner":false},{"id":"0169e1a","elType":"container","settings":{"content_position":"middle","structure":"20","margin":{"unit":"px","top":"0","right":"0","bottom":"35","left":"0","isLinked":""},"flex_direction":"row","flex_align_items":"center","flex_gap":{"size":null,"column":"","row":"","unit":"px","isLinked":true},"scroll_y":-80},"elements":[{"id":"c7fb854","elType":"container","settings":{"_column_size":"50","margin_mobile":{"unit":"px","top":"0","right":"0","bottom":"20","left":"0","isLinked":""},"column_sticky_offset":"50","scroll_y":"-80","content_width":"full"},"elements":[{"id":"6477ff4","elType":"widget","settings":{"subtitle":"","after_title":"","image_size":"custom","style":"simple","title":"WHAT THEY SAY ABOUT US","scroll_y":"-80"},"elements":[],"widgetType":"wd_title"},{"id":"d883e8f","elType":"widget","settings":{"slides_per_view":{"size":"1","unit":"px","sizes":[]},"hide_pagination_control":"yes","items_repeater":[{"_id":"2946197","name":"Colombo Nicomede","title":"Happy Customer","image":{"url":"http:\/\/dummy.xtemos.com\/woodmart2\/elementor\/wp-content\/uploads\/sites\/2\/2021\/09\/cars-testimon-1.jpg","id":1292,"alt":"","source":"library"},"content":"Imperdiet a in a magna cursus tristique sed eros sed scelerisque purus netus ridiculus a gravida non fusce maecenas adipiscing suspendisse netus sed a rutrum odio nisi integer susp."},{"_id":"8277418","name":"Elsa Nora","title":"Happy Customer","image":{"url":"http:\/\/dummy.xtemos.com\/woodmart2\/elementor\/wp-content\/uploads\/sites\/2\/2021\/09\/fashion-testimon-2.jpg","id":1018,"alt":"","source":"library"},"content":"Fringilla iaculis ante torquent a diam a vestibulum diam nisi augue dictumst parturient a vestibulum tortor viverra inceptos adipiscing nec a ullamcorper.Ullamcorper aliquam rutrum."},{"_id":"9151107","name":"Walter Leone","title":"Happy Customer","image":{"url":"http:\/\/dummy.xtemos.com\/woodmart2\/elementor\/wp-content\/uploads\/sites\/2\/2021\/09\/cars-testimon-3.jpg","id":1293,"alt":"","source":"library"},"content":"Faucibus nisi class consectetur habitant aenean id accumsan scelerisque\u00a0libero nam sodales consequat nulla parturient hac a a nam condimentum. Accumsan a nunc lectus condimentum nasdiam."}],"_padding":{"unit":"%","top":"0","right":"10","bottom":"0","left":"10","isLinked":""},"_css_classes":"text-larger","scroll_y":"-80"},"elements":[],"widgetType":"wd_testimonials"}],"isInner":true},{"id":"c857f0e","elType":"container","settings":{"_column_size":"50","column_sticky_offset":"50","scroll_y":"-80","content_width":"full"},"elements":[{"id":"ce5145b","elType":"widget","settings":{"data_source":"images","size":"large","per_row":{"size":"3","unit":"px","sizes":[]},"spacing":"1","hide_mask":"1","username":"ifurnholic_catalog","number":{"size":"6","unit":"px","sizes":[]},"content":"\r\n<h4 style=\"text-align: center;margin-bottom: 0\"><strong>INSTAGRAM<\/strong><\/h4>\r\n<h6 style=\"text-align: center;margin-bottom: 10px\"><span style=\"color: #c4c4c4\">@NAME_ACCOUNT<\/span><\/h6>\r\n<p style=\"text-align: center\">Lorem ipsum dolor sit amet, consectetur adipiscing elit, sed do eiusmod tempor.<\/p>\r\n","scroll_y":"-80","images_size":"thumbnail","images_likes":"1000-10000","images_comments":"0-1000","images":[{"id":1309,"url":"http:\/\/dummy.xtemos.com\/woodmart2\/elementor\/wp-content\/uploads\/sites\/2\/2021\/09\/categories-inst-1.jpg"},{"id":1310,"url":"http:\/\/dummy.xtemos.com\/woodmart2\/elementor\/wp-content\/uploads\/sites\/2\/2021\/09\/categories-inst-2.jpg"},{"id":1311,"url":"http:\/\/dummy.xtemos.com\/woodmart2\/elementor\/wp-content\/uploads\/sites\/2\/2021\/09\/categories-inst-3.jpg"},{"id":1312,"url":"http:\/\/dummy.xtemos.com\/woodmart2\/elementor\/wp-content\/uploads\/sites\/2\/2021\/09\/categories-inst-4.jpg"},{"id":1313,"url":"http:\/\/dummy.xtemos.com\/woodmart2\/elementor\/wp-content\/uploads\/sites\/2\/2021\/09\/categories-inst-5.jpg"},{"id":1314,"url":"http:\/\/dummy.xtemos.com\/woodmart2\/elementor\/wp-content\/uploads\/sites\/2\/2021\/09\/categories-inst-6.jpg"}],"images_link":"https:\/\/www.instagram.com\/eggcollective\/","per_row_tablet":{"unit":"px","size":3,"sizes":[]}},"elements":[],"widgetType":"wd_instagram"}],"isInner":true}],"isInner":false}]]]></wp:meta_value>
						</wp:postmeta>
												<wp:postmeta>
							<wp:meta_key><![CDATA[_elementor_page_assets]]></wp:meta_key>
							<wp:meta_value><![CDATA[a:0:{}]]></wp:meta_value>
						</wp:postmeta>
												<wp:postmeta>
							<wp:meta_key><![CDATA[_elementor_controls_usage]]></wp:meta_key>
							<wp:meta_value><![CDATA[a:10:{s:21:"wd_product_categories";a:3:{s:5:"count";i:1;s:15:"control_percent";i:4;s:8:"controls";a:3:{s:7:"content";a:1:{s:23:"general_content_section";a:3:{s:5:"order";i:1;s:6:"number";i:1;s:3:"ids";i:1;}}s:5:"style";a:2:{s:20:"layout_style_section";a:2:{s:5:"style";i:1;s:7:"spacing";i:1;}s:20:"design_style_section";a:1:{s:17:"categories_design";i:1;}}s:8:"advanced";a:1:{s:8:"wd_extra";a:1:{s:8:"scroll_y";i:1;}}}}s:6:"column";a:3:{s:5:"count";i:6;s:15:"control_percent";i:1;s:8:"controls";a:1:{s:8:"advanced";a:1:{s:8:"wd_extra";a:2:{s:20:"column_sticky_offset";i:6;s:8:"scroll_y";i:6;}}}}s:7:"section";a:3:{s:5:"count";i:5;s:15:"control_percent";i:1;s:8:"controls";a:3:{s:6:"layout";a:3:{s:14:"section_layout";a:2:{s:3:"gap";i:1;s:16:"content_position";i:1;}s:15:"wd_extra_layout";a:1:{s:18:"wd_section_stretch";i:1;}s:17:"section_structure";a:1:{s:9:"structure";i:1;}}s:8:"advanced";a:1:{s:16:"section_advanced";a:2:{s:6:"margin";i:5;s:7:"padding";i:1;}}s:5:"style";a:1:{s:18:"section_background";a:5:{s:21:"background_background";i:1;s:16:"background_image";i:1;s:15:"background_size";i:1;s:17:"background_repeat";i:1;s:19:"background_position";i:1;}}}}s:18:"wd_products_brands";a:3:{s:5:"count";i:1;s:15:"control_percent";i:3;s:8:"controls";a:2:{s:5:"style";a:2:{s:21:"general_style_section";a:1:{s:5:"hover";i:1;}s:22:"carousel_style_section";a:3:{s:15:"slides_per_view";i:1;s:23:"hide_pagination_control";i:1;s:22:"hide_prev_next_buttons";i:1;}}s:8:"advanced";a:1:{s:8:"wd_extra";a:1:{s:8:"scroll_y";i:1;}}}}s:8:"wd_title";a:3:{s:5:"count";i:3;s:15:"control_percent";i:3;s:8:"controls";a:3:{s:7:"content";a:1:{s:23:"general_content_section";a:3:{s:8:"subtitle";i:3;s:11:"after_title";i:3;s:5:"title";i:3;}}s:5:"style";a:2:{s:19:"title_style_section";a:1:{s:10:"image_size";i:3;}s:21:"general_style_section";a:3:{s:5:"width";i:2;s:4:"size";i:2;s:5:"style";i:1;}}s:8:"advanced";a:2:{s:8:"wd_extra";a:1:{s:8:"scroll_y";i:3;}s:14:"_section_style";a:1:{s:7:"_margin";i:1;}}}}s:16:"wd_products_tabs";a:3:{s:5:"count";i:1;s:15:"control_percent";i:4;s:8:"controls";a:3:{s:7:"content";a:2:{s:23:"general_content_section";a:1:{s:5:"title";i:1;}s:20:"tabs_content_section";a:1:{s:10:"tabs_items";i:1;}}s:5:"style";a:3:{s:21:"heading_style_section";a:1:{s:5:"color";i:1;}s:29:"products_layout_style_section";a:2:{s:14:"items_per_page";i:1;s:10:"pagination";i:1;}s:29:"products_design_style_section";a:1:{s:13:"product_hover";i:1;}}s:8:"advanced";a:1:{s:8:"wd_extra";a:1:{s:8:"scroll_y";i:1;}}}}s:18:"wd_countdown_timer";a:3:{s:5:"count";i:1;s:15:"control_percent";i:3;s:8:"controls";a:3:{s:5:"style";a:1:{s:21:"general_style_section";a:3:{s:21:"woodmart_color_scheme";i:1;s:4:"size";i:1;s:5:"style";i:1;}}s:7:"content";a:1:{s:23:"general_content_section";a:1:{s:4:"date";i:1;}}s:8:"advanced";a:1:{s:8:"wd_extra";a:1:{s:8:"scroll_y";i:1;}}}}s:9:"wd_button";a:3:{s:5:"count";i:1;s:15:"control_percent";i:2;s:8:"controls";a:3:{s:5:"style";a:1:{s:21:"general_style_section";a:2:{s:5:"color";i:1;s:5:"style";i:1;}}s:7:"content";a:1:{s:23:"general_content_section";a:1:{s:4:"text";i:1;}}s:8:"advanced";a:1:{s:8:"wd_extra";a:1:{s:8:"scroll_y";i:1;}}}}s:15:"wd_testimonials";a:3:{s:5:"count";i:1;s:15:"control_percent";i:4;s:8:"controls";a:3:{s:5:"style";a:2:{s:21:"general_style_section";a:1:{s:12:"stars_rating";i:1;}s:22:"carousel_style_section";a:2:{s:15:"slides_per_view";i:1;s:23:"hide_pagination_control";i:1;}}s:7:"content";a:1:{s:23:"general_content_section";a:1:{s:14:"items_repeater";i:1;}}s:8:"advanced";a:2:{s:14:"_section_style";a:2:{s:8:"_padding";i:1;s:12:"_css_classes";i:1;}s:8:"wd_extra";a:1:{s:8:"scroll_y";i:1;}}}}s:12:"wd_instagram";a:3:{s:5:"count";i:1;s:15:"control_percent";i:6;s:8:"controls";a:3:{s:7:"content";a:3:{s:23:"general_content_section";a:3:{s:11:"data_source";i:1;s:4:"size";i:1;s:8:"username";i:1;}s:15:"content_section";a:1:{s:7:"content";i:1;}s:14:"images_section";a:2:{s:6:"images";i:1;s:11:"images_link";i:1;}}s:5:"style";a:1:{s:22:"layout_content_section";a:4:{s:7:"per_row";i:1;s:7:"spacing";i:1;s:9:"hide_mask";i:1;s:6:"number";i:1;}}s:8:"advanced";a:1:{s:8:"wd_extra";a:1:{s:8:"scroll_y";i:1;}}}}}]]></wp:meta_value>
						</wp:postmeta>
										</item>
								<item>
					<title><![CDATA[categories-bg]]></title>
					<link>https://dummy.xtemos.com/woodmart2/elementor/home-categories/categories-bg/</link>
					<pubDate>Wed, 01 Sep 2021 16:43:50 +0000</pubDate>
					<dc:creator><![CDATA[Mr. Mackay]]></dc:creator>
					<guid isPermaLink="false">http://dummy.xtemos.com/woodmart2/elementor/wp-content/uploads/sites/2/2021/09/categories-bg.jpg</guid>
															<wp:post_id>1308</wp:post_id>
					<wp:post_date><![CDATA[2021-09-01 16:43:50]]></wp:post_date>
					<wp:post_date_gmt><![CDATA[2021-09-01 16:43:50]]></wp:post_date_gmt>
					<wp:post_modified><![CDATA[2021-09-01 16:43:50]]></wp:post_modified>
					<wp:post_modified_gmt><![CDATA[2021-09-01 16:43:50]]></wp:post_modified_gmt>
					<wp:comment_status><![CDATA[open]]></wp:comment_status>
					<wp:post_name><![CDATA[categories-bg]]></wp:post_name>
					<wp:status><![CDATA[inherit]]></wp:status>
					<wp:post_parent>1300</wp:post_parent>
					<wp:menu_order>0</wp:menu_order>
					<wp:post_type><![CDATA[attachment]]></wp:post_type>
											<wp:attachment_url><![CDATA[http://dummy.xtemos.com/woodmart2/elementor/wp-content/uploads/sites/2/2021/09/categories-bg.jpg]]></wp:attachment_url>
																					<wp:postmeta>
							<wp:meta_key><![CDATA[_wp_attached_file]]></wp:meta_key>
							<wp:meta_value><![CDATA[2021/09/categories-bg.jpg]]></wp:meta_value>
						</wp:postmeta>
										</item>
								<item>
					<title><![CDATA[categories-inst-1]]></title>
					<link>https://dummy.xtemos.com/woodmart2/elementor/home-categories/categories-inst-1/</link>
					<pubDate>Wed, 01 Sep 2021 16:45:17 +0000</pubDate>
					<dc:creator><![CDATA[Mr. Mackay]]></dc:creator>
					<guid isPermaLink="false">http://dummy.xtemos.com/woodmart2/elementor/wp-content/uploads/sites/2/2021/09/categories-inst-1.jpg</guid>
															<wp:post_id>1309</wp:post_id>
					<wp:post_date><![CDATA[2021-09-01 16:45:17]]></wp:post_date>
					<wp:post_date_gmt><![CDATA[2021-09-01 16:45:17]]></wp:post_date_gmt>
					<wp:post_modified><![CDATA[2021-09-01 16:45:17]]></wp:post_modified>
					<wp:post_modified_gmt><![CDATA[2021-09-01 16:45:17]]></wp:post_modified_gmt>
					<wp:comment_status><![CDATA[open]]></wp:comment_status>
					<wp:post_name><![CDATA[categories-inst-1]]></wp:post_name>
					<wp:status><![CDATA[inherit]]></wp:status>
					<wp:post_parent>1300</wp:post_parent>
					<wp:menu_order>0</wp:menu_order>
					<wp:post_type><![CDATA[attachment]]></wp:post_type>
											<wp:attachment_url><![CDATA[http://dummy.xtemos.com/woodmart2/elementor/wp-content/uploads/sites/2/2021/09/categories-inst-1.jpg]]></wp:attachment_url>
																					<wp:postmeta>
							<wp:meta_key><![CDATA[_wp_attached_file]]></wp:meta_key>
							<wp:meta_value><![CDATA[2021/09/categories-inst-1.jpg]]></wp:meta_value>
						</wp:postmeta>
										</item>
								<item>
					<title><![CDATA[categories-inst-2]]></title>
					<link>https://dummy.xtemos.com/woodmart2/elementor/home-categories/categories-inst-2/</link>
					<pubDate>Wed, 01 Sep 2021 16:45:19 +0000</pubDate>
					<dc:creator><![CDATA[Mr. Mackay]]></dc:creator>
					<guid isPermaLink="false">http://dummy.xtemos.com/woodmart2/elementor/wp-content/uploads/sites/2/2021/09/categories-inst-2.jpg</guid>
															<wp:post_id>1310</wp:post_id>
					<wp:post_date><![CDATA[2021-09-01 16:45:19]]></wp:post_date>
					<wp:post_date_gmt><![CDATA[2021-09-01 16:45:19]]></wp:post_date_gmt>
					<wp:post_modified><![CDATA[2021-09-01 16:45:19]]></wp:post_modified>
					<wp:post_modified_gmt><![CDATA[2021-09-01 16:45:19]]></wp:post_modified_gmt>
					<wp:comment_status><![CDATA[open]]></wp:comment_status>
					<wp:post_name><![CDATA[categories-inst-2]]></wp:post_name>
					<wp:status><![CDATA[inherit]]></wp:status>
					<wp:post_parent>1300</wp:post_parent>
					<wp:menu_order>0</wp:menu_order>
					<wp:post_type><![CDATA[attachment]]></wp:post_type>
											<wp:attachment_url><![CDATA[http://dummy.xtemos.com/woodmart2/elementor/wp-content/uploads/sites/2/2021/09/categories-inst-2.jpg]]></wp:attachment_url>
																					<wp:postmeta>
							<wp:meta_key><![CDATA[_wp_attached_file]]></wp:meta_key>
							<wp:meta_value><![CDATA[2021/09/categories-inst-2.jpg]]></wp:meta_value>
						</wp:postmeta>
										</item>
								<item>
					<title><![CDATA[categories-inst-3]]></title>
					<link>https://dummy.xtemos.com/woodmart2/elementor/home-categories/categories-inst-3/</link>
					<pubDate>Wed, 01 Sep 2021 16:45:20 +0000</pubDate>
					<dc:creator><![CDATA[Mr. Mackay]]></dc:creator>
					<guid isPermaLink="false">http://dummy.xtemos.com/woodmart2/elementor/wp-content/uploads/sites/2/2021/09/categories-inst-3.jpg</guid>
															<wp:post_id>1311</wp:post_id>
					<wp:post_date><![CDATA[2021-09-01 16:45:20]]></wp:post_date>
					<wp:post_date_gmt><![CDATA[2021-09-01 16:45:20]]></wp:post_date_gmt>
					<wp:post_modified><![CDATA[2021-09-01 16:45:20]]></wp:post_modified>
					<wp:post_modified_gmt><![CDATA[2021-09-01 16:45:20]]></wp:post_modified_gmt>
					<wp:comment_status><![CDATA[open]]></wp:comment_status>
					<wp:post_name><![CDATA[categories-inst-3]]></wp:post_name>
					<wp:status><![CDATA[inherit]]></wp:status>
					<wp:post_parent>1300</wp:post_parent>
					<wp:menu_order>0</wp:menu_order>
					<wp:post_type><![CDATA[attachment]]></wp:post_type>
											<wp:attachment_url><![CDATA[http://dummy.xtemos.com/woodmart2/elementor/wp-content/uploads/sites/2/2021/09/categories-inst-3.jpg]]></wp:attachment_url>
																					<wp:postmeta>
							<wp:meta_key><![CDATA[_wp_attached_file]]></wp:meta_key>
							<wp:meta_value><![CDATA[2021/09/categories-inst-3.jpg]]></wp:meta_value>
						</wp:postmeta>
										</item>
								<item>
					<title><![CDATA[categories-inst-4]]></title>
					<link>https://dummy.xtemos.com/woodmart2/elementor/home-categories/categories-inst-4/</link>
					<pubDate>Wed, 01 Sep 2021 16:45:22 +0000</pubDate>
					<dc:creator><![CDATA[Mr. Mackay]]></dc:creator>
					<guid isPermaLink="false">http://dummy.xtemos.com/woodmart2/elementor/wp-content/uploads/sites/2/2021/09/categories-inst-4.jpg</guid>
															<wp:post_id>1312</wp:post_id>
					<wp:post_date><![CDATA[2021-09-01 16:45:22]]></wp:post_date>
					<wp:post_date_gmt><![CDATA[2021-09-01 16:45:22]]></wp:post_date_gmt>
					<wp:post_modified><![CDATA[2021-09-01 16:45:22]]></wp:post_modified>
					<wp:post_modified_gmt><![CDATA[2021-09-01 16:45:22]]></wp:post_modified_gmt>
					<wp:comment_status><![CDATA[open]]></wp:comment_status>
					<wp:post_name><![CDATA[categories-inst-4]]></wp:post_name>
					<wp:status><![CDATA[inherit]]></wp:status>
					<wp:post_parent>1300</wp:post_parent>
					<wp:menu_order>0</wp:menu_order>
					<wp:post_type><![CDATA[attachment]]></wp:post_type>
											<wp:attachment_url><![CDATA[http://dummy.xtemos.com/woodmart2/elementor/wp-content/uploads/sites/2/2021/09/categories-inst-4.jpg]]></wp:attachment_url>
																					<wp:postmeta>
							<wp:meta_key><![CDATA[_wp_attached_file]]></wp:meta_key>
							<wp:meta_value><![CDATA[2021/09/categories-inst-4.jpg]]></wp:meta_value>
						</wp:postmeta>
										</item>
								<item>
					<title><![CDATA[categories-inst-5]]></title>
					<link>https://dummy.xtemos.com/woodmart2/elementor/home-categories/categories-inst-5/</link>
					<pubDate>Wed, 01 Sep 2021 16:45:24 +0000</pubDate>
					<dc:creator><![CDATA[Mr. Mackay]]></dc:creator>
					<guid isPermaLink="false">http://dummy.xtemos.com/woodmart2/elementor/wp-content/uploads/sites/2/2021/09/categories-inst-5.jpg</guid>
															<wp:post_id>1313</wp:post_id>
					<wp:post_date><![CDATA[2021-09-01 16:45:24]]></wp:post_date>
					<wp:post_date_gmt><![CDATA[2021-09-01 16:45:24]]></wp:post_date_gmt>
					<wp:post_modified><![CDATA[2021-09-01 16:45:24]]></wp:post_modified>
					<wp:post_modified_gmt><![CDATA[2021-09-01 16:45:24]]></wp:post_modified_gmt>
					<wp:comment_status><![CDATA[open]]></wp:comment_status>
					<wp:post_name><![CDATA[categories-inst-5]]></wp:post_name>
					<wp:status><![CDATA[inherit]]></wp:status>
					<wp:post_parent>1300</wp:post_parent>
					<wp:menu_order>0</wp:menu_order>
					<wp:post_type><![CDATA[attachment]]></wp:post_type>
											<wp:attachment_url><![CDATA[http://dummy.xtemos.com/woodmart2/elementor/wp-content/uploads/sites/2/2021/09/categories-inst-5.jpg]]></wp:attachment_url>
																					<wp:postmeta>
							<wp:meta_key><![CDATA[_wp_attached_file]]></wp:meta_key>
							<wp:meta_value><![CDATA[2021/09/categories-inst-5.jpg]]></wp:meta_value>
						</wp:postmeta>
										</item>
								<item>
					<title><![CDATA[categories-inst-6]]></title>
					<link>https://dummy.xtemos.com/woodmart2/elementor/home-categories/categories-inst-6/</link>
					<pubDate>Wed, 01 Sep 2021 16:45:26 +0000</pubDate>
					<dc:creator><![CDATA[Mr. Mackay]]></dc:creator>
					<guid isPermaLink="false">http://dummy.xtemos.com/woodmart2/elementor/wp-content/uploads/sites/2/2021/09/categories-inst-6.jpg</guid>
															<wp:post_id>1314</wp:post_id>
					<wp:post_date><![CDATA[2021-09-01 16:45:26]]></wp:post_date>
					<wp:post_date_gmt><![CDATA[2021-09-01 16:45:26]]></wp:post_date_gmt>
					<wp:post_modified><![CDATA[2021-09-01 16:45:26]]></wp:post_modified>
					<wp:post_modified_gmt><![CDATA[2021-09-01 16:45:26]]></wp:post_modified_gmt>
					<wp:comment_status><![CDATA[open]]></wp:comment_status>
					<wp:post_name><![CDATA[categories-inst-6]]></wp:post_name>
					<wp:status><![CDATA[inherit]]></wp:status>
					<wp:post_parent>1300</wp:post_parent>
					<wp:menu_order>0</wp:menu_order>
					<wp:post_type><![CDATA[attachment]]></wp:post_type>
											<wp:attachment_url><![CDATA[http://dummy.xtemos.com/woodmart2/elementor/wp-content/uploads/sites/2/2021/09/categories-inst-6.jpg]]></wp:attachment_url>
																					<wp:postmeta>
							<wp:meta_key><![CDATA[_wp_attached_file]]></wp:meta_key>
							<wp:meta_value><![CDATA[2021/09/categories-inst-6.jpg]]></wp:meta_value>
						</wp:postmeta>
										</item>
								<item>
					<title><![CDATA[wd-phone-dark]]></title>
					<link>https://dummy.xtemos.com/woodmart2/elementor/wd-phone-dark/</link>
					<pubDate>Tue, 31 Aug 2021 13:45:43 +0000</pubDate>
					<dc:creator><![CDATA[Mr. Mackay]]></dc:creator>
					<guid isPermaLink="false">http://dummy.xtemos.com/woodmart2/elementor/wp-content/uploads/sites/2/2021/08/wd-phone-dark.svg</guid>
															<wp:post_id>823</wp:post_id>
					<wp:post_date><![CDATA[2021-08-31 13:45:43]]></wp:post_date>
					<wp:post_date_gmt><![CDATA[2021-08-31 13:45:43]]></wp:post_date_gmt>
					<wp:post_modified><![CDATA[2022-06-20 13:59:05]]></wp:post_modified>
					<wp:post_modified_gmt><![CDATA[2022-06-20 13:59:05]]></wp:post_modified_gmt>
					<wp:comment_status><![CDATA[open]]></wp:comment_status>
					<wp:post_name><![CDATA[wd-phone-dark]]></wp:post_name>
					<wp:status><![CDATA[inherit]]></wp:status>
					<wp:post_parent>0</wp:post_parent>
					<wp:menu_order>0</wp:menu_order>
					<wp:post_type><![CDATA[attachment]]></wp:post_type>
											<wp:attachment_url><![CDATA[http://dummy.xtemos.com/woodmart2/elementor/wp-content/uploads/sites/2/2021/08/wd-phone-dark.svg]]></wp:attachment_url>
																					<wp:postmeta>
							<wp:meta_key><![CDATA[_wp_attached_file]]></wp:meta_key>
							<wp:meta_value><![CDATA[2021/08/wd-phone-dark.svg]]></wp:meta_value>
						</wp:postmeta>
										</item>
								<item>
					<title><![CDATA[wd-cursor-dark]]></title>
					<link>https://dummy.xtemos.com/woodmart2/elementor/wd-cursor-dark/</link>
					<pubDate>Tue, 31 Aug 2021 13:45:44 +0000</pubDate>
					<dc:creator><![CDATA[Mr. Mackay]]></dc:creator>
					<guid isPermaLink="false">http://dummy.xtemos.com/woodmart2/elementor/wp-content/uploads/sites/2/2021/08/wd-cursor-dark.svg</guid>
															<wp:post_id>824</wp:post_id>
					<wp:post_date><![CDATA[2021-08-31 13:45:44]]></wp:post_date>
					<wp:post_date_gmt><![CDATA[2021-08-31 13:45:44]]></wp:post_date_gmt>
					<wp:post_modified><![CDATA[2022-06-20 13:59:05]]></wp:post_modified>
					<wp:post_modified_gmt><![CDATA[2022-06-20 13:59:05]]></wp:post_modified_gmt>
					<wp:comment_status><![CDATA[open]]></wp:comment_status>
					<wp:post_name><![CDATA[wd-cursor-dark]]></wp:post_name>
					<wp:status><![CDATA[inherit]]></wp:status>
					<wp:post_parent>0</wp:post_parent>
					<wp:menu_order>0</wp:menu_order>
					<wp:post_type><![CDATA[attachment]]></wp:post_type>
											<wp:attachment_url><![CDATA[http://dummy.xtemos.com/woodmart2/elementor/wp-content/uploads/sites/2/2021/08/wd-cursor-dark.svg]]></wp:attachment_url>
																					<wp:postmeta>
							<wp:meta_key><![CDATA[_wp_attached_file]]></wp:meta_key>
							<wp:meta_value><![CDATA[2021/08/wd-cursor-dark.svg]]></wp:meta_value>
						</wp:postmeta>
										</item>
								<item>
					<title><![CDATA[wd-envelope-dark]]></title>
					<link>https://dummy.xtemos.com/woodmart2/elementor/wd-envelope-dark/</link>
					<pubDate>Tue, 31 Aug 2021 13:45:45 +0000</pubDate>
					<dc:creator><![CDATA[Mr. Mackay]]></dc:creator>
					<guid isPermaLink="false">http://dummy.xtemos.com/woodmart2/elementor/wp-content/uploads/sites/2/2021/08/wd-envelope-dark.svg</guid>
															<wp:post_id>825</wp:post_id>
					<wp:post_date><![CDATA[2021-08-31 13:45:45]]></wp:post_date>
					<wp:post_date_gmt><![CDATA[2021-08-31 13:45:45]]></wp:post_date_gmt>
					<wp:post_modified><![CDATA[2022-06-20 13:59:05]]></wp:post_modified>
					<wp:post_modified_gmt><![CDATA[2022-06-20 13:59:05]]></wp:post_modified_gmt>
					<wp:comment_status><![CDATA[open]]></wp:comment_status>
					<wp:post_name><![CDATA[wd-envelope-dark]]></wp:post_name>
					<wp:status><![CDATA[inherit]]></wp:status>
					<wp:post_parent>0</wp:post_parent>
					<wp:menu_order>0</wp:menu_order>
					<wp:post_type><![CDATA[attachment]]></wp:post_type>
											<wp:attachment_url><![CDATA[http://dummy.xtemos.com/woodmart2/elementor/wp-content/uploads/sites/2/2021/08/wd-envelope-dark.svg]]></wp:attachment_url>
																					<wp:postmeta>
							<wp:meta_key><![CDATA[_wp_attached_file]]></wp:meta_key>
							<wp:meta_value><![CDATA[2021/08/wd-envelope-dark.svg]]></wp:meta_value>
						</wp:postmeta>
										</item>
				</channel>
</rss>
	