{
    "name": "Header Christmas Overlap",
    "id": "header_931103",
    "structure": {
        "id": "root",
        "type": "root",
        "content": [
            {
                "id": "top-bar",
                "type": "row",
                "content": [
                    {
                        "id": "column5",
                        "type": "column",
                        "content": []
                    },
                    {
                        "id": "column6",
                        "type": "column",
                        "content": []
                    },
                    {
                        "id": "column7",
                        "type": "column",
                        "content": []
                    },
                    {
                        "id": "column_mobile1",
                        "type": "column",
                        "content": []
                    }
                ],
                "params": {
                    "row_columns": {
                        "id": "row_columns",
                        "value": "3",
                        "type": "selector"
                    },
                    "flex_layout": {
                        "id": "flex_layout",
                        "value": "flex-middle",
                        "type": "selector"
                    },
                    "height": {
                        "id": "height",
                        "value": 40,
                        "type": "slider"
                    },
                    "mobile_height": {
                        "id": "mobile_height",
                        "value": 38,
                        "type": "slider"
                    },
                    "hide_desktop": {
                        "id": "hide_desktop",
                        "value": true,
                        "type": "switcher"
                    },
                    "hide_mobile": {
                        "id": "hide_mobile",
                        "value": true,
                        "type": "switcher"
                    },
                    "sticky": {
                        "id": "sticky",
                        "value": false,
                        "type": "switcher"
                    },
                    "sticky_height": {
                        "id": "sticky_height",
                        "value": 40,
                        "type": "slider"
                    },
                    "color_scheme": {
                        "id": "color_scheme",
                        "value": "light",
                        "type": "selector"
                    },
                    "background": {
                        "id": "background",
                        "value": [],
                        "type": "bg"
                    },
                    "border": {
                        "id": "border",
                        "value": "",
                        "type": "border"
                    },
                    "shadow": {
                        "id": "shadow",
                        "value": false,
                        "type": "switcher"
                    }
                }
            },
            {
                "id": "general-header",
                "type": "row",
                "content": [
                    {
                        "id": "column8",
                        "type": "column",
                        "content": [
                            {
                                "id": "p2ohnqzt7vyqtiguoc50",
                                "type": "mainmenu",
                                "params": {
                                    "menu_id": {
                                        "id": "menu_id",
                                        "value": "",
                                        "type": "options"
                                    },
                                    "full_screen": {
                                        "id": "full_screen",
                                        "value": false,
                                        "type": "switcher"
                                    },
                                    "style": {
                                        "id": "style",
                                        "value": "text",
                                        "type": "selector"
                                    },
                                    "icon_design": {
                                        "id": "icon_design",
                                        "value": "1",
                                        "type": "selector"
                                    },
                                    "wrap_type": {
                                        "id": "wrap_type",
                                        "value": "icon_only",
                                        "type": "selector"
                                    },
                                    "color": {
                                        "id": "color",
                                        "value": "",
                                        "type": "color"
                                    },
                                    "hover_color": {
                                        "id": "hover_color",
                                        "value": "",
                                        "type": "color"
                                    },
                                    "bg_color": {
                                        "id": "bg_color",
                                        "value": "",
                                        "type": "color"
                                    },
                                    "bg_hover_color": {
                                        "id": "bg_hover_color",
                                        "value": "",
                                        "type": "color"
                                    },
                                    "icon_color": {
                                        "id": "icon_color",
                                        "value": "",
                                        "type": "color"
                                    },
                                    "icon_hover_color": {
                                        "id": "icon_hover_color",
                                        "value": "",
                                        "type": "color"
                                    },
                                    "icon_bg_color": {
                                        "id": "icon_bg_color",
                                        "value": "",
                                        "type": "color"
                                    },
                                    "icon_bg_hover_color": {
                                        "id": "icon_bg_hover_color",
                                        "value": "",
                                        "type": "color"
                                    },
                                    "icon_type": {
                                        "id": "icon_type",
                                        "value": "default",
                                        "type": "selector"
                                    },
                                    "custom_icon": {
                                        "id": "custom_icon",
                                        "value": "",
                                        "type": "image"
                                    },
                                    "menu_style": {
                                        "id": "menu_style",
                                        "value": "underline",
                                        "type": "selector"
                                    },
                                    "menu_align": {
                                        "id": "menu_align",
                                        "value": "left",
                                        "type": "selector"
                                    },
                                    "items_gap": {
                                        "id": "items_gap",
                                        "value": "s",
                                        "type": "selector"
                                    },
                                    "bg_overlay": {
                                        "id": "bg_overlay",
                                        "value": false,
                                        "type": "switcher"
                                    },
                                    "inline": {
                                        "id": "inline",
                                        "value": false,
                                        "type": "switcher"
                                    }
                                }
                            }
                        ]
                    },
                    {
                        "id": "column9",
                        "type": "column",
                        "content": [
                            {
                                "id": "gs8bcnxektjsro21n657",
                                "type": "logo",
                                "params": {
                                    "image": {
                                        "id": "image",
                                        "value": {
                                            "id": 17151,
                                            "url": "https:\/\/dummy.xtemos.com\/woodmart2\/gutenberg\/wp-content\/uploads\/sites\/24\/2024\/06\/xmas-logo.svg",
                                            "width": 386,
                                            "height": 80
                                        },
                                        "type": "image"
                                    },
                                    "width": {
                                        "id": "width",
                                        "value": 200,
                                        "type": "slider"
                                    },
                                    "sticky_notice": {
                                        "id": "sticky_notice",
                                        "value": "",
                                        "type": "notice"
                                    },
                                    "sticky_image": {
                                        "id": "sticky_image",
                                        "value": "",
                                        "type": "image"
                                    },
                                    "sticky_width": {
                                        "id": "sticky_width",
                                        "value": 200,
                                        "type": "slider"
                                    },
                                    "width_height": {
                                        "id": "width_height",
                                        "value": true,
                                        "type": "switcher"
                                    }
                                }
                            }
                        ]
                    },
                    {
                        "id": "column10",
                        "type": "column",
                        "content": [
                            {
                                "id": "vssfpylqqax9pvkfnxoz",
                                "type": "account",
                                "params": {
                                    "with_username": {
                                        "id": "with_username",
                                        "value": false,
                                        "type": "switcher"
                                    },
                                    "login_dropdown": {
                                        "id": "login_dropdown",
                                        "value": true,
                                        "type": "switcher"
                                    },
                                    "form_display": {
                                        "id": "form_display",
                                        "value": "side",
                                        "type": "selector"
                                    },
                                    "display": {
                                        "id": "display",
                                        "value": "text",
                                        "type": "selector"
                                    },
                                    "icon_design": {
                                        "id": "icon_design",
                                        "value": "1",
                                        "type": "selector"
                                    },
                                    "wrap_type": {
                                        "id": "wrap_type",
                                        "value": "icon_only",
                                        "type": "selector"
                                    },
                                    "color": {
                                        "id": "color",
                                        "value": "",
                                        "type": "color"
                                    },
                                    "hover_color": {
                                        "id": "hover_color",
                                        "value": "",
                                        "type": "color"
                                    },
                                    "bg_color": {
                                        "id": "bg_color",
                                        "value": "",
                                        "type": "color"
                                    },
                                    "bg_hover_color": {
                                        "id": "bg_hover_color",
                                        "value": "",
                                        "type": "color"
                                    },
                                    "icon_color": {
                                        "id": "icon_color",
                                        "value": "",
                                        "type": "color"
                                    },
                                    "icon_hover_color": {
                                        "id": "icon_hover_color",
                                        "value": "",
                                        "type": "color"
                                    },
                                    "icon_bg_color": {
                                        "id": "icon_bg_color",
                                        "value": "",
                                        "type": "color"
                                    },
                                    "icon_bg_hover_color": {
                                        "id": "icon_bg_hover_color",
                                        "value": "",
                                        "type": "color"
                                    },
                                    "icon_type": {
                                        "id": "icon_type",
                                        "value": "default",
                                        "type": "selector"
                                    },
                                    "custom_icon": {
                                        "id": "custom_icon",
                                        "value": "",
                                        "type": "image"
                                    },
                                    "bg_overlay": {
                                        "id": "bg_overlay",
                                        "value": false,
                                        "type": "switcher"
                                    }
                                }
                            },
                            {
                                "id": "9x1ytaxq7aphtb3npidp",
                                "type": "search",
                                "params": {
                                    "display": {
                                        "id": "display",
                                        "value": "full-screen",
                                        "type": "selector"
                                    },
                                    "popular_requests": {
                                        "id": "popular_requests",
                                        "value": false,
                                        "type": "switcher"
                                    },
                                    "categories_dropdown": {
                                        "id": "categories_dropdown",
                                        "value": true,
                                        "type": "switcher"
                                    },
                                    "cat_selector_style": {
                                        "id": "cat_selector_style",
                                        "value": "bordered",
                                        "type": "selector"
                                    },
                                    "bg_overlay": {
                                        "id": "bg_overlay",
                                        "value": false,
                                        "type": "switcher"
                                    },
                                    "ajax": {
                                        "id": "ajax",
                                        "value": true,
                                        "type": "switcher"
                                    },
                                    "ajax_result_count": {
                                        "id": "ajax_result_count",
                                        "value": 20,
                                        "type": "slider"
                                    },
                                    "post_type": {
                                        "id": "post_type",
                                        "value": "product",
                                        "type": "selector"
                                    },
                                    "search_style": {
                                        "id": "search_style",
                                        "value": "default",
                                        "type": "selector"
                                    },
                                    "form_shape": {
                                        "id": "form_shape",
                                        "value": "",
                                        "type": "options"
                                    },
                                    "form_height": {
                                        "id": "form_height",
                                        "value": 46,
                                        "type": "slider"
                                    },
                                    "form_color": {
                                        "id": "form_color",
                                        "value": "",
                                        "type": "color"
                                    },
                                    "form_placeholder_color": {
                                        "id": "form_placeholder_color",
                                        "value": "",
                                        "type": "color"
                                    },
                                    "form_brd_color": {
                                        "id": "form_brd_color",
                                        "value": "",
                                        "type": "color"
                                    },
                                    "form_brd_color_focus": {
                                        "id": "form_brd_color_focus",
                                        "value": "",
                                        "type": "color"
                                    },
                                    "form_bg": {
                                        "id": "form_bg",
                                        "value": "",
                                        "type": "color"
                                    },
                                    "style": {
                                        "id": "style",
                                        "value": "icon",
                                        "type": "selector"
                                    },
                                    "icon_design": {
                                        "id": "icon_design",
                                        "value": "1",
                                        "type": "selector"
                                    },
                                    "wrap_type": {
                                        "id": "wrap_type",
                                        "value": "icon_only",
                                        "type": "selector"
                                    },
                                    "color": {
                                        "id": "color",
                                        "value": "",
                                        "type": "color"
                                    },
                                    "hover_color": {
                                        "id": "hover_color",
                                        "value": "",
                                        "type": "color"
                                    },
                                    "bg_color": {
                                        "id": "bg_color",
                                        "value": "",
                                        "type": "color"
                                    },
                                    "bg_hover_color": {
                                        "id": "bg_hover_color",
                                        "value": "",
                                        "type": "color"
                                    },
                                    "icon_color": {
                                        "id": "icon_color",
                                        "value": "",
                                        "type": "color"
                                    },
                                    "icon_hover_color": {
                                        "id": "icon_hover_color",
                                        "value": "",
                                        "type": "color"
                                    },
                                    "icon_bg_color": {
                                        "id": "icon_bg_color",
                                        "value": "",
                                        "type": "color"
                                    },
                                    "icon_bg_hover_color": {
                                        "id": "icon_bg_hover_color",
                                        "value": "",
                                        "type": "color"
                                    },
                                    "icon_type": {
                                        "id": "icon_type",
                                        "value": "default",
                                        "type": "selector"
                                    },
                                    "custom_icon": {
                                        "id": "custom_icon",
                                        "value": "",
                                        "type": "image"
                                    }
                                }
                            },
                            {
                                "id": "a22wdkiy3r40yw2paskq",
                                "type": "wishlist",
                                "params": {
                                    "design": {
                                        "id": "design",
                                        "value": "icon",
                                        "type": "selector"
                                    },
                                    "icon_design": {
                                        "id": "icon_design",
                                        "value": "2",
                                        "type": "selector"
                                    },
                                    "wrap_type": {
                                        "id": "wrap_type",
                                        "value": "icon_only",
                                        "type": "selector"
                                    },
                                    "color": {
                                        "id": "color",
                                        "value": "",
                                        "type": "color"
                                    },
                                    "hover_color": {
                                        "id": "hover_color",
                                        "value": "",
                                        "type": "color"
                                    },
                                    "bg_color": {
                                        "id": "bg_color",
                                        "value": "",
                                        "type": "color"
                                    },
                                    "bg_hover_color": {
                                        "id": "bg_hover_color",
                                        "value": "",
                                        "type": "color"
                                    },
                                    "icon_color": {
                                        "id": "icon_color",
                                        "value": "",
                                        "type": "color"
                                    },
                                    "icon_hover_color": {
                                        "id": "icon_hover_color",
                                        "value": "",
                                        "type": "color"
                                    },
                                    "icon_bg_color": {
                                        "id": "icon_bg_color",
                                        "value": "",
                                        "type": "color"
                                    },
                                    "icon_bg_hover_color": {
                                        "id": "icon_bg_hover_color",
                                        "value": "",
                                        "type": "color"
                                    },
                                    "icon_type": {
                                        "id": "icon_type",
                                        "value": "default",
                                        "type": "selector"
                                    },
                                    "custom_icon": {
                                        "id": "custom_icon",
                                        "value": "",
                                        "type": "image"
                                    },
                                    "hide_product_count": {
                                        "id": "hide_product_count",
                                        "value": true,
                                        "type": "switcher"
                                    }
                                }
                            },
                            {
                                "id": "nedhm962r512y1xz9j06",
                                "type": "cart",
                                "params": {
                                    "position": {
                                        "id": "position",
                                        "value": "side",
                                        "type": "selector"
                                    },
                                    "bg_overlay": {
                                        "id": "bg_overlay",
                                        "value": false,
                                        "type": "switcher"
                                    },
                                    "design": {
                                        "id": "design",
                                        "value": "",
                                        "type": "selector"
                                    },
                                    "style": {
                                        "id": "style",
                                        "value": "2",
                                        "type": "selector"
                                    },
                                    "wrap_type": {
                                        "id": "wrap_type",
                                        "value": "icon_only",
                                        "type": "selector"
                                    },
                                    "color": {
                                        "id": "color",
                                        "value": "",
                                        "type": "color"
                                    },
                                    "hover_color": {
                                        "id": "hover_color",
                                        "value": "",
                                        "type": "color"
                                    },
                                    "bg_color": {
                                        "id": "bg_color",
                                        "value": "",
                                        "type": "color"
                                    },
                                    "bg_hover_color": {
                                        "id": "bg_hover_color",
                                        "value": "",
                                        "type": "color"
                                    },
                                    "icon_color": {
                                        "id": "icon_color",
                                        "value": "",
                                        "type": "color"
                                    },
                                    "icon_hover_color": {
                                        "id": "icon_hover_color",
                                        "value": "",
                                        "type": "color"
                                    },
                                    "icon_bg_color": {
                                        "id": "icon_bg_color",
                                        "value": "",
                                        "type": "color"
                                    },
                                    "icon_bg_hover_color": {
                                        "id": "icon_bg_hover_color",
                                        "value": "",
                                        "type": "color"
                                    },
                                    "icon_type": {
                                        "id": "icon_type",
                                        "value": "bag",
                                        "type": "selector"
                                    },
                                    "custom_icon": {
                                        "id": "custom_icon",
                                        "value": "",
                                        "type": "image"
                                    }
                                }
                            }
                        ]
                    },
                    {
                        "id": "column_mobile2",
                        "type": "column",
                        "content": [
                            {
                                "id": "g1k0m1tib7raxrwkm1t3",
                                "type": "burger",
                                "params": {
                                    "close_btn": {
                                        "id": "close_btn",
                                        "value": false,
                                        "type": "switcher"
                                    },
                                    "search_form": {
                                        "id": "search_form",
                                        "value": true,
                                        "type": "switcher"
                                    },
                                    "post_type": {
                                        "id": "post_type",
                                        "value": "product",
                                        "type": "selector"
                                    },
                                    "show_wishlist": {
                                        "id": "show_wishlist",
                                        "value": true,
                                        "type": "switcher"
                                    },
                                    "show_compare": {
                                        "id": "show_compare",
                                        "value": true,
                                        "type": "switcher"
                                    },
                                    "show_account": {
                                        "id": "show_account",
                                        "value": true,
                                        "type": "switcher"
                                    },
                                    "show_html_block": {
                                        "id": "show_html_block",
                                        "value": false,
                                        "type": "switcher"
                                    },
                                    "languages": {
                                        "id": "languages",
                                        "value": false,
                                        "type": "switcher"
                                    },
                                    "show_language_flag": {
                                        "id": "show_language_flag",
                                        "value": true,
                                        "type": "switcher"
                                    },
                                    "categories_menu": {
                                        "id": "categories_menu",
                                        "value": true,
                                        "type": "switcher"
                                    },
                                    "primary_menu_title": {
                                        "id": "primary_menu_title",
                                        "value": "",
                                        "type": "text"
                                    },
                                    "secondary_menu_title": {
                                        "id": "secondary_menu_title",
                                        "value": "",
                                        "type": "text"
                                    },
                                    "menu_id": {
                                        "id": "menu_id",
                                        "value": "mobile-categories",
                                        "type": "options"
                                    },
                                    "tabs_swap": {
                                        "id": "tabs_swap",
                                        "value": false,
                                        "type": "switcher"
                                    },
                                    "menu_layout": {
                                        "id": "menu_layout",
                                        "value": "dropdown",
                                        "type": "selector"
                                    },
                                    "drilldown_animation": {
                                        "id": "drilldown_animation",
                                        "value": "slide",
                                        "type": "selector"
                                    },
                                    "submenu_opening_action": {
                                        "id": "submenu_opening_action",
                                        "value": "only_arrow",
                                        "type": "selector"
                                    },
                                    "position": {
                                        "id": "position",
                                        "value": "left",
                                        "type": "selector"
                                    },
                                    "style": {
                                        "id": "style",
                                        "value": "icon",
                                        "type": "selector"
                                    },
                                    "icon_design": {
                                        "id": "icon_design",
                                        "value": "1",
                                        "type": "selector"
                                    },
                                    "wrap_type": {
                                        "id": "wrap_type",
                                        "value": "icon_only",
                                        "type": "selector"
                                    },
                                    "color": {
                                        "id": "color",
                                        "value": "",
                                        "type": "color"
                                    },
                                    "hover_color": {
                                        "id": "hover_color",
                                        "value": "",
                                        "type": "color"
                                    },
                                    "bg_color": {
                                        "id": "bg_color",
                                        "value": "",
                                        "type": "color"
                                    },
                                    "bg_hover_color": {
                                        "id": "bg_hover_color",
                                        "value": "",
                                        "type": "color"
                                    },
                                    "icon_color": {
                                        "id": "icon_color",
                                        "value": "",
                                        "type": "color"
                                    },
                                    "icon_hover_color": {
                                        "id": "icon_hover_color",
                                        "value": "",
                                        "type": "color"
                                    },
                                    "icon_bg_color": {
                                        "id": "icon_bg_color",
                                        "value": "",
                                        "type": "color"
                                    },
                                    "icon_bg_hover_color": {
                                        "id": "icon_bg_hover_color",
                                        "value": "",
                                        "type": "color"
                                    },
                                    "icon_type": {
                                        "id": "icon_type",
                                        "value": "default",
                                        "type": "selector"
                                    },
                                    "custom_icon": {
                                        "id": "custom_icon",
                                        "value": "",
                                        "type": "image"
                                    }
                                }
                            }
                        ]
                    },
                    {
                        "id": "column_mobile3",
                        "type": "column",
                        "content": [
                            {
                                "id": "lt7vdqgaccmapftzurvt",
                                "type": "logo",
                                "params": {
                                    "image": {
                                        "id": "image",
                                        "value": {
                                            "id": 17151,
                                            "url": "https:\/\/dummy.xtemos.com\/woodmart2\/gutenberg\/wp-content\/uploads\/sites\/24\/2024\/06\/xmas-logo.svg",
                                            "width": 386,
                                            "height": 80
                                        },
                                        "type": "image"
                                    },
                                    "width": {
                                        "id": "width",
                                        "value": 180,
                                        "type": "slider"
                                    },
                                    "sticky_notice": {
                                        "id": "sticky_notice",
                                        "value": "",
                                        "type": "notice"
                                    },
                                    "sticky_image": {
                                        "id": "sticky_image",
                                        "value": "",
                                        "type": "image"
                                    },
                                    "sticky_width": {
                                        "id": "sticky_width",
                                        "value": 150,
                                        "type": "slider"
                                    },
                                    "width_height": {
                                        "id": "width_height",
                                        "value": true,
                                        "type": "switcher"
                                    }
                                }
                            }
                        ]
                    },
                    {
                        "id": "column_mobile4",
                        "type": "column",
                        "content": [
                            {
                                "id": "trk5sfmvib0ch1s1qbtc",
                                "type": "cart",
                                "params": {
                                    "position": {
                                        "id": "position",
                                        "value": "side",
                                        "type": "selector"
                                    },
                                    "bg_overlay": {
                                        "id": "bg_overlay",
                                        "value": false,
                                        "type": "switcher"
                                    },
                                    "design": {
                                        "id": "design",
                                        "value": "",
                                        "type": "selector"
                                    },
                                    "style": {
                                        "id": "style",
                                        "value": "5",
                                        "type": "selector"
                                    },
                                    "wrap_type": {
                                        "id": "wrap_type",
                                        "value": "icon_only",
                                        "type": "selector"
                                    },
                                    "color": {
                                        "id": "color",
                                        "value": "",
                                        "type": "color"
                                    },
                                    "hover_color": {
                                        "id": "hover_color",
                                        "value": "",
                                        "type": "color"
                                    },
                                    "bg_color": {
                                        "id": "bg_color",
                                        "value": "",
                                        "type": "color"
                                    },
                                    "bg_hover_color": {
                                        "id": "bg_hover_color",
                                        "value": "",
                                        "type": "color"
                                    },
                                    "icon_color": {
                                        "id": "icon_color",
                                        "value": "",
                                        "type": "color"
                                    },
                                    "icon_hover_color": {
                                        "id": "icon_hover_color",
                                        "value": "",
                                        "type": "color"
                                    },
                                    "icon_bg_color": {
                                        "id": "icon_bg_color",
                                        "value": "",
                                        "type": "color"
                                    },
                                    "icon_bg_hover_color": {
                                        "id": "icon_bg_hover_color",
                                        "value": "",
                                        "type": "color"
                                    },
                                    "icon_type": {
                                        "id": "icon_type",
                                        "value": "bag",
                                        "type": "selector"
                                    },
                                    "custom_icon": {
                                        "id": "custom_icon",
                                        "value": "",
                                        "type": "image"
                                    }
                                }
                            }
                        ]
                    }
                ],
                "params": {
                    "row_columns": {
                        "id": "row_columns",
                        "value": "3",
                        "type": "selector"
                    },
                    "flex_layout": {
                        "id": "flex_layout",
                        "value": "equal-sides",
                        "type": "selector"
                    },
                    "height": {
                        "id": "height",
                        "value": 90,
                        "type": "slider"
                    },
                    "mobile_height": {
                        "id": "mobile_height",
                        "value": 60,
                        "type": "slider"
                    },
                    "hide_desktop": {
                        "id": "hide_desktop",
                        "value": false,
                        "type": "switcher"
                    },
                    "hide_mobile": {
                        "id": "hide_mobile",
                        "value": false,
                        "type": "switcher"
                    },
                    "sticky": {
                        "id": "sticky",
                        "value": true,
                        "type": "switcher"
                    },
                    "sticky_height": {
                        "id": "sticky_height",
                        "value": 70,
                        "type": "slider"
                    },
                    "color_scheme": {
                        "id": "color_scheme",
                        "value": "light",
                        "type": "selector"
                    },
                    "background": {
                        "id": "background",
                        "value": "",
                        "type": "bg"
                    },
                    "border": {
                        "id": "border",
                        "value": {
                            "width": "0",
                            "applyFor": "fullwidth",
                            "style": "solid",
                            "sides": [
                                "bottom"
                            ]
                        },
                        "type": "border"
                    },
                    "shadow": {
                        "id": "shadow",
                        "value": false,
                        "type": "switcher"
                    }
                }
            },
            {
                "id": "header-bottom",
                "type": "row",
                "content": [
                    {
                        "id": "column11",
                        "type": "column",
                        "content": []
                    },
                    {
                        "id": "column12",
                        "type": "column",
                        "content": []
                    },
                    {
                        "id": "column13",
                        "type": "column",
                        "content": []
                    },
                    {
                        "id": "column_mobile5",
                        "type": "column",
                        "content": []
                    }
                ],
                "params": {
                    "row_columns": {
                        "id": "row_columns",
                        "value": "3",
                        "type": "selector"
                    },
                    "flex_layout": {
                        "id": "flex_layout",
                        "value": "flex-middle",
                        "type": "selector"
                    },
                    "height": {
                        "id": "height",
                        "value": 52,
                        "type": "slider"
                    },
                    "mobile_height": {
                        "id": "mobile_height",
                        "value": 52,
                        "type": "slider"
                    },
                    "hide_desktop": {
                        "id": "hide_desktop",
                        "value": true,
                        "type": "switcher"
                    },
                    "hide_mobile": {
                        "id": "hide_mobile",
                        "value": true,
                        "type": "switcher"
                    },
                    "sticky": {
                        "id": "sticky",
                        "value": false,
                        "type": "switcher"
                    },
                    "sticky_height": {
                        "id": "sticky_height",
                        "value": 52,
                        "type": "slider"
                    },
                    "color_scheme": {
                        "id": "color_scheme",
                        "value": "dark",
                        "type": "selector"
                    },
                    "background": {
                        "id": "background",
                        "value": "",
                        "type": "bg"
                    },
                    "border": {
                        "id": "border",
                        "value": {
                            "width": "0",
                            "style": "solid",
                            "applyFor": "fullwidth",
                            "sides": [
                                "bottom"
                            ]
                        },
                        "type": "border"
                    },
                    "shadow": {
                        "id": "shadow",
                        "value": false,
                        "type": "switcher"
                    }
                }
            }
        ]
    },
    "settings": {
        "overlap": {
            "id": "overlap",
            "value": true,
            "type": "switcher"
        },
        "boxed": {
            "id": "boxed",
            "value": false,
            "type": "switcher"
        },
        "full_width": {
            "id": "full_width",
            "value": true,
            "type": "switcher"
        },
        "dropdowns_dark": {
            "id": "dropdowns_dark",
            "value": false,
            "type": "switcher"
        },
        "sticky_shadow": {
            "id": "sticky_shadow",
            "value": true,
            "type": "switcher"
        },
        "hide_on_scroll": {
            "id": "hide_on_scroll",
            "value": false,
            "type": "switcher"
        },
        "sticky_effect": {
            "id": "sticky_effect",
            "value": "stick",
            "type": "selector"
        },
        "sticky_clone": {
            "id": "sticky_clone",
            "value": false,
            "type": "switcher"
        },
        "sticky_height": {
            "id": "sticky_height",
            "value": 60,
            "type": "slider"
        }
    }
}