{
    "products": {
        "henectus-tincidunt": "17170",
        "ornare-auctor": "17171",
        "eames-plastic-side-chair": "17172",
        "augue-adipiscing-euismod": "17173",
        "iphone-dock": "17174",
        "wine-bottle-lantern": "17175",
        "decoration-wooden-present": "17176",
        "panton-tunior-chair": "17177",
        "smart-watches-wood-edition": "17178",
        "wooden-single-drawer": "17179",
        "classic-wooden-chair": "17180",
        "eames-lounge-chair": "17181"
    },
    "blog": {
        "exploring-atlantas-modern-homes": "17162",
        "green-interior-design-inspiration": "17163",
        "collar-brings-back-coffee-brewing-ritual": "17164",
        "reinterprets-the-classic-bookshelf": "17165",
        "creative-water-features-and-exterior": "17166",
        "minimalist-japanese-inspired-furniture": "17167",
        "new-home-decor-from-john-doerson": "17168",
        "the-big-design-wall-likes-pictures": "17164",
        "sweet-seat-functional-seat-for-it-folks": "17169"
    }
}