{
    "default_header": "header_327235",
    "promo_popup": "0",
    "page-title-size": "large",
    "title-background": {
        "color": "rgb(49,99,161)",
        "url": "https:\/\/dummy.xtemos.com\/woodmart2\/gutenberg\/wp-content\/uploads\/sites\/24\/2024\/06\/xmas-slide-opt.jpg",
        "id": "17155",
        "repeat": "",
        "size": "cover",
        "attachment": "",
        "position": "center center"
    },
    "footer_content_type": "html_block",
    "footer_html_block": "17183",
    "prefooter_content_type": "text",
    "prefooter_area": "",
    "disable_copyrights": "0",
    "products_hover": "icons",
    "advanced_typography": {
        "0": {
            "custom": "",
            "selector": [
                "product_title_single_page"
            ],
            "custom-selector": "",
            "google": "0",
            "font-family": "Lato-700",
            "font-weight": "600",
            "font-style": "",
            "font-subset": "",
            "text-transform": "",
            "font-size": "",
            "tablet": {
                "font-size": "",
                "line-height": ""
            },
            "mobile": {
                "font-size": "",
                "line-height": ""
            },
            "line-height": "",
            "color": "",
            "hover": {
                "color": ""
            }
        },
        "1": {
            "custom": "",
            "custom-selector": "",
            "google": "1",
            "font-family": "Bungee Inline",
            "font-weight": "400",
            "font-style": "",
            "font-subset": "",
            "text-transform": "",
            "font-size": "",
            "tablet": {
                "font-size": "",
                "line-height": ""
            },
            "mobile": {
                "font-size": "",
                "line-height": ""
            },
            "line-height": "",
            "color": "",
            "hover": {
                "color": ""
            }
        },
        "{{index}}": {
            "custom": "",
            "custom-selector": "",
            "google": "0",
            "font-family": "",
            "font-weight": "",
            "font-style": "",
            "font-subset": "",
            "text-transform": "",
            "font-size": "",
            "tablet": {
                "font-size": "",
                "line-height": ""
            },
            "mobile": {
                "font-size": "",
                "line-height": ""
            },
            "line-height": "",
            "color": "",
            "hover": {
                "color": ""
            }
        }
    },
    "text-font": [
        {
            "google": "1",
            "font-family": "Lato",
            "font-weight": "400",
            "font-style": "",
            "font-subset": "",
            "font-size": "16",
            "tablet": {
                "font-size": ""
            },
            "mobile": {
                "font-size": ""
            },
            "color": "rgb(118,118,118)"
        }
    ],
    "primary-font": [
        {
            "google": "1",
            "font-family": "Roboto Slab",
            "font-weight": "600",
            "font-style": "",
            "font-subset": "",
            "text-transform": "",
            "color": "#242424"
        }
    ],
    "post-titles-font": [
        {
            "google": "1",
            "font-family": "Roboto Slab",
            "font-weight": "600",
            "font-style": "",
            "font-subset": "",
            "text-transform": "",
            "color": "#333333",
            "hover": {
                "color": "rgb(51 51 51 \/ 65%)"
            }
        }
    ],
    "secondary-font": [
        {
            "google": "1",
            "font-family": "Dancing Script",
            "font-weight": "700",
            "font-style": "",
            "font-subset": ""
        }
    ],
    "primary-color": {
        "idle": "rgb(225,88,88)"
    },
    "secondary-color": {
        "idle": "rgb(162,162,162)"
    },
    "android_browser_bar_color": {
        "idle": "rgb(225,88,88)"
    },
    "pages-background": {
        "color": "rgb(236,242,247)",
        "url": "",
        "id": "",
        "repeat": "",
        "size": "",
        "attachment": "",
        "position": ""
    },
    "shop-background": {
        "color": "rgb(236,242,247)",
        "url": "",
        "id": "",
        "repeat": "",
        "size": "",
        "attachment": "",
        "position": ""
    },
    "btns_shop_bg": {
        "idle": "rgb(223,87,90)"
    },
    "btns_shop_bg_hover": {
        "idle": "rgb(204,80,83)"
    },
    "sticky_toolbar": "0",
    "blog_excerpt_length": "100",
    "blog_excerpt": "excerpt",
    "blog_with_shadow": "0",
    "blog_style": "flat",
    "update_cart_quantity_change": "1",
    "product-background": {
        "color": "rgb(236,242,247)",
        "url": "",
        "id": "",
        "repeat": "",
        "size": "",
        "attachment": "",
        "position": ""
    },
    "blog-background": {
        "color": "rgb(236,242,247)",
        "url": "",
        "id": "",
        "repeat": "",
        "size": "",
        "attachment": "",
        "position": ""
    },
    "blog-post-background": {
        "color": "rgb(236,242,247)",
        "url": "",
        "id": "",
        "repeat": "",
        "size": "",
        "attachment": "",
        "position": ""
    },
    "portfolio-background": {
        "color": "rgb(236,242,247)",
        "url": "",
        "id": "",
        "repeat": "",
        "size": "",
        "attachment": "",
        "position": ""
    },
    "portfolio-project-background": {
        "color": "rgb(236,242,247)",
        "url": "",
        "id": "",
        "repeat": "",
        "size": "",
        "attachment": "",
        "position": ""
    },
    "portfolio_page": "150",
    "widget-titles-font": [
        {
            "google": "1",
            "font-family": "Poppins",
            "font-weight": "600",
            "font-style": "",
            "font-subset": "",
            "text-transform": "uppercase",
            "font-size": "16",
            "tablet": {
                "font-size": ""
            },
            "mobile": {
                "font-size": ""
            },
            "color": "#333"
        }
    ],
    "navigation-font": [
        {
            "google": "1",
            "font-family": "Lato",
            "font-weight": "700",
            "font-style": "",
            "font-subset": "",
            "text-transform": "uppercase",
            "font-size": "13",
            "tablet": {
                "font-size": ""
            },
            "mobile": {
                "font-size": ""
            }
        }
    ],
    "blog_design": "masonry",
    "blog_columns": "3",
    "blog_masonry": "0",
    "blog_archive_layout": "full-width",
    "custom_product_tabs_enabled": "1",
    "legacy_product_tabs_enabled": "0"
}