<?xml version="1.0" encoding="UTF-8" ?>
	<!-- This is a WordPress eXtended RSS file generated by WordPress as an export of your site. -->
	<!-- It contains information about your site's posts, pages, comments, categories, and other content. -->
	<!-- You may use this file to transfer that content from one site to another. -->
	<!-- This file is not intended to serve as a complete backup of your site. -->

	<!-- To import this information into a WordPress site follow these steps: -->
	<!-- 1. Log in to that site as an administrator. -->
	<!-- 2. Go to Tools: Import in the WordPress admin panel. -->
	<!-- 3. Install the "WordPress" importer from the list. -->
	<!-- 4. Activate & Run Importer. -->
	<!-- 5. Upload this file using the form provided on that page. -->
	<!-- 6. You will first be asked to map the authors in this export file to users -->
	<!--    on the site. For each author, you may choose to map to an -->
	<!--    existing user on the site or to create a new user. -->
	<!-- 7. WordPress will then import each of the posts, pages, comments, categories, etc. -->
	<!--    contained in this file into your site. -->

	<!-- generator="WordPress/6.7.4" created="2025-10-28 13:15" -->
<rss version="2.0"
	xmlns:excerpt="http://wordpress.org/export/1.2/excerpt/"
	xmlns:content="http://purl.org/rss/1.0/modules/content/"
	xmlns:wfw="http://wellformedweb.org/CommentAPI/"
	xmlns:dc="http://purl.org/dc/elements/1.1/"
	xmlns:wp="http://wordpress.org/export/1.2/"
>

<channel>
	<title>christmas-2-elementor</title>
	<link>https://dummy.xtemos.com/woodmart2/christmas-2-elementor</link>
	<description></description>
	<pubDate>Tue, 28 Oct 2025 13:15:43 +0000</pubDate>
	<language>en-US</language>
	<wp:wxr_version>1.2</wp:wxr_version>
	<wp:base_site_url>https://dummy.xtemos.com/woodmart2/</wp:base_site_url>
	<wp:base_blog_url>https://dummy.xtemos.com/woodmart2/christmas-2-elementor</wp:base_blog_url>

	
					<wp:term>
			<wp:term_id>0</wp:term_id>
			<wp:term_taxonomy><![CDATA[]]></wp:term_taxonomy>
			<wp:term_slug><![CDATA[]]></wp:term_slug>
			<wp:term_parent><![CDATA[]]></wp:term_parent>
					</wp:term>
		
	<generator>https://wordpress.org/?v=6.7.4</generator>

					<item>
					<title><![CDATA[frosted-christmas-tree.jpeg]]></title>
					<link>https://dummy.xtemos.com/woodmart2/christmas-2-elementor/?attachment_id=132</link>
					<pubDate>Sat, 18 Oct 2025 06:59:30 +0000</pubDate>
					<dc:creator><![CDATA[Mr. Mackay]]></dc:creator>
					<guid isPermaLink="false">http://dummy.xtemos.com/woodmart2/christmas-shop-elementor/wp-content/uploads/sites/60/2025/10/frosted-christmas-tree.jpeg</guid>
															<wp:post_id>132</wp:post_id>
					<wp:post_date><![CDATA[2025-10-18 06:59:30]]></wp:post_date>
					<wp:post_date_gmt><![CDATA[2025-10-18 06:59:30]]></wp:post_date_gmt>
					<wp:post_modified><![CDATA[2025-10-18 06:59:30]]></wp:post_modified>
					<wp:post_modified_gmt><![CDATA[2025-10-18 06:59:30]]></wp:post_modified_gmt>
					<wp:comment_status><![CDATA[open]]></wp:comment_status>
					<wp:post_name><![CDATA[frosted-christmas-tree-jpeg]]></wp:post_name>
					<wp:status><![CDATA[inherit]]></wp:status>
					<wp:post_parent>90</wp:post_parent>
					<wp:menu_order>0</wp:menu_order>
					<wp:post_type><![CDATA[attachment]]></wp:post_type>
											<wp:attachment_url><![CDATA[http://dummy.xtemos.com/woodmart2/christmas-2-elementor/wp-content/uploads/sites/60/2025/10/frosted-christmas-tree.jpeg]]></wp:attachment_url>
																					<wp:postmeta>
							<wp:meta_key><![CDATA[_wp_attached_file]]></wp:meta_key>
							<wp:meta_value><![CDATA[2025/10/frosted-christmas-tree.jpeg]]></wp:meta_value>
						</wp:postmeta>
												<wp:postmeta>
							<wp:meta_key><![CDATA[_wc_attachment_source]]></wp:meta_key>
							<wp:meta_value><![CDATA[https://woodmart.xtemos.com/christmas-shop/wp-content/uploads/sites/29/2025/07/frosted-christmas-tree.jpeg]]></wp:meta_value>
						</wp:postmeta>
										</item>
								<item>
					<title><![CDATA[alpine-balsam-fir-trees.jpeg]]></title>
					<link>https://dummy.xtemos.com/woodmart2/christmas-2-elementor/?attachment_id=156</link>
					<pubDate>Sat, 18 Oct 2025 06:59:38 +0000</pubDate>
					<dc:creator><![CDATA[Mr. Mackay]]></dc:creator>
					<guid isPermaLink="false">http://dummy.xtemos.com/woodmart2/christmas-shop-elementor/wp-content/uploads/sites/60/2025/10/alpine-balsam-fir-trees.jpeg</guid>
															<wp:post_id>156</wp:post_id>
					<wp:post_date><![CDATA[2025-10-18 06:59:38]]></wp:post_date>
					<wp:post_date_gmt><![CDATA[2025-10-18 06:59:38]]></wp:post_date_gmt>
					<wp:post_modified><![CDATA[2025-10-18 06:59:38]]></wp:post_modified>
					<wp:post_modified_gmt><![CDATA[2025-10-18 06:59:38]]></wp:post_modified_gmt>
					<wp:comment_status><![CDATA[open]]></wp:comment_status>
					<wp:post_name><![CDATA[alpine-balsam-fir-trees-jpeg]]></wp:post_name>
					<wp:status><![CDATA[inherit]]></wp:status>
					<wp:post_parent>96</wp:post_parent>
					<wp:menu_order>0</wp:menu_order>
					<wp:post_type><![CDATA[attachment]]></wp:post_type>
											<wp:attachment_url><![CDATA[http://dummy.xtemos.com/woodmart2/christmas-2-elementor/wp-content/uploads/sites/60/2025/10/alpine-balsam-fir-trees.jpeg]]></wp:attachment_url>
																					<wp:postmeta>
							<wp:meta_key><![CDATA[_wp_attached_file]]></wp:meta_key>
							<wp:meta_value><![CDATA[2025/10/alpine-balsam-fir-trees.jpeg]]></wp:meta_value>
						</wp:postmeta>
												<wp:postmeta>
							<wp:meta_key><![CDATA[_wc_attachment_source]]></wp:meta_key>
							<wp:meta_value><![CDATA[https://woodmart.xtemos.com/christmas-shop/wp-content/uploads/sites/29/2025/07/alpine-balsam-fir-trees.jpeg]]></wp:meta_value>
						</wp:postmeta>
										</item>
								<item>
					<title><![CDATA[prelit-sapphire-blue-christmas-tree.jpeg]]></title>
					<link>https://dummy.xtemos.com/woodmart2/christmas-2-elementor/?attachment_id=160</link>
					<pubDate>Sat, 18 Oct 2025 06:59:39 +0000</pubDate>
					<dc:creator><![CDATA[Mr. Mackay]]></dc:creator>
					<guid isPermaLink="false">http://dummy.xtemos.com/woodmart2/christmas-shop-elementor/wp-content/uploads/sites/60/2025/10/prelit-sapphire-blue-christmas-tree.jpeg</guid>
															<wp:post_id>160</wp:post_id>
					<wp:post_date><![CDATA[2025-10-18 06:59:39]]></wp:post_date>
					<wp:post_date_gmt><![CDATA[2025-10-18 06:59:39]]></wp:post_date_gmt>
					<wp:post_modified><![CDATA[2025-10-18 06:59:39]]></wp:post_modified>
					<wp:post_modified_gmt><![CDATA[2025-10-18 06:59:39]]></wp:post_modified_gmt>
					<wp:comment_status><![CDATA[open]]></wp:comment_status>
					<wp:post_name><![CDATA[prelit-sapphire-blue-christmas-tree-jpeg]]></wp:post_name>
					<wp:status><![CDATA[inherit]]></wp:status>
					<wp:post_parent>97</wp:post_parent>
					<wp:menu_order>0</wp:menu_order>
					<wp:post_type><![CDATA[attachment]]></wp:post_type>
											<wp:attachment_url><![CDATA[http://dummy.xtemos.com/woodmart2/christmas-2-elementor/wp-content/uploads/sites/60/2025/10/prelit-sapphire-blue-christmas-tree.jpeg]]></wp:attachment_url>
																					<wp:postmeta>
							<wp:meta_key><![CDATA[_wp_attached_file]]></wp:meta_key>
							<wp:meta_value><![CDATA[2025/10/prelit-sapphire-blue-christmas-tree.jpeg]]></wp:meta_value>
						</wp:postmeta>
												<wp:postmeta>
							<wp:meta_key><![CDATA[_wc_attachment_source]]></wp:meta_key>
							<wp:meta_value><![CDATA[https://woodmart.xtemos.com/christmas-shop/wp-content/uploads/sites/29/2025/07/prelit-sapphire-blue-christmas-tree.jpeg]]></wp:meta_value>
						</wp:postmeta>
										</item>
								<item>
					<title><![CDATA[lighthouse-city-h21.jpeg]]></title>
					<link>https://dummy.xtemos.com/woodmart2/christmas-2-elementor/?attachment_id=173</link>
					<pubDate>Sat, 18 Oct 2025 06:59:43 +0000</pubDate>
					<dc:creator><![CDATA[Mr. Mackay]]></dc:creator>
					<guid isPermaLink="false">http://dummy.xtemos.com/woodmart2/christmas-shop-elementor/wp-content/uploads/sites/60/2025/10/lighthouse-city-h21.jpeg</guid>
															<wp:post_id>173</wp:post_id>
					<wp:post_date><![CDATA[2025-10-18 06:59:43]]></wp:post_date>
					<wp:post_date_gmt><![CDATA[2025-10-18 06:59:43]]></wp:post_date_gmt>
					<wp:post_modified><![CDATA[2025-10-18 06:59:43]]></wp:post_modified>
					<wp:post_modified_gmt><![CDATA[2025-10-18 06:59:43]]></wp:post_modified_gmt>
					<wp:comment_status><![CDATA[open]]></wp:comment_status>
					<wp:post_name><![CDATA[lighthouse-city-h21-jpeg]]></wp:post_name>
					<wp:status><![CDATA[inherit]]></wp:status>
					<wp:post_parent>102</wp:post_parent>
					<wp:menu_order>0</wp:menu_order>
					<wp:post_type><![CDATA[attachment]]></wp:post_type>
											<wp:attachment_url><![CDATA[http://dummy.xtemos.com/woodmart2/christmas-2-elementor/wp-content/uploads/sites/60/2025/10/lighthouse-city-h21.jpeg]]></wp:attachment_url>
																					<wp:postmeta>
							<wp:meta_key><![CDATA[_wp_attached_file]]></wp:meta_key>
							<wp:meta_value><![CDATA[2025/10/lighthouse-city-h21.jpeg]]></wp:meta_value>
						</wp:postmeta>
												<wp:postmeta>
							<wp:meta_key><![CDATA[_wc_attachment_source]]></wp:meta_key>
							<wp:meta_value><![CDATA[https://woodmart.xtemos.com/christmas-shop/wp-content/uploads/sites/29/2025/07/lighthouse-city-h21.jpeg]]></wp:meta_value>
						</wp:postmeta>
										</item>
								<item>
					<title><![CDATA[blue-fluted-christmas-bauble.jpeg]]></title>
					<link>https://dummy.xtemos.com/woodmart2/christmas-2-elementor/?attachment_id=176</link>
					<pubDate>Sat, 18 Oct 2025 06:59:44 +0000</pubDate>
					<dc:creator><![CDATA[Mr. Mackay]]></dc:creator>
					<guid isPermaLink="false">http://dummy.xtemos.com/woodmart2/christmas-shop-elementor/wp-content/uploads/sites/60/2025/10/blue-fluted-christmas-bauble.jpeg</guid>
															<wp:post_id>176</wp:post_id>
					<wp:post_date><![CDATA[2025-10-18 06:59:44]]></wp:post_date>
					<wp:post_date_gmt><![CDATA[2025-10-18 06:59:44]]></wp:post_date_gmt>
					<wp:post_modified><![CDATA[2025-10-18 06:59:44]]></wp:post_modified>
					<wp:post_modified_gmt><![CDATA[2025-10-18 06:59:44]]></wp:post_modified_gmt>
					<wp:comment_status><![CDATA[open]]></wp:comment_status>
					<wp:post_name><![CDATA[blue-fluted-christmas-bauble-jpeg]]></wp:post_name>
					<wp:status><![CDATA[inherit]]></wp:status>
					<wp:post_parent>103</wp:post_parent>
					<wp:menu_order>0</wp:menu_order>
					<wp:post_type><![CDATA[attachment]]></wp:post_type>
											<wp:attachment_url><![CDATA[http://dummy.xtemos.com/woodmart2/christmas-2-elementor/wp-content/uploads/sites/60/2025/10/blue-fluted-christmas-bauble.jpeg]]></wp:attachment_url>
																					<wp:postmeta>
							<wp:meta_key><![CDATA[_wp_attached_file]]></wp:meta_key>
							<wp:meta_value><![CDATA[2025/10/blue-fluted-christmas-bauble.jpeg]]></wp:meta_value>
						</wp:postmeta>
												<wp:postmeta>
							<wp:meta_key><![CDATA[_wc_attachment_source]]></wp:meta_key>
							<wp:meta_value><![CDATA[https://woodmart.xtemos.com/christmas-shop/wp-content/uploads/sites/29/2025/07/blue-fluted-christmas-bauble.jpeg]]></wp:meta_value>
						</wp:postmeta>
										</item>
								<item>
					<title><![CDATA[amanda-paper-star-christmas-decoration-3pack.jpeg]]></title>
					<link>https://dummy.xtemos.com/woodmart2/christmas-2-elementor/?attachment_id=202</link>
					<pubDate>Sat, 18 Oct 2025 06:59:49 +0000</pubDate>
					<dc:creator><![CDATA[Mr. Mackay]]></dc:creator>
					<guid isPermaLink="false">http://dummy.xtemos.com/woodmart2/christmas-shop-elementor/wp-content/uploads/sites/60/2025/10/amanda-paper-star-christmas-decoration-3pack.jpeg</guid>
															<wp:post_id>202</wp:post_id>
					<wp:post_date><![CDATA[2025-10-18 06:59:49]]></wp:post_date>
					<wp:post_date_gmt><![CDATA[2025-10-18 06:59:49]]></wp:post_date_gmt>
					<wp:post_modified><![CDATA[2025-10-18 06:59:49]]></wp:post_modified>
					<wp:post_modified_gmt><![CDATA[2025-10-18 06:59:49]]></wp:post_modified_gmt>
					<wp:comment_status><![CDATA[open]]></wp:comment_status>
					<wp:post_name><![CDATA[amanda-paper-star-christmas-decoration-3pack-jpeg]]></wp:post_name>
					<wp:status><![CDATA[inherit]]></wp:status>
					<wp:post_parent>106</wp:post_parent>
					<wp:menu_order>0</wp:menu_order>
					<wp:post_type><![CDATA[attachment]]></wp:post_type>
											<wp:attachment_url><![CDATA[http://dummy.xtemos.com/woodmart2/christmas-2-elementor/wp-content/uploads/sites/60/2025/10/amanda-paper-star-christmas-decoration-3pack.jpeg]]></wp:attachment_url>
																					<wp:postmeta>
							<wp:meta_key><![CDATA[_wp_attached_file]]></wp:meta_key>
							<wp:meta_value><![CDATA[2025/10/amanda-paper-star-christmas-decoration-3pack.jpeg]]></wp:meta_value>
						</wp:postmeta>
												<wp:postmeta>
							<wp:meta_key><![CDATA[_wc_attachment_source]]></wp:meta_key>
							<wp:meta_value><![CDATA[https://woodmart.xtemos.com/christmas-shop/wp-content/uploads/sites/29/2025/07/amanda-paper-star-christmas-decoration-3pack.jpeg]]></wp:meta_value>
						</wp:postmeta>
										</item>
								<item>
					<title><![CDATA[lighthouse-large.jpeg]]></title>
					<link>https://dummy.xtemos.com/woodmart2/christmas-2-elementor/?attachment_id=204</link>
					<pubDate>Sat, 18 Oct 2025 06:59:49 +0000</pubDate>
					<dc:creator><![CDATA[Mr. Mackay]]></dc:creator>
					<guid isPermaLink="false">http://dummy.xtemos.com/woodmart2/christmas-shop-elementor/wp-content/uploads/sites/60/2025/10/lighthouse-large.jpeg</guid>
															<wp:post_id>204</wp:post_id>
					<wp:post_date><![CDATA[2025-10-18 06:59:49]]></wp:post_date>
					<wp:post_date_gmt><![CDATA[2025-10-18 06:59:49]]></wp:post_date_gmt>
					<wp:post_modified><![CDATA[2025-10-18 06:59:49]]></wp:post_modified>
					<wp:post_modified_gmt><![CDATA[2025-10-18 06:59:49]]></wp:post_modified_gmt>
					<wp:comment_status><![CDATA[open]]></wp:comment_status>
					<wp:post_name><![CDATA[lighthouse-large-jpeg]]></wp:post_name>
					<wp:status><![CDATA[inherit]]></wp:status>
					<wp:post_parent>107</wp:post_parent>
					<wp:menu_order>0</wp:menu_order>
					<wp:post_type><![CDATA[attachment]]></wp:post_type>
											<wp:attachment_url><![CDATA[http://dummy.xtemos.com/woodmart2/christmas-2-elementor/wp-content/uploads/sites/60/2025/10/lighthouse-large.jpeg]]></wp:attachment_url>
																					<wp:postmeta>
							<wp:meta_key><![CDATA[_wp_attached_file]]></wp:meta_key>
							<wp:meta_value><![CDATA[2025/10/lighthouse-large.jpeg]]></wp:meta_value>
						</wp:postmeta>
												<wp:postmeta>
							<wp:meta_key><![CDATA[_wc_attachment_source]]></wp:meta_key>
							<wp:meta_value><![CDATA[https://woodmart.xtemos.com/christmas-shop/wp-content/uploads/sites/29/2025/07/lighthouse-large.jpeg]]></wp:meta_value>
						</wp:postmeta>
										</item>
								<item>
					<title><![CDATA[christmas-ornament-mouse.jpeg]]></title>
					<link>https://dummy.xtemos.com/woodmart2/christmas-2-elementor/?attachment_id=208</link>
					<pubDate>Sat, 18 Oct 2025 06:59:50 +0000</pubDate>
					<dc:creator><![CDATA[Mr. Mackay]]></dc:creator>
					<guid isPermaLink="false">http://dummy.xtemos.com/woodmart2/christmas-shop-elementor/wp-content/uploads/sites/60/2025/10/christmas-ornament-mouse.jpeg</guid>
															<wp:post_id>208</wp:post_id>
					<wp:post_date><![CDATA[2025-10-18 06:59:50]]></wp:post_date>
					<wp:post_date_gmt><![CDATA[2025-10-18 06:59:50]]></wp:post_date_gmt>
					<wp:post_modified><![CDATA[2025-10-18 06:59:50]]></wp:post_modified>
					<wp:post_modified_gmt><![CDATA[2025-10-18 06:59:50]]></wp:post_modified_gmt>
					<wp:comment_status><![CDATA[open]]></wp:comment_status>
					<wp:post_name><![CDATA[christmas-ornament-mouse-jpeg]]></wp:post_name>
					<wp:status><![CDATA[inherit]]></wp:status>
					<wp:post_parent>108</wp:post_parent>
					<wp:menu_order>0</wp:menu_order>
					<wp:post_type><![CDATA[attachment]]></wp:post_type>
											<wp:attachment_url><![CDATA[http://dummy.xtemos.com/woodmart2/christmas-2-elementor/wp-content/uploads/sites/60/2025/10/christmas-ornament-mouse.jpeg]]></wp:attachment_url>
																					<wp:postmeta>
							<wp:meta_key><![CDATA[_wp_attached_file]]></wp:meta_key>
							<wp:meta_value><![CDATA[2025/10/christmas-ornament-mouse.jpeg]]></wp:meta_value>
						</wp:postmeta>
												<wp:postmeta>
							<wp:meta_key><![CDATA[_wc_attachment_source]]></wp:meta_key>
							<wp:meta_value><![CDATA[https://woodmart.xtemos.com/christmas-shop/wp-content/uploads/sites/29/2025/07/christmas-ornament-mouse.jpeg]]></wp:meta_value>
						</wp:postmeta>
										</item>
								<item>
					<title><![CDATA[wing-angels-natural.jpeg]]></title>
					<link>https://dummy.xtemos.com/woodmart2/christmas-2-elementor/?attachment_id=210</link>
					<pubDate>Sat, 18 Oct 2025 06:59:51 +0000</pubDate>
					<dc:creator><![CDATA[Mr. Mackay]]></dc:creator>
					<guid isPermaLink="false">http://dummy.xtemos.com/woodmart2/christmas-shop-elementor/wp-content/uploads/sites/60/2025/10/wing-angels-natural.jpeg</guid>
															<wp:post_id>210</wp:post_id>
					<wp:post_date><![CDATA[2025-10-18 06:59:51]]></wp:post_date>
					<wp:post_date_gmt><![CDATA[2025-10-18 06:59:51]]></wp:post_date_gmt>
					<wp:post_modified><![CDATA[2025-10-18 06:59:51]]></wp:post_modified>
					<wp:post_modified_gmt><![CDATA[2025-10-18 06:59:51]]></wp:post_modified_gmt>
					<wp:comment_status><![CDATA[open]]></wp:comment_status>
					<wp:post_name><![CDATA[wing-angels-natural-jpeg]]></wp:post_name>
					<wp:status><![CDATA[inherit]]></wp:status>
					<wp:post_parent>109</wp:post_parent>
					<wp:menu_order>0</wp:menu_order>
					<wp:post_type><![CDATA[attachment]]></wp:post_type>
											<wp:attachment_url><![CDATA[http://dummy.xtemos.com/woodmart2/christmas-2-elementor/wp-content/uploads/sites/60/2025/10/wing-angels-natural.jpeg]]></wp:attachment_url>
																					<wp:postmeta>
							<wp:meta_key><![CDATA[_wp_attached_file]]></wp:meta_key>
							<wp:meta_value><![CDATA[2025/10/wing-angels-natural.jpeg]]></wp:meta_value>
						</wp:postmeta>
												<wp:postmeta>
							<wp:meta_key><![CDATA[_wc_attachment_source]]></wp:meta_key>
							<wp:meta_value><![CDATA[https://woodmart.xtemos.com/christmas-shop/wp-content/uploads/sites/29/2025/07/wing-angels--natural.jpeg]]></wp:meta_value>
						</wp:postmeta>
										</item>
								<item>
					<title><![CDATA[multicolor-smart-christmas-lights.jpeg]]></title>
					<link>https://dummy.xtemos.com/woodmart2/christmas-2-elementor/?attachment_id=219</link>
					<pubDate>Sat, 18 Oct 2025 06:59:54 +0000</pubDate>
					<dc:creator><![CDATA[Mr. Mackay]]></dc:creator>
					<guid isPermaLink="false">http://dummy.xtemos.com/woodmart2/christmas-shop-elementor/wp-content/uploads/sites/60/2025/10/multicolor-smart-christmas-lights.jpeg</guid>
															<wp:post_id>219</wp:post_id>
					<wp:post_date><![CDATA[2025-10-18 06:59:54]]></wp:post_date>
					<wp:post_date_gmt><![CDATA[2025-10-18 06:59:54]]></wp:post_date_gmt>
					<wp:post_modified><![CDATA[2025-10-18 06:59:54]]></wp:post_modified>
					<wp:post_modified_gmt><![CDATA[2025-10-18 06:59:54]]></wp:post_modified_gmt>
					<wp:comment_status><![CDATA[open]]></wp:comment_status>
					<wp:post_name><![CDATA[multicolor-smart-christmas-lights-jpeg]]></wp:post_name>
					<wp:status><![CDATA[inherit]]></wp:status>
					<wp:post_parent>112</wp:post_parent>
					<wp:menu_order>0</wp:menu_order>
					<wp:post_type><![CDATA[attachment]]></wp:post_type>
											<wp:attachment_url><![CDATA[http://dummy.xtemos.com/woodmart2/christmas-2-elementor/wp-content/uploads/sites/60/2025/10/multicolor-smart-christmas-lights.jpeg]]></wp:attachment_url>
																					<wp:postmeta>
							<wp:meta_key><![CDATA[_wp_attached_file]]></wp:meta_key>
							<wp:meta_value><![CDATA[2025/10/multicolor-smart-christmas-lights.jpeg]]></wp:meta_value>
						</wp:postmeta>
												<wp:postmeta>
							<wp:meta_key><![CDATA[_wc_attachment_source]]></wp:meta_key>
							<wp:meta_value><![CDATA[https://woodmart.xtemos.com/christmas-shop/wp-content/uploads/sites/29/2025/07/multicolor-smart-christmas-lights.jpeg]]></wp:meta_value>
						</wp:postmeta>
										</item>
								<item>
					<title><![CDATA[battery-operated-led-lights.jpeg]]></title>
					<link>https://dummy.xtemos.com/woodmart2/christmas-2-elementor/?attachment_id=228</link>
					<pubDate>Sat, 18 Oct 2025 06:59:57 +0000</pubDate>
					<dc:creator><![CDATA[Mr. Mackay]]></dc:creator>
					<guid isPermaLink="false">http://dummy.xtemos.com/woodmart2/christmas-shop-elementor/wp-content/uploads/sites/60/2025/10/battery-operated-led-lights.jpeg</guid>
															<wp:post_id>228</wp:post_id>
					<wp:post_date><![CDATA[2025-10-18 06:59:57]]></wp:post_date>
					<wp:post_date_gmt><![CDATA[2025-10-18 06:59:57]]></wp:post_date_gmt>
					<wp:post_modified><![CDATA[2025-10-18 06:59:57]]></wp:post_modified>
					<wp:post_modified_gmt><![CDATA[2025-10-18 06:59:57]]></wp:post_modified_gmt>
					<wp:comment_status><![CDATA[open]]></wp:comment_status>
					<wp:post_name><![CDATA[battery-operated-led-lights-jpeg]]></wp:post_name>
					<wp:status><![CDATA[inherit]]></wp:status>
					<wp:post_parent>115</wp:post_parent>
					<wp:menu_order>0</wp:menu_order>
					<wp:post_type><![CDATA[attachment]]></wp:post_type>
											<wp:attachment_url><![CDATA[http://dummy.xtemos.com/woodmart2/christmas-2-elementor/wp-content/uploads/sites/60/2025/10/battery-operated-led-lights.jpeg]]></wp:attachment_url>
																					<wp:postmeta>
							<wp:meta_key><![CDATA[_wp_attached_file]]></wp:meta_key>
							<wp:meta_value><![CDATA[2025/10/battery-operated-led-lights.jpeg]]></wp:meta_value>
						</wp:postmeta>
												<wp:postmeta>
							<wp:meta_key><![CDATA[_wc_attachment_source]]></wp:meta_key>
							<wp:meta_value><![CDATA[https://woodmart.xtemos.com/christmas-shop/wp-content/uploads/sites/29/2025/07/battery-operated-led-lights.jpeg]]></wp:meta_value>
						</wp:postmeta>
										</item>
								<item>
					<title><![CDATA[vintage-style-t5-led-christmas-lights.jpeg]]></title>
					<link>https://dummy.xtemos.com/woodmart2/christmas-2-elementor/?attachment_id=235</link>
					<pubDate>Sat, 18 Oct 2025 06:59:59 +0000</pubDate>
					<dc:creator><![CDATA[Mr. Mackay]]></dc:creator>
					<guid isPermaLink="false">http://dummy.xtemos.com/woodmart2/christmas-shop-elementor/wp-content/uploads/sites/60/2025/10/vintage-style-t5-led-christmas-lights.jpeg</guid>
															<wp:post_id>235</wp:post_id>
					<wp:post_date><![CDATA[2025-10-18 06:59:59]]></wp:post_date>
					<wp:post_date_gmt><![CDATA[2025-10-18 06:59:59]]></wp:post_date_gmt>
					<wp:post_modified><![CDATA[2025-10-18 06:59:59]]></wp:post_modified>
					<wp:post_modified_gmt><![CDATA[2025-10-18 06:59:59]]></wp:post_modified_gmt>
					<wp:comment_status><![CDATA[open]]></wp:comment_status>
					<wp:post_name><![CDATA[vintage-style-t5-led-christmas-lights-jpeg]]></wp:post_name>
					<wp:status><![CDATA[inherit]]></wp:status>
					<wp:post_parent>181</wp:post_parent>
					<wp:menu_order>0</wp:menu_order>
					<wp:post_type><![CDATA[attachment]]></wp:post_type>
											<wp:attachment_url><![CDATA[http://dummy.xtemos.com/woodmart2/christmas-2-elementor/wp-content/uploads/sites/60/2025/10/vintage-style-t5-led-christmas-lights.jpeg]]></wp:attachment_url>
																					<wp:postmeta>
							<wp:meta_key><![CDATA[_wp_attached_file]]></wp:meta_key>
							<wp:meta_value><![CDATA[2025/10/vintage-style-t5-led-christmas-lights.jpeg]]></wp:meta_value>
						</wp:postmeta>
												<wp:postmeta>
							<wp:meta_key><![CDATA[_wc_attachment_source]]></wp:meta_key>
							<wp:meta_value><![CDATA[https://woodmart.xtemos.com/christmas-shop/wp-content/uploads/sites/29/2025/07/vintage-style-t5-led-christmas-lights.jpeg]]></wp:meta_value>
						</wp:postmeta>
										</item>
								<item>
					<title><![CDATA[mini-christmas-lights-clear.jpeg]]></title>
					<link>https://dummy.xtemos.com/woodmart2/christmas-2-elementor/?attachment_id=239</link>
					<pubDate>Sat, 18 Oct 2025 07:00:00 +0000</pubDate>
					<dc:creator><![CDATA[Mr. Mackay]]></dc:creator>
					<guid isPermaLink="false">http://dummy.xtemos.com/woodmart2/christmas-shop-elementor/wp-content/uploads/sites/60/2025/10/mini-christmas-lights-clear.jpeg</guid>
															<wp:post_id>239</wp:post_id>
					<wp:post_date><![CDATA[2025-10-18 07:00:00]]></wp:post_date>
					<wp:post_date_gmt><![CDATA[2025-10-18 07:00:00]]></wp:post_date_gmt>
					<wp:post_modified><![CDATA[2025-10-18 07:00:00]]></wp:post_modified>
					<wp:post_modified_gmt><![CDATA[2025-10-18 07:00:00]]></wp:post_modified_gmt>
					<wp:comment_status><![CDATA[open]]></wp:comment_status>
					<wp:post_name><![CDATA[mini-christmas-lights-clear-jpeg]]></wp:post_name>
					<wp:status><![CDATA[inherit]]></wp:status>
					<wp:post_parent>182</wp:post_parent>
					<wp:menu_order>0</wp:menu_order>
					<wp:post_type><![CDATA[attachment]]></wp:post_type>
											<wp:attachment_url><![CDATA[http://dummy.xtemos.com/woodmart2/christmas-2-elementor/wp-content/uploads/sites/60/2025/10/mini-christmas-lights-clear.jpeg]]></wp:attachment_url>
																					<wp:postmeta>
							<wp:meta_key><![CDATA[_wp_attached_file]]></wp:meta_key>
							<wp:meta_value><![CDATA[2025/10/mini-christmas-lights-clear.jpeg]]></wp:meta_value>
						</wp:postmeta>
												<wp:postmeta>
							<wp:meta_key><![CDATA[_wc_attachment_source]]></wp:meta_key>
							<wp:meta_value><![CDATA[https://woodmart.xtemos.com/christmas-shop/wp-content/uploads/sites/29/2025/07/mini-christmas-lights-clear.jpeg]]></wp:meta_value>
						</wp:postmeta>
										</item>
								<item>
					<title><![CDATA[led-faceted-c9-christmas-lights.jpeg]]></title>
					<link>https://dummy.xtemos.com/woodmart2/christmas-2-elementor/?attachment_id=243</link>
					<pubDate>Sat, 18 Oct 2025 07:00:01 +0000</pubDate>
					<dc:creator><![CDATA[Mr. Mackay]]></dc:creator>
					<guid isPermaLink="false">http://dummy.xtemos.com/woodmart2/christmas-shop-elementor/wp-content/uploads/sites/60/2025/10/led-faceted-c9-christmas-lights.jpeg</guid>
															<wp:post_id>243</wp:post_id>
					<wp:post_date><![CDATA[2025-10-18 07:00:01]]></wp:post_date>
					<wp:post_date_gmt><![CDATA[2025-10-18 07:00:01]]></wp:post_date_gmt>
					<wp:post_modified><![CDATA[2025-10-18 07:00:01]]></wp:post_modified>
					<wp:post_modified_gmt><![CDATA[2025-10-18 07:00:01]]></wp:post_modified_gmt>
					<wp:comment_status><![CDATA[open]]></wp:comment_status>
					<wp:post_name><![CDATA[led-faceted-c9-christmas-lights-jpeg]]></wp:post_name>
					<wp:status><![CDATA[inherit]]></wp:status>
					<wp:post_parent>183</wp:post_parent>
					<wp:menu_order>0</wp:menu_order>
					<wp:post_type><![CDATA[attachment]]></wp:post_type>
											<wp:attachment_url><![CDATA[http://dummy.xtemos.com/woodmart2/christmas-2-elementor/wp-content/uploads/sites/60/2025/10/led-faceted-c9-christmas-lights.jpeg]]></wp:attachment_url>
																					<wp:postmeta>
							<wp:meta_key><![CDATA[_wp_attached_file]]></wp:meta_key>
							<wp:meta_value><![CDATA[2025/10/led-faceted-c9-christmas-lights.jpeg]]></wp:meta_value>
						</wp:postmeta>
												<wp:postmeta>
							<wp:meta_key><![CDATA[_wc_attachment_source]]></wp:meta_key>
							<wp:meta_value><![CDATA[https://woodmart.xtemos.com/christmas-shop/wp-content/uploads/sites/29/2025/07/led-faceted-c9-christmas-lights.jpeg]]></wp:meta_value>
						</wp:postmeta>
										</item>
								<item>
					<title><![CDATA[wide-angle-christmas-lights-warm-white.jpeg]]></title>
					<link>https://dummy.xtemos.com/woodmart2/christmas-2-elementor/?attachment_id=246</link>
					<pubDate>Sat, 18 Oct 2025 07:00:02 +0000</pubDate>
					<dc:creator><![CDATA[Mr. Mackay]]></dc:creator>
					<guid isPermaLink="false">http://dummy.xtemos.com/woodmart2/christmas-shop-elementor/wp-content/uploads/sites/60/2025/10/wide-angle-christmas-lights-warm-white.jpeg</guid>
															<wp:post_id>246</wp:post_id>
					<wp:post_date><![CDATA[2025-10-18 07:00:02]]></wp:post_date>
					<wp:post_date_gmt><![CDATA[2025-10-18 07:00:02]]></wp:post_date_gmt>
					<wp:post_modified><![CDATA[2025-10-18 07:00:02]]></wp:post_modified>
					<wp:post_modified_gmt><![CDATA[2025-10-18 07:00:02]]></wp:post_modified_gmt>
					<wp:comment_status><![CDATA[open]]></wp:comment_status>
					<wp:post_name><![CDATA[wide-angle-christmas-lights-warm-white-jpeg]]></wp:post_name>
					<wp:status><![CDATA[inherit]]></wp:status>
					<wp:post_parent>184</wp:post_parent>
					<wp:menu_order>0</wp:menu_order>
					<wp:post_type><![CDATA[attachment]]></wp:post_type>
											<wp:attachment_url><![CDATA[http://dummy.xtemos.com/woodmart2/christmas-2-elementor/wp-content/uploads/sites/60/2025/10/wide-angle-christmas-lights-warm-white.jpeg]]></wp:attachment_url>
																					<wp:postmeta>
							<wp:meta_key><![CDATA[_wp_attached_file]]></wp:meta_key>
							<wp:meta_value><![CDATA[2025/10/wide-angle-christmas-lights-warm-white.jpeg]]></wp:meta_value>
						</wp:postmeta>
												<wp:postmeta>
							<wp:meta_key><![CDATA[_wc_attachment_source]]></wp:meta_key>
							<wp:meta_value><![CDATA[https://woodmart.xtemos.com/christmas-shop/wp-content/uploads/sites/29/2025/07/wide-angle-christmas-lights-warm-white.jpeg]]></wp:meta_value>
						</wp:postmeta>
										</item>
								<item>
					<title><![CDATA[villeroy-boch-toys-delight-dinnerware-set.jpeg]]></title>
					<link>https://dummy.xtemos.com/woodmart2/christmas-2-elementor/?attachment_id=250</link>
					<pubDate>Sat, 18 Oct 2025 07:00:03 +0000</pubDate>
					<dc:creator><![CDATA[Mr. Mackay]]></dc:creator>
					<guid isPermaLink="false">http://dummy.xtemos.com/woodmart2/christmas-shop-elementor/wp-content/uploads/sites/60/2025/10/villeroy-boch-toys-delight-dinnerware-set.jpeg</guid>
															<wp:post_id>250</wp:post_id>
					<wp:post_date><![CDATA[2025-10-18 07:00:03]]></wp:post_date>
					<wp:post_date_gmt><![CDATA[2025-10-18 07:00:03]]></wp:post_date_gmt>
					<wp:post_modified><![CDATA[2025-10-18 07:00:03]]></wp:post_modified>
					<wp:post_modified_gmt><![CDATA[2025-10-18 07:00:03]]></wp:post_modified_gmt>
					<wp:comment_status><![CDATA[open]]></wp:comment_status>
					<wp:post_name><![CDATA[villeroy-boch-toys-delight-dinnerware-set-jpeg]]></wp:post_name>
					<wp:status><![CDATA[inherit]]></wp:status>
					<wp:post_parent>185</wp:post_parent>
					<wp:menu_order>0</wp:menu_order>
					<wp:post_type><![CDATA[attachment]]></wp:post_type>
											<wp:attachment_url><![CDATA[http://dummy.xtemos.com/woodmart2/christmas-2-elementor/wp-content/uploads/sites/60/2025/10/villeroy-boch-toys-delight-dinnerware-set.jpeg]]></wp:attachment_url>
																					<wp:postmeta>
							<wp:meta_key><![CDATA[_wp_attached_file]]></wp:meta_key>
							<wp:meta_value><![CDATA[2025/10/villeroy-boch-toys-delight-dinnerware-set.jpeg]]></wp:meta_value>
						</wp:postmeta>
												<wp:postmeta>
							<wp:meta_key><![CDATA[_wc_attachment_source]]></wp:meta_key>
							<wp:meta_value><![CDATA[https://woodmart.xtemos.com/christmas-shop/wp-content/uploads/sites/29/2025/07/villeroy--boch-toys-delight-dinnerware-set.jpeg]]></wp:meta_value>
						</wp:postmeta>
										</item>
								<item>
					<title><![CDATA[mug-with-a-christmas-tree-print.jpeg]]></title>
					<link>https://dummy.xtemos.com/woodmart2/christmas-2-elementor/?attachment_id=254</link>
					<pubDate>Sat, 18 Oct 2025 07:00:04 +0000</pubDate>
					<dc:creator><![CDATA[Mr. Mackay]]></dc:creator>
					<guid isPermaLink="false">http://dummy.xtemos.com/woodmart2/christmas-shop-elementor/wp-content/uploads/sites/60/2025/10/mug-with-a-christmas-tree-print.jpeg</guid>
															<wp:post_id>254</wp:post_id>
					<wp:post_date><![CDATA[2025-10-18 07:00:04]]></wp:post_date>
					<wp:post_date_gmt><![CDATA[2025-10-18 07:00:04]]></wp:post_date_gmt>
					<wp:post_modified><![CDATA[2025-10-18 07:00:04]]></wp:post_modified>
					<wp:post_modified_gmt><![CDATA[2025-10-18 07:00:04]]></wp:post_modified_gmt>
					<wp:comment_status><![CDATA[open]]></wp:comment_status>
					<wp:post_name><![CDATA[mug-with-a-christmas-tree-print-jpeg]]></wp:post_name>
					<wp:status><![CDATA[inherit]]></wp:status>
					<wp:post_parent>186</wp:post_parent>
					<wp:menu_order>0</wp:menu_order>
					<wp:post_type><![CDATA[attachment]]></wp:post_type>
											<wp:attachment_url><![CDATA[http://dummy.xtemos.com/woodmart2/christmas-2-elementor/wp-content/uploads/sites/60/2025/10/mug-with-a-christmas-tree-print.jpeg]]></wp:attachment_url>
																					<wp:postmeta>
							<wp:meta_key><![CDATA[_wp_attached_file]]></wp:meta_key>
							<wp:meta_value><![CDATA[2025/10/mug-with-a-christmas-tree-print.jpeg]]></wp:meta_value>
						</wp:postmeta>
												<wp:postmeta>
							<wp:meta_key><![CDATA[_wc_attachment_source]]></wp:meta_key>
							<wp:meta_value><![CDATA[https://woodmart.xtemos.com/christmas-shop/wp-content/uploads/sites/29/2025/07/mug-with-a-christmas-tree-print.jpeg]]></wp:meta_value>
						</wp:postmeta>
										</item>
								<item>
					<title><![CDATA[premium-porcelain-serving-platter.jpeg]]></title>
					<link>https://dummy.xtemos.com/woodmart2/christmas-2-elementor/?attachment_id=256</link>
					<pubDate>Sat, 18 Oct 2025 07:00:05 +0000</pubDate>
					<dc:creator><![CDATA[Mr. Mackay]]></dc:creator>
					<guid isPermaLink="false">http://dummy.xtemos.com/woodmart2/christmas-shop-elementor/wp-content/uploads/sites/60/2025/10/premium-porcelain-serving-platter.jpeg</guid>
															<wp:post_id>256</wp:post_id>
					<wp:post_date><![CDATA[2025-10-18 07:00:05]]></wp:post_date>
					<wp:post_date_gmt><![CDATA[2025-10-18 07:00:05]]></wp:post_date_gmt>
					<wp:post_modified><![CDATA[2025-10-18 07:00:05]]></wp:post_modified>
					<wp:post_modified_gmt><![CDATA[2025-10-18 07:00:05]]></wp:post_modified_gmt>
					<wp:comment_status><![CDATA[open]]></wp:comment_status>
					<wp:post_name><![CDATA[premium-porcelain-serving-platter-jpeg]]></wp:post_name>
					<wp:status><![CDATA[inherit]]></wp:status>
					<wp:post_parent>187</wp:post_parent>
					<wp:menu_order>0</wp:menu_order>
					<wp:post_type><![CDATA[attachment]]></wp:post_type>
											<wp:attachment_url><![CDATA[http://dummy.xtemos.com/woodmart2/christmas-2-elementor/wp-content/uploads/sites/60/2025/10/premium-porcelain-serving-platter.jpeg]]></wp:attachment_url>
																					<wp:postmeta>
							<wp:meta_key><![CDATA[_wp_attached_file]]></wp:meta_key>
							<wp:meta_value><![CDATA[2025/10/premium-porcelain-serving-platter.jpeg]]></wp:meta_value>
						</wp:postmeta>
												<wp:postmeta>
							<wp:meta_key><![CDATA[_wc_attachment_source]]></wp:meta_key>
							<wp:meta_value><![CDATA[https://woodmart.xtemos.com/christmas-shop/wp-content/uploads/sites/29/2025/07/premium-porcelain-serving-platter.jpeg]]></wp:meta_value>
						</wp:postmeta>
										</item>
								<item>
					<title><![CDATA[christmas-eve-plate-20-cm.jpeg]]></title>
					<link>https://dummy.xtemos.com/woodmart2/christmas-2-elementor/?attachment_id=260</link>
					<pubDate>Sat, 18 Oct 2025 07:00:06 +0000</pubDate>
					<dc:creator><![CDATA[Mr. Mackay]]></dc:creator>
					<guid isPermaLink="false">http://dummy.xtemos.com/woodmart2/christmas-shop-elementor/wp-content/uploads/sites/60/2025/10/christmas-eve-plate-20-cm.jpeg</guid>
															<wp:post_id>260</wp:post_id>
					<wp:post_date><![CDATA[2025-10-18 07:00:06]]></wp:post_date>
					<wp:post_date_gmt><![CDATA[2025-10-18 07:00:06]]></wp:post_date_gmt>
					<wp:post_modified><![CDATA[2025-10-18 07:00:06]]></wp:post_modified>
					<wp:post_modified_gmt><![CDATA[2025-10-18 07:00:06]]></wp:post_modified_gmt>
					<wp:comment_status><![CDATA[open]]></wp:comment_status>
					<wp:post_name><![CDATA[christmas-eve-plate-20-cm-jpeg]]></wp:post_name>
					<wp:status><![CDATA[inherit]]></wp:status>
					<wp:post_parent>188</wp:post_parent>
					<wp:menu_order>0</wp:menu_order>
					<wp:post_type><![CDATA[attachment]]></wp:post_type>
											<wp:attachment_url><![CDATA[http://dummy.xtemos.com/woodmart2/christmas-2-elementor/wp-content/uploads/sites/60/2025/10/christmas-eve-plate-20-cm.jpeg]]></wp:attachment_url>
																					<wp:postmeta>
							<wp:meta_key><![CDATA[_wp_attached_file]]></wp:meta_key>
							<wp:meta_value><![CDATA[2025/10/christmas-eve-plate-20-cm.jpeg]]></wp:meta_value>
						</wp:postmeta>
												<wp:postmeta>
							<wp:meta_key><![CDATA[_wc_attachment_source]]></wp:meta_key>
							<wp:meta_value><![CDATA[https://woodmart.xtemos.com/christmas-shop/wp-content/uploads/sites/29/2025/07/christmas-eve-plate-20-cm.jpeg]]></wp:meta_value>
						</wp:postmeta>
										</item>
								<item>
					<title><![CDATA[multicolored-premium-porcelain-bowl.jpeg]]></title>
					<link>https://dummy.xtemos.com/woodmart2/christmas-2-elementor/?attachment_id=265</link>
					<pubDate>Sat, 18 Oct 2025 07:00:10 +0000</pubDate>
					<dc:creator><![CDATA[Mr. Mackay]]></dc:creator>
					<guid isPermaLink="false">http://dummy.xtemos.com/woodmart2/christmas-shop-elementor/wp-content/uploads/sites/60/2025/10/multicolored-premium-porcelain-bowl.jpeg</guid>
															<wp:post_id>265</wp:post_id>
					<wp:post_date><![CDATA[2025-10-18 07:00:10]]></wp:post_date>
					<wp:post_date_gmt><![CDATA[2025-10-18 07:00:10]]></wp:post_date_gmt>
					<wp:post_modified><![CDATA[2025-10-18 07:00:10]]></wp:post_modified>
					<wp:post_modified_gmt><![CDATA[2025-10-18 07:00:10]]></wp:post_modified_gmt>
					<wp:comment_status><![CDATA[open]]></wp:comment_status>
					<wp:post_name><![CDATA[multicolored-premium-porcelain-bowl-jpeg]]></wp:post_name>
					<wp:status><![CDATA[inherit]]></wp:status>
					<wp:post_parent>190</wp:post_parent>
					<wp:menu_order>0</wp:menu_order>
					<wp:post_type><![CDATA[attachment]]></wp:post_type>
											<wp:attachment_url><![CDATA[http://dummy.xtemos.com/woodmart2/christmas-2-elementor/wp-content/uploads/sites/60/2025/10/multicolored-premium-porcelain-bowl.jpeg]]></wp:attachment_url>
																					<wp:postmeta>
							<wp:meta_key><![CDATA[_wp_attached_file]]></wp:meta_key>
							<wp:meta_value><![CDATA[2025/10/multicolored-premium-porcelain-bowl.jpeg]]></wp:meta_value>
						</wp:postmeta>
												<wp:postmeta>
							<wp:meta_key><![CDATA[_wc_attachment_source]]></wp:meta_key>
							<wp:meta_value><![CDATA[https://woodmart.xtemos.com/christmas-shop/wp-content/uploads/sites/29/2025/07/multicolored-premium-porcelain-bowl.jpeg]]></wp:meta_value>
						</wp:postmeta>
										</item>
								<item>
					<title><![CDATA[christmas-yop-star.jpeg]]></title>
					<link>https://dummy.xtemos.com/woodmart2/christmas-2-elementor/?attachment_id=166</link>
					<pubDate>Sat, 18 Oct 2025 06:59:41 +0000</pubDate>
					<dc:creator><![CDATA[Mr. Mackay]]></dc:creator>
					<guid isPermaLink="false">http://dummy.xtemos.com/woodmart2/christmas-shop-elementor/wp-content/uploads/sites/60/2025/10/christmas-yop-star.jpeg</guid>
															<wp:post_id>166</wp:post_id>
					<wp:post_date><![CDATA[2025-10-18 06:59:41]]></wp:post_date>
					<wp:post_date_gmt><![CDATA[2025-10-18 06:59:41]]></wp:post_date_gmt>
					<wp:post_modified><![CDATA[2025-10-18 06:59:41]]></wp:post_modified>
					<wp:post_modified_gmt><![CDATA[2025-10-18 06:59:41]]></wp:post_modified_gmt>
					<wp:comment_status><![CDATA[open]]></wp:comment_status>
					<wp:post_name><![CDATA[christmas-yop-star-jpeg]]></wp:post_name>
					<wp:status><![CDATA[inherit]]></wp:status>
					<wp:post_parent>99</wp:post_parent>
					<wp:menu_order>0</wp:menu_order>
					<wp:post_type><![CDATA[attachment]]></wp:post_type>
											<wp:attachment_url><![CDATA[http://dummy.xtemos.com/woodmart2/christmas-2-elementor/wp-content/uploads/sites/60/2025/10/christmas-yop-star.jpeg]]></wp:attachment_url>
																					<wp:postmeta>
							<wp:meta_key><![CDATA[_wp_attached_file]]></wp:meta_key>
							<wp:meta_value><![CDATA[2025/10/christmas-yop-star.jpeg]]></wp:meta_value>
						</wp:postmeta>
												<wp:postmeta>
							<wp:meta_key><![CDATA[_wc_attachment_source]]></wp:meta_key>
							<wp:meta_value><![CDATA[https://woodmart.xtemos.com/christmas-shop/wp-content/uploads/sites/29/2025/07/christmas-yop-star.jpeg]]></wp:meta_value>
						</wp:postmeta>
										</item>
								<item>
					<title><![CDATA[christmas-candleholder-star-and-moon.jpeg]]></title>
					<link>https://dummy.xtemos.com/woodmart2/christmas-2-elementor/?attachment_id=171</link>
					<pubDate>Sat, 18 Oct 2025 06:59:43 +0000</pubDate>
					<dc:creator><![CDATA[Mr. Mackay]]></dc:creator>
					<guid isPermaLink="false">http://dummy.xtemos.com/woodmart2/christmas-shop-elementor/wp-content/uploads/sites/60/2025/10/christmas-candleholder-star-and-moon.jpeg</guid>
															<wp:post_id>171</wp:post_id>
					<wp:post_date><![CDATA[2025-10-18 06:59:43]]></wp:post_date>
					<wp:post_date_gmt><![CDATA[2025-10-18 06:59:43]]></wp:post_date_gmt>
					<wp:post_modified><![CDATA[2025-10-18 06:59:43]]></wp:post_modified>
					<wp:post_modified_gmt><![CDATA[2025-10-18 06:59:43]]></wp:post_modified_gmt>
					<wp:comment_status><![CDATA[open]]></wp:comment_status>
					<wp:post_name><![CDATA[christmas-candleholder-star-and-moon-jpeg]]></wp:post_name>
					<wp:status><![CDATA[inherit]]></wp:status>
					<wp:post_parent>101</wp:post_parent>
					<wp:menu_order>0</wp:menu_order>
					<wp:post_type><![CDATA[attachment]]></wp:post_type>
											<wp:attachment_url><![CDATA[http://dummy.xtemos.com/woodmart2/christmas-2-elementor/wp-content/uploads/sites/60/2025/10/christmas-candleholder-star-and-moon.jpeg]]></wp:attachment_url>
																					<wp:postmeta>
							<wp:meta_key><![CDATA[_wp_attached_file]]></wp:meta_key>
							<wp:meta_value><![CDATA[2025/10/christmas-candleholder-star-and-moon.jpeg]]></wp:meta_value>
						</wp:postmeta>
												<wp:postmeta>
							<wp:meta_key><![CDATA[_wc_attachment_source]]></wp:meta_key>
							<wp:meta_value><![CDATA[https://woodmart.xtemos.com/christmas-shop/wp-content/uploads/sites/29/2025/07/christmas-candleholder-star-and-moon.jpeg]]></wp:meta_value>
						</wp:postmeta>
										</item>
								<item>
					<title><![CDATA[northlight-50count-warm-white-led.jpeg]]></title>
					<link>https://dummy.xtemos.com/woodmart2/christmas-2-elementor/?attachment_id=212</link>
					<pubDate>Sat, 18 Oct 2025 06:59:52 +0000</pubDate>
					<dc:creator><![CDATA[Mr. Mackay]]></dc:creator>
					<guid isPermaLink="false">http://dummy.xtemos.com/woodmart2/christmas-shop-elementor/wp-content/uploads/sites/60/2025/10/northlight-50count-warm-white-led.jpeg</guid>
															<wp:post_id>212</wp:post_id>
					<wp:post_date><![CDATA[2025-10-18 06:59:52]]></wp:post_date>
					<wp:post_date_gmt><![CDATA[2025-10-18 06:59:52]]></wp:post_date_gmt>
					<wp:post_modified><![CDATA[2025-10-18 06:59:52]]></wp:post_modified>
					<wp:post_modified_gmt><![CDATA[2025-10-18 06:59:52]]></wp:post_modified_gmt>
					<wp:comment_status><![CDATA[open]]></wp:comment_status>
					<wp:post_name><![CDATA[northlight-50count-warm-white-led-jpeg]]></wp:post_name>
					<wp:status><![CDATA[inherit]]></wp:status>
					<wp:post_parent>110</wp:post_parent>
					<wp:menu_order>0</wp:menu_order>
					<wp:post_type><![CDATA[attachment]]></wp:post_type>
											<wp:attachment_url><![CDATA[http://dummy.xtemos.com/woodmart2/christmas-2-elementor/wp-content/uploads/sites/60/2025/10/northlight-50count-warm-white-led.jpeg]]></wp:attachment_url>
																					<wp:postmeta>
							<wp:meta_key><![CDATA[_wp_attached_file]]></wp:meta_key>
							<wp:meta_value><![CDATA[2025/10/northlight-50count-warm-white-led.jpeg]]></wp:meta_value>
						</wp:postmeta>
												<wp:postmeta>
							<wp:meta_key><![CDATA[_wc_attachment_source]]></wp:meta_key>
							<wp:meta_value><![CDATA[https://woodmart.xtemos.com/christmas-shop/wp-content/uploads/sites/29/2025/07/northlight-50count-warm-white-led.jpeg]]></wp:meta_value>
						</wp:postmeta>
										</item>
								<item>
					<title><![CDATA[mini-christmas-light-set.jpeg]]></title>
					<link>https://dummy.xtemos.com/woodmart2/christmas-2-elementor/?attachment_id=223</link>
					<pubDate>Sat, 18 Oct 2025 06:59:55 +0000</pubDate>
					<dc:creator><![CDATA[Mr. Mackay]]></dc:creator>
					<guid isPermaLink="false">http://dummy.xtemos.com/woodmart2/christmas-shop-elementor/wp-content/uploads/sites/60/2025/10/mini-christmas-light-set.jpeg</guid>
															<wp:post_id>223</wp:post_id>
					<wp:post_date><![CDATA[2025-10-18 06:59:55]]></wp:post_date>
					<wp:post_date_gmt><![CDATA[2025-10-18 06:59:55]]></wp:post_date_gmt>
					<wp:post_modified><![CDATA[2025-10-18 06:59:55]]></wp:post_modified>
					<wp:post_modified_gmt><![CDATA[2025-10-18 06:59:55]]></wp:post_modified_gmt>
					<wp:comment_status><![CDATA[open]]></wp:comment_status>
					<wp:post_name><![CDATA[mini-christmas-light-set-jpeg]]></wp:post_name>
					<wp:status><![CDATA[inherit]]></wp:status>
					<wp:post_parent>113</wp:post_parent>
					<wp:menu_order>0</wp:menu_order>
					<wp:post_type><![CDATA[attachment]]></wp:post_type>
											<wp:attachment_url><![CDATA[http://dummy.xtemos.com/woodmart2/christmas-2-elementor/wp-content/uploads/sites/60/2025/10/mini-christmas-light-set.jpeg]]></wp:attachment_url>
																					<wp:postmeta>
							<wp:meta_key><![CDATA[_wp_attached_file]]></wp:meta_key>
							<wp:meta_value><![CDATA[2025/10/mini-christmas-light-set.jpeg]]></wp:meta_value>
						</wp:postmeta>
												<wp:postmeta>
							<wp:meta_key><![CDATA[_wc_attachment_source]]></wp:meta_key>
							<wp:meta_value><![CDATA[https://woodmart.xtemos.com/christmas-shop/wp-content/uploads/sites/29/2025/07/mini-christmas-light-set.jpeg]]></wp:meta_value>
						</wp:postmeta>
										</item>
								<item>
					<title><![CDATA[northlight-lighted-prancing-reindeer.jpeg]]></title>
					<link>https://dummy.xtemos.com/woodmart2/christmas-2-elementor/?attachment_id=226</link>
					<pubDate>Sat, 18 Oct 2025 06:59:56 +0000</pubDate>
					<dc:creator><![CDATA[Mr. Mackay]]></dc:creator>
					<guid isPermaLink="false">http://dummy.xtemos.com/woodmart2/christmas-shop-elementor/wp-content/uploads/sites/60/2025/10/northlight-lighted-prancing-reindeer.jpeg</guid>
															<wp:post_id>226</wp:post_id>
					<wp:post_date><![CDATA[2025-10-18 06:59:56]]></wp:post_date>
					<wp:post_date_gmt><![CDATA[2025-10-18 06:59:56]]></wp:post_date_gmt>
					<wp:post_modified><![CDATA[2025-10-18 06:59:56]]></wp:post_modified>
					<wp:post_modified_gmt><![CDATA[2025-10-18 06:59:56]]></wp:post_modified_gmt>
					<wp:comment_status><![CDATA[open]]></wp:comment_status>
					<wp:post_name><![CDATA[northlight-lighted-prancing-reindeer-jpeg]]></wp:post_name>
					<wp:status><![CDATA[inherit]]></wp:status>
					<wp:post_parent>114</wp:post_parent>
					<wp:menu_order>0</wp:menu_order>
					<wp:post_type><![CDATA[attachment]]></wp:post_type>
											<wp:attachment_url><![CDATA[http://dummy.xtemos.com/woodmart2/christmas-2-elementor/wp-content/uploads/sites/60/2025/10/northlight-lighted-prancing-reindeer.jpeg]]></wp:attachment_url>
																					<wp:postmeta>
							<wp:meta_key><![CDATA[_wp_attached_file]]></wp:meta_key>
							<wp:meta_value><![CDATA[2025/10/northlight-lighted-prancing-reindeer.jpeg]]></wp:meta_value>
						</wp:postmeta>
												<wp:postmeta>
							<wp:meta_key><![CDATA[_wc_attachment_source]]></wp:meta_key>
							<wp:meta_value><![CDATA[https://woodmart.xtemos.com/christmas-shop/wp-content/uploads/sites/29/2025/07/northlight-lighted-prancing-reindeer.jpeg]]></wp:meta_value>
						</wp:postmeta>
										</item>
								<item>
					<title><![CDATA[vintage-christmas-string-light-set.jpeg]]></title>
					<link>https://dummy.xtemos.com/woodmart2/christmas-2-elementor/?attachment_id=232</link>
					<pubDate>Sat, 18 Oct 2025 06:59:58 +0000</pubDate>
					<dc:creator><![CDATA[Mr. Mackay]]></dc:creator>
					<guid isPermaLink="false">http://dummy.xtemos.com/woodmart2/christmas-shop-elementor/wp-content/uploads/sites/60/2025/10/vintage-christmas-string-light-set.jpeg</guid>
															<wp:post_id>232</wp:post_id>
					<wp:post_date><![CDATA[2025-10-18 06:59:58]]></wp:post_date>
					<wp:post_date_gmt><![CDATA[2025-10-18 06:59:58]]></wp:post_date_gmt>
					<wp:post_modified><![CDATA[2025-10-18 06:59:58]]></wp:post_modified>
					<wp:post_modified_gmt><![CDATA[2025-10-18 06:59:58]]></wp:post_modified_gmt>
					<wp:comment_status><![CDATA[open]]></wp:comment_status>
					<wp:post_name><![CDATA[vintage-christmas-string-light-set-jpeg]]></wp:post_name>
					<wp:status><![CDATA[inherit]]></wp:status>
					<wp:post_parent>180</wp:post_parent>
					<wp:menu_order>0</wp:menu_order>
					<wp:post_type><![CDATA[attachment]]></wp:post_type>
											<wp:attachment_url><![CDATA[http://dummy.xtemos.com/woodmart2/christmas-2-elementor/wp-content/uploads/sites/60/2025/10/vintage-christmas-string-light-set.jpeg]]></wp:attachment_url>
																					<wp:postmeta>
							<wp:meta_key><![CDATA[_wp_attached_file]]></wp:meta_key>
							<wp:meta_value><![CDATA[2025/10/vintage-christmas-string-light-set.jpeg]]></wp:meta_value>
						</wp:postmeta>
												<wp:postmeta>
							<wp:meta_key><![CDATA[_wc_attachment_source]]></wp:meta_key>
							<wp:meta_value><![CDATA[https://woodmart.xtemos.com/christmas-shop/wp-content/uploads/sites/29/2025/07/vintage-christmas-string-light-set.jpeg]]></wp:meta_value>
						</wp:postmeta>
										</item>
								<item>
					<title><![CDATA[premium-bowl-for-cookies-and-treats.jpeg]]></title>
					<link>https://dummy.xtemos.com/woodmart2/christmas-2-elementor/?attachment_id=263</link>
					<pubDate>Sat, 18 Oct 2025 07:00:09 +0000</pubDate>
					<dc:creator><![CDATA[Mr. Mackay]]></dc:creator>
					<guid isPermaLink="false">http://dummy.xtemos.com/woodmart2/christmas-shop-elementor/wp-content/uploads/sites/60/2025/10/premium-bowl-for-cookies-and-treats.jpeg</guid>
															<wp:post_id>263</wp:post_id>
					<wp:post_date><![CDATA[2025-10-18 07:00:09]]></wp:post_date>
					<wp:post_date_gmt><![CDATA[2025-10-18 07:00:09]]></wp:post_date_gmt>
					<wp:post_modified><![CDATA[2025-10-18 07:00:09]]></wp:post_modified>
					<wp:post_modified_gmt><![CDATA[2025-10-18 07:00:09]]></wp:post_modified_gmt>
					<wp:comment_status><![CDATA[open]]></wp:comment_status>
					<wp:post_name><![CDATA[premium-bowl-for-cookies-and-treats-jpeg]]></wp:post_name>
					<wp:status><![CDATA[inherit]]></wp:status>
					<wp:post_parent>189</wp:post_parent>
					<wp:menu_order>0</wp:menu_order>
					<wp:post_type><![CDATA[attachment]]></wp:post_type>
											<wp:attachment_url><![CDATA[http://dummy.xtemos.com/woodmart2/christmas-2-elementor/wp-content/uploads/sites/60/2025/10/premium-bowl-for-cookies-and-treats.jpeg]]></wp:attachment_url>
																					<wp:postmeta>
							<wp:meta_key><![CDATA[_wp_attached_file]]></wp:meta_key>
							<wp:meta_value><![CDATA[2025/10/premium-bowl-for-cookies-and-treats.jpeg]]></wp:meta_value>
						</wp:postmeta>
												<wp:postmeta>
							<wp:meta_key><![CDATA[_wc_attachment_source]]></wp:meta_key>
							<wp:meta_value><![CDATA[https://woodmart.xtemos.com/christmas-shop/wp-content/uploads/sites/29/2025/07/premium-bowl-for-cookies-and-treats.jpeg]]></wp:meta_value>
						</wp:postmeta>
										</item>
								<item>
					<title><![CDATA[premium-porcelain-gold-mug.jpeg]]></title>
					<link>https://dummy.xtemos.com/woodmart2/christmas-2-elementor/?attachment_id=271</link>
					<pubDate>Sat, 18 Oct 2025 07:00:12 +0000</pubDate>
					<dc:creator><![CDATA[Mr. Mackay]]></dc:creator>
					<guid isPermaLink="false">http://dummy.xtemos.com/woodmart2/christmas-shop-elementor/wp-content/uploads/sites/60/2025/10/premium-porcelain-gold-mug.jpeg</guid>
															<wp:post_id>271</wp:post_id>
					<wp:post_date><![CDATA[2025-10-18 07:00:12]]></wp:post_date>
					<wp:post_date_gmt><![CDATA[2025-10-18 07:00:12]]></wp:post_date_gmt>
					<wp:post_modified><![CDATA[2025-10-18 07:00:12]]></wp:post_modified>
					<wp:post_modified_gmt><![CDATA[2025-10-18 07:00:12]]></wp:post_modified_gmt>
					<wp:comment_status><![CDATA[open]]></wp:comment_status>
					<wp:post_name><![CDATA[premium-porcelain-gold-mug-jpeg]]></wp:post_name>
					<wp:status><![CDATA[inherit]]></wp:status>
					<wp:post_parent>192</wp:post_parent>
					<wp:menu_order>0</wp:menu_order>
					<wp:post_type><![CDATA[attachment]]></wp:post_type>
											<wp:attachment_url><![CDATA[http://dummy.xtemos.com/woodmart2/christmas-2-elementor/wp-content/uploads/sites/60/2025/10/premium-porcelain-gold-mug.jpeg]]></wp:attachment_url>
																					<wp:postmeta>
							<wp:meta_key><![CDATA[_wp_attached_file]]></wp:meta_key>
							<wp:meta_value><![CDATA[2025/10/premium-porcelain-gold-mug.jpeg]]></wp:meta_value>
						</wp:postmeta>
												<wp:postmeta>
							<wp:meta_key><![CDATA[_wc_attachment_source]]></wp:meta_key>
							<wp:meta_value><![CDATA[https://woodmart.xtemos.com/christmas-shop/wp-content/uploads/sites/29/2025/07/premium-porcelain-gold-mug.jpeg]]></wp:meta_value>
						</wp:postmeta>
										</item>
				</channel>
</rss>
	