<?xml version="1.0" encoding="UTF-8" ?>
	<!-- This is a WordPress eXtended RSS file generated by WordPress as an export of your site. -->
	<!-- It contains information about your site's posts, pages, comments, categories, and other content. -->
	<!-- You may use this file to transfer that content from one site to another. -->
	<!-- This file is not intended to serve as a complete backup of your site. -->

	<!-- To import this information into a WordPress site follow these steps: -->
	<!-- 1. Log in to that site as an administrator. -->
	<!-- 2. Go to Tools: Import in the WordPress admin panel. -->
	<!-- 3. Install the "WordPress" importer from the list. -->
	<!-- 4. Activate & Run Importer. -->
	<!-- 5. Upload this file using the form provided on that page. -->
	<!-- 6. You will first be asked to map the authors in this export file to users -->
	<!--    on the site. For each author, you may choose to map to an -->
	<!--    existing user on the site or to create a new user. -->
	<!-- 7. WordPress will then import each of the posts, pages, comments, categories, etc. -->
	<!--    contained in this file into your site. -->

	<!-- generator="WordPress/6.7.4" created="2025-10-28 13:15" -->
<rss version="2.0"
	xmlns:excerpt="http://wordpress.org/export/1.2/excerpt/"
	xmlns:content="http://purl.org/rss/1.0/modules/content/"
	xmlns:wfw="http://wellformedweb.org/CommentAPI/"
	xmlns:dc="http://purl.org/dc/elements/1.1/"
	xmlns:wp="http://wordpress.org/export/1.2/"
>

<channel>
	<title>christmas-2-elementor</title>
	<link>https://dummy.xtemos.com/woodmart2/christmas-2-elementor</link>
	<description></description>
	<pubDate>Tue, 28 Oct 2025 13:15:45 +0000</pubDate>
	<language>en-US</language>
	<wp:wxr_version>1.2</wp:wxr_version>
	<wp:base_site_url>https://dummy.xtemos.com/woodmart2/</wp:base_site_url>
	<wp:base_blog_url>https://dummy.xtemos.com/woodmart2/christmas-2-elementor</wp:base_blog_url>

	
					<wp:term>
			<wp:term_id>0</wp:term_id>
			<wp:term_taxonomy><![CDATA[]]></wp:term_taxonomy>
			<wp:term_slug><![CDATA[]]></wp:term_slug>
			<wp:term_parent><![CDATA[]]></wp:term_parent>
					</wp:term>
		
	<generator>https://wordpress.org/?v=6.7.4</generator>

					<item>
					<title><![CDATA[mixed-pine-promo-christmas-tree.jpeg]]></title>
					<link>https://dummy.xtemos.com/woodmart2/christmas-2-elementor/?attachment_id=116</link>
					<pubDate>Sat, 18 Oct 2025 06:59:25 +0000</pubDate>
					<dc:creator><![CDATA[Mr. Mackay]]></dc:creator>
					<guid isPermaLink="false">http://dummy.xtemos.com/woodmart2/christmas-shop-elementor/wp-content/uploads/sites/60/2025/10/mixed-pine-promo-christmas-tree.jpeg</guid>
															<wp:post_id>116</wp:post_id>
					<wp:post_date><![CDATA[2025-10-18 06:59:25]]></wp:post_date>
					<wp:post_date_gmt><![CDATA[2025-10-18 06:59:25]]></wp:post_date_gmt>
					<wp:post_modified><![CDATA[2025-10-18 06:59:25]]></wp:post_modified>
					<wp:post_modified_gmt><![CDATA[2025-10-18 06:59:25]]></wp:post_modified_gmt>
					<wp:comment_status><![CDATA[open]]></wp:comment_status>
					<wp:post_name><![CDATA[mixed-pine-promo-christmas-tree-jpeg]]></wp:post_name>
					<wp:status><![CDATA[inherit]]></wp:status>
					<wp:post_parent>86</wp:post_parent>
					<wp:menu_order>0</wp:menu_order>
					<wp:post_type><![CDATA[attachment]]></wp:post_type>
											<wp:attachment_url><![CDATA[http://dummy.xtemos.com/woodmart2/christmas-2-elementor/wp-content/uploads/sites/60/2025/10/mixed-pine-promo-christmas-tree.jpeg]]></wp:attachment_url>
																					<wp:postmeta>
							<wp:meta_key><![CDATA[_wp_attached_file]]></wp:meta_key>
							<wp:meta_value><![CDATA[2025/10/mixed-pine-promo-christmas-tree.jpeg]]></wp:meta_value>
						</wp:postmeta>
												<wp:postmeta>
							<wp:meta_key><![CDATA[_wc_attachment_source]]></wp:meta_key>
							<wp:meta_value><![CDATA[https://woodmart.xtemos.com/christmas-shop/wp-content/uploads/sites/29/2025/07/mixed-pine-promo-christmas-tree.jpeg]]></wp:meta_value>
						</wp:postmeta>
										</item>
								<item>
					<title><![CDATA[norway-christmas-tree.jpeg]]></title>
					<link>https://dummy.xtemos.com/woodmart2/christmas-2-elementor/?attachment_id=120</link>
					<pubDate>Sat, 18 Oct 2025 06:59:26 +0000</pubDate>
					<dc:creator><![CDATA[Mr. Mackay]]></dc:creator>
					<guid isPermaLink="false">http://dummy.xtemos.com/woodmart2/christmas-shop-elementor/wp-content/uploads/sites/60/2025/10/norway-christmas-tree.jpeg</guid>
															<wp:post_id>120</wp:post_id>
					<wp:post_date><![CDATA[2025-10-18 06:59:26]]></wp:post_date>
					<wp:post_date_gmt><![CDATA[2025-10-18 06:59:26]]></wp:post_date_gmt>
					<wp:post_modified><![CDATA[2025-10-18 06:59:26]]></wp:post_modified>
					<wp:post_modified_gmt><![CDATA[2025-10-18 06:59:26]]></wp:post_modified_gmt>
					<wp:comment_status><![CDATA[open]]></wp:comment_status>
					<wp:post_name><![CDATA[norway-christmas-tree-jpeg]]></wp:post_name>
					<wp:status><![CDATA[inherit]]></wp:status>
					<wp:post_parent>87</wp:post_parent>
					<wp:menu_order>0</wp:menu_order>
					<wp:post_type><![CDATA[attachment]]></wp:post_type>
											<wp:attachment_url><![CDATA[http://dummy.xtemos.com/woodmart2/christmas-2-elementor/wp-content/uploads/sites/60/2025/10/norway-christmas-tree.jpeg]]></wp:attachment_url>
																					<wp:postmeta>
							<wp:meta_key><![CDATA[_wp_attached_file]]></wp:meta_key>
							<wp:meta_value><![CDATA[2025/10/norway-christmas-tree.jpeg]]></wp:meta_value>
						</wp:postmeta>
												<wp:postmeta>
							<wp:meta_key><![CDATA[_wc_attachment_source]]></wp:meta_key>
							<wp:meta_value><![CDATA[https://woodmart.xtemos.com/christmas-shop/wp-content/uploads/sites/29/2025/07/norway-christmas-tree.jpeg]]></wp:meta_value>
						</wp:postmeta>
										</item>
								<item>
					<title><![CDATA[prelit-cypress-fir-christmas-tree.jpeg]]></title>
					<link>https://dummy.xtemos.com/woodmart2/christmas-2-elementor/?attachment_id=124</link>
					<pubDate>Sat, 18 Oct 2025 06:59:28 +0000</pubDate>
					<dc:creator><![CDATA[Mr. Mackay]]></dc:creator>
					<guid isPermaLink="false">http://dummy.xtemos.com/woodmart2/christmas-shop-elementor/wp-content/uploads/sites/60/2025/10/prelit-cypress-fir-christmas-tree.jpeg</guid>
															<wp:post_id>124</wp:post_id>
					<wp:post_date><![CDATA[2025-10-18 06:59:28]]></wp:post_date>
					<wp:post_date_gmt><![CDATA[2025-10-18 06:59:28]]></wp:post_date_gmt>
					<wp:post_modified><![CDATA[2025-10-18 06:59:28]]></wp:post_modified>
					<wp:post_modified_gmt><![CDATA[2025-10-18 06:59:28]]></wp:post_modified_gmt>
					<wp:comment_status><![CDATA[open]]></wp:comment_status>
					<wp:post_name><![CDATA[prelit-cypress-fir-christmas-tree-jpeg]]></wp:post_name>
					<wp:status><![CDATA[inherit]]></wp:status>
					<wp:post_parent>88</wp:post_parent>
					<wp:menu_order>0</wp:menu_order>
					<wp:post_type><![CDATA[attachment]]></wp:post_type>
											<wp:attachment_url><![CDATA[http://dummy.xtemos.com/woodmart2/christmas-2-elementor/wp-content/uploads/sites/60/2025/10/prelit-cypress-fir-christmas-tree.jpeg]]></wp:attachment_url>
																					<wp:postmeta>
							<wp:meta_key><![CDATA[_wp_attached_file]]></wp:meta_key>
							<wp:meta_value><![CDATA[2025/10/prelit-cypress-fir-christmas-tree.jpeg]]></wp:meta_value>
						</wp:postmeta>
												<wp:postmeta>
							<wp:meta_key><![CDATA[_wc_attachment_source]]></wp:meta_key>
							<wp:meta_value><![CDATA[https://woodmart.xtemos.com/christmas-shop/wp-content/uploads/sites/29/2025/07/prelit-cypress-fir-christmas-tree.jpeg]]></wp:meta_value>
						</wp:postmeta>
										</item>
								<item>
					<title><![CDATA[fraser-fir-trees.jpeg]]></title>
					<link>https://dummy.xtemos.com/woodmart2/christmas-2-elementor/?attachment_id=128</link>
					<pubDate>Sat, 18 Oct 2025 06:59:29 +0000</pubDate>
					<dc:creator><![CDATA[Mr. Mackay]]></dc:creator>
					<guid isPermaLink="false">http://dummy.xtemos.com/woodmart2/christmas-shop-elementor/wp-content/uploads/sites/60/2025/10/fraser-fir-trees.jpeg</guid>
															<wp:post_id>128</wp:post_id>
					<wp:post_date><![CDATA[2025-10-18 06:59:29]]></wp:post_date>
					<wp:post_date_gmt><![CDATA[2025-10-18 06:59:29]]></wp:post_date_gmt>
					<wp:post_modified><![CDATA[2025-10-18 06:59:29]]></wp:post_modified>
					<wp:post_modified_gmt><![CDATA[2025-10-18 06:59:29]]></wp:post_modified_gmt>
					<wp:comment_status><![CDATA[open]]></wp:comment_status>
					<wp:post_name><![CDATA[fraser-fir-trees-jpeg]]></wp:post_name>
					<wp:status><![CDATA[inherit]]></wp:status>
					<wp:post_parent>89</wp:post_parent>
					<wp:menu_order>0</wp:menu_order>
					<wp:post_type><![CDATA[attachment]]></wp:post_type>
											<wp:attachment_url><![CDATA[http://dummy.xtemos.com/woodmart2/christmas-2-elementor/wp-content/uploads/sites/60/2025/10/fraser-fir-trees.jpeg]]></wp:attachment_url>
																					<wp:postmeta>
							<wp:meta_key><![CDATA[_wp_attached_file]]></wp:meta_key>
							<wp:meta_value><![CDATA[2025/10/fraser-fir-trees.jpeg]]></wp:meta_value>
						</wp:postmeta>
												<wp:postmeta>
							<wp:meta_key><![CDATA[_wc_attachment_source]]></wp:meta_key>
							<wp:meta_value><![CDATA[https://woodmart.xtemos.com/christmas-shop/wp-content/uploads/sites/29/2025/07/fraser-fir-trees.jpeg]]></wp:meta_value>
						</wp:postmeta>
										</item>
								<item>
					<title><![CDATA[artificial-christmas-tree.jpeg]]></title>
					<link>https://dummy.xtemos.com/woodmart2/christmas-2-elementor/?attachment_id=136</link>
					<pubDate>Sat, 18 Oct 2025 06:59:32 +0000</pubDate>
					<dc:creator><![CDATA[Mr. Mackay]]></dc:creator>
					<guid isPermaLink="false">http://dummy.xtemos.com/woodmart2/christmas-shop-elementor/wp-content/uploads/sites/60/2025/10/artificial-christmas-tree.jpeg</guid>
															<wp:post_id>136</wp:post_id>
					<wp:post_date><![CDATA[2025-10-18 06:59:32]]></wp:post_date>
					<wp:post_date_gmt><![CDATA[2025-10-18 06:59:32]]></wp:post_date_gmt>
					<wp:post_modified><![CDATA[2025-10-18 06:59:32]]></wp:post_modified>
					<wp:post_modified_gmt><![CDATA[2025-10-18 06:59:32]]></wp:post_modified_gmt>
					<wp:comment_status><![CDATA[open]]></wp:comment_status>
					<wp:post_name><![CDATA[artificial-christmas-tree-jpeg]]></wp:post_name>
					<wp:status><![CDATA[inherit]]></wp:status>
					<wp:post_parent>91</wp:post_parent>
					<wp:menu_order>0</wp:menu_order>
					<wp:post_type><![CDATA[attachment]]></wp:post_type>
											<wp:attachment_url><![CDATA[http://dummy.xtemos.com/woodmart2/christmas-2-elementor/wp-content/uploads/sites/60/2025/10/artificial-christmas-tree.jpeg]]></wp:attachment_url>
																					<wp:postmeta>
							<wp:meta_key><![CDATA[_wp_attached_file]]></wp:meta_key>
							<wp:meta_value><![CDATA[2025/10/artificial-christmas-tree.jpeg]]></wp:meta_value>
						</wp:postmeta>
												<wp:postmeta>
							<wp:meta_key><![CDATA[_wc_attachment_source]]></wp:meta_key>
							<wp:meta_value><![CDATA[https://woodmart.xtemos.com/christmas-shop/wp-content/uploads/sites/29/2025/07/artificial-christmas-tree.jpeg]]></wp:meta_value>
						</wp:postmeta>
										</item>
								<item>
					<title><![CDATA[christmas-tree-ontario-premium.jpeg]]></title>
					<link>https://dummy.xtemos.com/woodmart2/christmas-2-elementor/?attachment_id=140</link>
					<pubDate>Sat, 18 Oct 2025 06:59:33 +0000</pubDate>
					<dc:creator><![CDATA[Mr. Mackay]]></dc:creator>
					<guid isPermaLink="false">http://dummy.xtemos.com/woodmart2/christmas-shop-elementor/wp-content/uploads/sites/60/2025/10/christmas-tree-ontario-premium.jpeg</guid>
															<wp:post_id>140</wp:post_id>
					<wp:post_date><![CDATA[2025-10-18 06:59:33]]></wp:post_date>
					<wp:post_date_gmt><![CDATA[2025-10-18 06:59:33]]></wp:post_date_gmt>
					<wp:post_modified><![CDATA[2025-10-18 06:59:33]]></wp:post_modified>
					<wp:post_modified_gmt><![CDATA[2025-10-18 06:59:33]]></wp:post_modified_gmt>
					<wp:comment_status><![CDATA[open]]></wp:comment_status>
					<wp:post_name><![CDATA[christmas-tree-ontario-premium-jpeg]]></wp:post_name>
					<wp:status><![CDATA[inherit]]></wp:status>
					<wp:post_parent>92</wp:post_parent>
					<wp:menu_order>0</wp:menu_order>
					<wp:post_type><![CDATA[attachment]]></wp:post_type>
											<wp:attachment_url><![CDATA[http://dummy.xtemos.com/woodmart2/christmas-2-elementor/wp-content/uploads/sites/60/2025/10/christmas-tree-ontario-premium.jpeg]]></wp:attachment_url>
																					<wp:postmeta>
							<wp:meta_key><![CDATA[_wp_attached_file]]></wp:meta_key>
							<wp:meta_value><![CDATA[2025/10/christmas-tree-ontario-premium.jpeg]]></wp:meta_value>
						</wp:postmeta>
												<wp:postmeta>
							<wp:meta_key><![CDATA[_wc_attachment_source]]></wp:meta_key>
							<wp:meta_value><![CDATA[https://woodmart.xtemos.com/christmas-shop/wp-content/uploads/sites/29/2025/07/christmas-tree--ontario-premium.jpeg]]></wp:meta_value>
						</wp:postmeta>
										</item>
								<item>
					<title><![CDATA[prelit-snow-flocked-christmas-tree.jpeg]]></title>
					<link>https://dummy.xtemos.com/woodmart2/christmas-2-elementor/?attachment_id=144</link>
					<pubDate>Sat, 18 Oct 2025 06:59:34 +0000</pubDate>
					<dc:creator><![CDATA[Mr. Mackay]]></dc:creator>
					<guid isPermaLink="false">http://dummy.xtemos.com/woodmart2/christmas-shop-elementor/wp-content/uploads/sites/60/2025/10/prelit-snow-flocked-christmas-tree.jpeg</guid>
															<wp:post_id>144</wp:post_id>
					<wp:post_date><![CDATA[2025-10-18 06:59:34]]></wp:post_date>
					<wp:post_date_gmt><![CDATA[2025-10-18 06:59:34]]></wp:post_date_gmt>
					<wp:post_modified><![CDATA[2025-10-18 06:59:34]]></wp:post_modified>
					<wp:post_modified_gmt><![CDATA[2025-10-18 06:59:34]]></wp:post_modified_gmt>
					<wp:comment_status><![CDATA[open]]></wp:comment_status>
					<wp:post_name><![CDATA[prelit-snow-flocked-christmas-tree-jpeg]]></wp:post_name>
					<wp:status><![CDATA[inherit]]></wp:status>
					<wp:post_parent>93</wp:post_parent>
					<wp:menu_order>0</wp:menu_order>
					<wp:post_type><![CDATA[attachment]]></wp:post_type>
											<wp:attachment_url><![CDATA[http://dummy.xtemos.com/woodmart2/christmas-2-elementor/wp-content/uploads/sites/60/2025/10/prelit-snow-flocked-christmas-tree.jpeg]]></wp:attachment_url>
																					<wp:postmeta>
							<wp:meta_key><![CDATA[_wp_attached_file]]></wp:meta_key>
							<wp:meta_value><![CDATA[2025/10/prelit-snow-flocked-christmas-tree.jpeg]]></wp:meta_value>
						</wp:postmeta>
												<wp:postmeta>
							<wp:meta_key><![CDATA[_wc_attachment_source]]></wp:meta_key>
							<wp:meta_value><![CDATA[https://woodmart.xtemos.com/christmas-shop/wp-content/uploads/sites/29/2025/07/prelit-snow-flocked-christmas-tree.jpeg]]></wp:meta_value>
						</wp:postmeta>
										</item>
								<item>
					<title><![CDATA[thin-christmas-tree.jpeg]]></title>
					<link>https://dummy.xtemos.com/woodmart2/christmas-2-elementor/?attachment_id=148</link>
					<pubDate>Sat, 18 Oct 2025 06:59:36 +0000</pubDate>
					<dc:creator><![CDATA[Mr. Mackay]]></dc:creator>
					<guid isPermaLink="false">http://dummy.xtemos.com/woodmart2/christmas-shop-elementor/wp-content/uploads/sites/60/2025/10/thin-christmas-tree.jpeg</guid>
															<wp:post_id>148</wp:post_id>
					<wp:post_date><![CDATA[2025-10-18 06:59:36]]></wp:post_date>
					<wp:post_date_gmt><![CDATA[2025-10-18 06:59:36]]></wp:post_date_gmt>
					<wp:post_modified><![CDATA[2025-10-18 06:59:36]]></wp:post_modified>
					<wp:post_modified_gmt><![CDATA[2025-10-18 06:59:36]]></wp:post_modified_gmt>
					<wp:comment_status><![CDATA[open]]></wp:comment_status>
					<wp:post_name><![CDATA[thin-christmas-tree-jpeg]]></wp:post_name>
					<wp:status><![CDATA[inherit]]></wp:status>
					<wp:post_parent>94</wp:post_parent>
					<wp:menu_order>0</wp:menu_order>
					<wp:post_type><![CDATA[attachment]]></wp:post_type>
											<wp:attachment_url><![CDATA[http://dummy.xtemos.com/woodmart2/christmas-2-elementor/wp-content/uploads/sites/60/2025/10/thin-christmas-tree.jpeg]]></wp:attachment_url>
																					<wp:postmeta>
							<wp:meta_key><![CDATA[_wp_attached_file]]></wp:meta_key>
							<wp:meta_value><![CDATA[2025/10/thin-christmas-tree.jpeg]]></wp:meta_value>
						</wp:postmeta>
												<wp:postmeta>
							<wp:meta_key><![CDATA[_wc_attachment_source]]></wp:meta_key>
							<wp:meta_value><![CDATA[https://woodmart.xtemos.com/christmas-shop/wp-content/uploads/sites/29/2025/07/thin-christmas-tree.jpeg]]></wp:meta_value>
						</wp:postmeta>
										</item>
								<item>
					<title><![CDATA[evergreen-snow-flocked-tip-christmas-tree.jpeg]]></title>
					<link>https://dummy.xtemos.com/woodmart2/christmas-2-elementor/?attachment_id=152</link>
					<pubDate>Sat, 18 Oct 2025 06:59:37 +0000</pubDate>
					<dc:creator><![CDATA[Mr. Mackay]]></dc:creator>
					<guid isPermaLink="false">http://dummy.xtemos.com/woodmart2/christmas-shop-elementor/wp-content/uploads/sites/60/2025/10/evergreen-snow-flocked-tip-christmas-tree.jpeg</guid>
															<wp:post_id>152</wp:post_id>
					<wp:post_date><![CDATA[2025-10-18 06:59:37]]></wp:post_date>
					<wp:post_date_gmt><![CDATA[2025-10-18 06:59:37]]></wp:post_date_gmt>
					<wp:post_modified><![CDATA[2025-10-18 06:59:37]]></wp:post_modified>
					<wp:post_modified_gmt><![CDATA[2025-10-18 06:59:37]]></wp:post_modified_gmt>
					<wp:comment_status><![CDATA[open]]></wp:comment_status>
					<wp:post_name><![CDATA[evergreen-snow-flocked-tip-christmas-tree-jpeg]]></wp:post_name>
					<wp:status><![CDATA[inherit]]></wp:status>
					<wp:post_parent>95</wp:post_parent>
					<wp:menu_order>0</wp:menu_order>
					<wp:post_type><![CDATA[attachment]]></wp:post_type>
											<wp:attachment_url><![CDATA[http://dummy.xtemos.com/woodmart2/christmas-2-elementor/wp-content/uploads/sites/60/2025/10/evergreen-snow-flocked-tip-christmas-tree.jpeg]]></wp:attachment_url>
																					<wp:postmeta>
							<wp:meta_key><![CDATA[_wp_attached_file]]></wp:meta_key>
							<wp:meta_value><![CDATA[2025/10/evergreen-snow-flocked-tip-christmas-tree.jpeg]]></wp:meta_value>
						</wp:postmeta>
												<wp:postmeta>
							<wp:meta_key><![CDATA[_wc_attachment_source]]></wp:meta_key>
							<wp:meta_value><![CDATA[https://woodmart.xtemos.com/christmas-shop/wp-content/uploads/sites/29/2025/07/evergreen-snow-flocked-tip-christmas-tree.jpeg]]></wp:meta_value>
						</wp:postmeta>
										</item>
								<item>
					<title><![CDATA[fairytales-christmas-tree.jpeg]]></title>
					<link>https://dummy.xtemos.com/woodmart2/christmas-2-elementor/?attachment_id=164</link>
					<pubDate>Sat, 18 Oct 2025 06:59:41 +0000</pubDate>
					<dc:creator><![CDATA[Mr. Mackay]]></dc:creator>
					<guid isPermaLink="false">http://dummy.xtemos.com/woodmart2/christmas-shop-elementor/wp-content/uploads/sites/60/2025/10/fairytales-christmas-tree.jpeg</guid>
															<wp:post_id>164</wp:post_id>
					<wp:post_date><![CDATA[2025-10-18 06:59:41]]></wp:post_date>
					<wp:post_date_gmt><![CDATA[2025-10-18 06:59:41]]></wp:post_date_gmt>
					<wp:post_modified><![CDATA[2025-10-18 06:59:41]]></wp:post_modified>
					<wp:post_modified_gmt><![CDATA[2025-10-18 06:59:41]]></wp:post_modified_gmt>
					<wp:comment_status><![CDATA[open]]></wp:comment_status>
					<wp:post_name><![CDATA[fairytales-christmas-tree-jpeg]]></wp:post_name>
					<wp:status><![CDATA[inherit]]></wp:status>
					<wp:post_parent>98</wp:post_parent>
					<wp:menu_order>0</wp:menu_order>
					<wp:post_type><![CDATA[attachment]]></wp:post_type>
											<wp:attachment_url><![CDATA[http://dummy.xtemos.com/woodmart2/christmas-2-elementor/wp-content/uploads/sites/60/2025/10/fairytales-christmas-tree.jpeg]]></wp:attachment_url>
																					<wp:postmeta>
							<wp:meta_key><![CDATA[_wp_attached_file]]></wp:meta_key>
							<wp:meta_value><![CDATA[2025/10/fairytales-christmas-tree.jpeg]]></wp:meta_value>
						</wp:postmeta>
												<wp:postmeta>
							<wp:meta_key><![CDATA[_wc_attachment_source]]></wp:meta_key>
							<wp:meta_value><![CDATA[https://woodmart.xtemos.com/christmas-shop/wp-content/uploads/sites/29/2025/07/fairytales-christmas-tree.jpeg]]></wp:meta_value>
						</wp:postmeta>
										</item>
								<item>
					<title><![CDATA[monkey-christmas-jumper.jpeg]]></title>
					<link>https://dummy.xtemos.com/woodmart2/christmas-2-elementor/?attachment_id=168</link>
					<pubDate>Sat, 18 Oct 2025 06:59:42 +0000</pubDate>
					<dc:creator><![CDATA[Mr. Mackay]]></dc:creator>
					<guid isPermaLink="false">http://dummy.xtemos.com/woodmart2/christmas-shop-elementor/wp-content/uploads/sites/60/2025/10/monkey-christmas-jumper.jpeg</guid>
															<wp:post_id>168</wp:post_id>
					<wp:post_date><![CDATA[2025-10-18 06:59:42]]></wp:post_date>
					<wp:post_date_gmt><![CDATA[2025-10-18 06:59:42]]></wp:post_date_gmt>
					<wp:post_modified><![CDATA[2025-10-18 06:59:42]]></wp:post_modified>
					<wp:post_modified_gmt><![CDATA[2025-10-18 06:59:42]]></wp:post_modified_gmt>
					<wp:comment_status><![CDATA[open]]></wp:comment_status>
					<wp:post_name><![CDATA[monkey-christmas-jumper-jpeg]]></wp:post_name>
					<wp:status><![CDATA[inherit]]></wp:status>
					<wp:post_parent>100</wp:post_parent>
					<wp:menu_order>0</wp:menu_order>
					<wp:post_type><![CDATA[attachment]]></wp:post_type>
											<wp:attachment_url><![CDATA[http://dummy.xtemos.com/woodmart2/christmas-2-elementor/wp-content/uploads/sites/60/2025/10/monkey-christmas-jumper.jpeg]]></wp:attachment_url>
																					<wp:postmeta>
							<wp:meta_key><![CDATA[_wp_attached_file]]></wp:meta_key>
							<wp:meta_value><![CDATA[2025/10/monkey-christmas-jumper.jpeg]]></wp:meta_value>
						</wp:postmeta>
												<wp:postmeta>
							<wp:meta_key><![CDATA[_wc_attachment_source]]></wp:meta_key>
							<wp:meta_value><![CDATA[https://woodmart.xtemos.com/christmas-shop/wp-content/uploads/sites/29/2025/07/monkey-christmas-jumper.jpeg]]></wp:meta_value>
						</wp:postmeta>
										</item>
								<item>
					<title><![CDATA[nobili-tealight-holder-high.jpeg]]></title>
					<link>https://dummy.xtemos.com/woodmart2/christmas-2-elementor/?attachment_id=197</link>
					<pubDate>Sat, 18 Oct 2025 06:59:47 +0000</pubDate>
					<dc:creator><![CDATA[Mr. Mackay]]></dc:creator>
					<guid isPermaLink="false">http://dummy.xtemos.com/woodmart2/christmas-shop-elementor/wp-content/uploads/sites/60/2025/10/nobili-tealight-holder-high.jpeg</guid>
															<wp:post_id>197</wp:post_id>
					<wp:post_date><![CDATA[2025-10-18 06:59:47]]></wp:post_date>
					<wp:post_date_gmt><![CDATA[2025-10-18 06:59:47]]></wp:post_date_gmt>
					<wp:post_modified><![CDATA[2025-10-18 06:59:47]]></wp:post_modified>
					<wp:post_modified_gmt><![CDATA[2025-10-18 06:59:47]]></wp:post_modified_gmt>
					<wp:comment_status><![CDATA[open]]></wp:comment_status>
					<wp:post_name><![CDATA[nobili-tealight-holder-high-jpeg]]></wp:post_name>
					<wp:status><![CDATA[inherit]]></wp:status>
					<wp:post_parent>104</wp:post_parent>
					<wp:menu_order>0</wp:menu_order>
					<wp:post_type><![CDATA[attachment]]></wp:post_type>
											<wp:attachment_url><![CDATA[http://dummy.xtemos.com/woodmart2/christmas-2-elementor/wp-content/uploads/sites/60/2025/10/nobili-tealight-holder-high.jpeg]]></wp:attachment_url>
																					<wp:postmeta>
							<wp:meta_key><![CDATA[_wp_attached_file]]></wp:meta_key>
							<wp:meta_value><![CDATA[2025/10/nobili-tealight-holder-high.jpeg]]></wp:meta_value>
						</wp:postmeta>
												<wp:postmeta>
							<wp:meta_key><![CDATA[_wc_attachment_source]]></wp:meta_key>
							<wp:meta_value><![CDATA[https://woodmart.xtemos.com/christmas-shop/wp-content/uploads/sites/29/2025/07/nobili-tealight-holder-high.jpeg]]></wp:meta_value>
						</wp:postmeta>
										</item>
								<item>
					<title><![CDATA[hedgehog-porcelain-christmas-decoration.jpeg]]></title>
					<link>https://dummy.xtemos.com/woodmart2/christmas-2-elementor/?attachment_id=199</link>
					<pubDate>Sat, 18 Oct 2025 06:59:48 +0000</pubDate>
					<dc:creator><![CDATA[Mr. Mackay]]></dc:creator>
					<guid isPermaLink="false">http://dummy.xtemos.com/woodmart2/christmas-shop-elementor/wp-content/uploads/sites/60/2025/10/hedgehog-porcelain-christmas-decoration.jpeg</guid>
															<wp:post_id>199</wp:post_id>
					<wp:post_date><![CDATA[2025-10-18 06:59:48]]></wp:post_date>
					<wp:post_date_gmt><![CDATA[2025-10-18 06:59:48]]></wp:post_date_gmt>
					<wp:post_modified><![CDATA[2025-10-18 06:59:48]]></wp:post_modified>
					<wp:post_modified_gmt><![CDATA[2025-10-18 06:59:48]]></wp:post_modified_gmt>
					<wp:comment_status><![CDATA[open]]></wp:comment_status>
					<wp:post_name><![CDATA[hedgehog-porcelain-christmas-decoration-jpeg]]></wp:post_name>
					<wp:status><![CDATA[inherit]]></wp:status>
					<wp:post_parent>105</wp:post_parent>
					<wp:menu_order>0</wp:menu_order>
					<wp:post_type><![CDATA[attachment]]></wp:post_type>
											<wp:attachment_url><![CDATA[http://dummy.xtemos.com/woodmart2/christmas-2-elementor/wp-content/uploads/sites/60/2025/10/hedgehog-porcelain-christmas-decoration.jpeg]]></wp:attachment_url>
																					<wp:postmeta>
							<wp:meta_key><![CDATA[_wp_attached_file]]></wp:meta_key>
							<wp:meta_value><![CDATA[2025/10/hedgehog-porcelain-christmas-decoration.jpeg]]></wp:meta_value>
						</wp:postmeta>
												<wp:postmeta>
							<wp:meta_key><![CDATA[_wc_attachment_source]]></wp:meta_key>
							<wp:meta_value><![CDATA[https://woodmart.xtemos.com/christmas-shop/wp-content/uploads/sites/29/2025/07/hedgehog-porcelain-christmas-decoration.jpeg]]></wp:meta_value>
						</wp:postmeta>
										</item>
								<item>
					<title><![CDATA[wide-angle-led-green-christmas-light.jpeg]]></title>
					<link>https://dummy.xtemos.com/woodmart2/christmas-2-elementor/?attachment_id=216</link>
					<pubDate>Sat, 18 Oct 2025 06:59:53 +0000</pubDate>
					<dc:creator><![CDATA[Mr. Mackay]]></dc:creator>
					<guid isPermaLink="false">http://dummy.xtemos.com/woodmart2/christmas-shop-elementor/wp-content/uploads/sites/60/2025/10/wide-angle-led-green-christmas-light.jpeg</guid>
															<wp:post_id>216</wp:post_id>
					<wp:post_date><![CDATA[2025-10-18 06:59:53]]></wp:post_date>
					<wp:post_date_gmt><![CDATA[2025-10-18 06:59:53]]></wp:post_date_gmt>
					<wp:post_modified><![CDATA[2025-10-18 06:59:53]]></wp:post_modified>
					<wp:post_modified_gmt><![CDATA[2025-10-18 06:59:53]]></wp:post_modified_gmt>
					<wp:comment_status><![CDATA[open]]></wp:comment_status>
					<wp:post_name><![CDATA[wide-angle-led-green-christmas-light-jpeg]]></wp:post_name>
					<wp:status><![CDATA[inherit]]></wp:status>
					<wp:post_parent>111</wp:post_parent>
					<wp:menu_order>0</wp:menu_order>
					<wp:post_type><![CDATA[attachment]]></wp:post_type>
											<wp:attachment_url><![CDATA[http://dummy.xtemos.com/woodmart2/christmas-2-elementor/wp-content/uploads/sites/60/2025/10/wide-angle-led-green-christmas-light.jpeg]]></wp:attachment_url>
																					<wp:postmeta>
							<wp:meta_key><![CDATA[_wp_attached_file]]></wp:meta_key>
							<wp:meta_value><![CDATA[2025/10/wide-angle-led-green-christmas-light.jpeg]]></wp:meta_value>
						</wp:postmeta>
												<wp:postmeta>
							<wp:meta_key><![CDATA[_wc_attachment_source]]></wp:meta_key>
							<wp:meta_value><![CDATA[https://woodmart.xtemos.com/christmas-shop/wp-content/uploads/sites/29/2025/07/wide-angle-led-green-christmas-light.jpeg]]></wp:meta_value>
						</wp:postmeta>
										</item>
								<item>
					<title><![CDATA[dessert-bowl-with-pattern.jpeg]]></title>
					<link>https://dummy.xtemos.com/woodmart2/christmas-2-elementor/?attachment_id=273</link>
					<pubDate>Sat, 18 Oct 2025 07:00:13 +0000</pubDate>
					<dc:creator><![CDATA[Mr. Mackay]]></dc:creator>
					<guid isPermaLink="false">http://dummy.xtemos.com/woodmart2/christmas-shop-elementor/wp-content/uploads/sites/60/2025/10/dessert-bowl-with-pattern.jpeg</guid>
															<wp:post_id>273</wp:post_id>
					<wp:post_date><![CDATA[2025-10-18 07:00:13]]></wp:post_date>
					<wp:post_date_gmt><![CDATA[2025-10-18 07:00:13]]></wp:post_date_gmt>
					<wp:post_modified><![CDATA[2025-10-18 07:00:13]]></wp:post_modified>
					<wp:post_modified_gmt><![CDATA[2025-10-18 07:00:13]]></wp:post_modified_gmt>
					<wp:comment_status><![CDATA[open]]></wp:comment_status>
					<wp:post_name><![CDATA[dessert-bowl-with-pattern-jpeg]]></wp:post_name>
					<wp:status><![CDATA[inherit]]></wp:status>
					<wp:post_parent>193</wp:post_parent>
					<wp:menu_order>0</wp:menu_order>
					<wp:post_type><![CDATA[attachment]]></wp:post_type>
											<wp:attachment_url><![CDATA[http://dummy.xtemos.com/woodmart2/christmas-2-elementor/wp-content/uploads/sites/60/2025/10/dessert-bowl-with-pattern.jpeg]]></wp:attachment_url>
																					<wp:postmeta>
							<wp:meta_key><![CDATA[_wp_attached_file]]></wp:meta_key>
							<wp:meta_value><![CDATA[2025/10/dessert-bowl-with-pattern.jpeg]]></wp:meta_value>
						</wp:postmeta>
												<wp:postmeta>
							<wp:meta_key><![CDATA[_wc_attachment_source]]></wp:meta_key>
							<wp:meta_value><![CDATA[https://woodmart.xtemos.com/christmas-shop/wp-content/uploads/sites/29/2025/07/dessert-bowl-with-pattern.jpeg]]></wp:meta_value>
						</wp:postmeta>
										</item>
								<item>
					<title><![CDATA[classic-dinner-plate.jpeg]]></title>
					<link>https://dummy.xtemos.com/woodmart2/christmas-2-elementor/?attachment_id=277</link>
					<pubDate>Sat, 18 Oct 2025 07:00:14 +0000</pubDate>
					<dc:creator><![CDATA[Mr. Mackay]]></dc:creator>
					<guid isPermaLink="false">http://dummy.xtemos.com/woodmart2/christmas-shop-elementor/wp-content/uploads/sites/60/2025/10/classic-dinner-plate.jpeg</guid>
															<wp:post_id>277</wp:post_id>
					<wp:post_date><![CDATA[2025-10-18 07:00:14]]></wp:post_date>
					<wp:post_date_gmt><![CDATA[2025-10-18 07:00:14]]></wp:post_date_gmt>
					<wp:post_modified><![CDATA[2025-10-18 07:00:14]]></wp:post_modified>
					<wp:post_modified_gmt><![CDATA[2025-10-18 07:00:14]]></wp:post_modified_gmt>
					<wp:comment_status><![CDATA[open]]></wp:comment_status>
					<wp:post_name><![CDATA[classic-dinner-plate-jpeg]]></wp:post_name>
					<wp:status><![CDATA[inherit]]></wp:status>
					<wp:post_parent>194</wp:post_parent>
					<wp:menu_order>0</wp:menu_order>
					<wp:post_type><![CDATA[attachment]]></wp:post_type>
											<wp:attachment_url><![CDATA[http://dummy.xtemos.com/woodmart2/christmas-2-elementor/wp-content/uploads/sites/60/2025/10/classic-dinner-plate.jpeg]]></wp:attachment_url>
																					<wp:postmeta>
							<wp:meta_key><![CDATA[_wp_attached_file]]></wp:meta_key>
							<wp:meta_value><![CDATA[2025/10/classic-dinner-plate.jpeg]]></wp:meta_value>
						</wp:postmeta>
												<wp:postmeta>
							<wp:meta_key><![CDATA[_wc_attachment_source]]></wp:meta_key>
							<wp:meta_value><![CDATA[https://woodmart.xtemos.com/christmas-shop/wp-content/uploads/sites/29/2025/07/classic-dinner-plate.jpeg]]></wp:meta_value>
						</wp:postmeta>
										</item>
								<item>
					<title><![CDATA[cookie-box.jpeg]]></title>
					<link>https://dummy.xtemos.com/woodmart2/christmas-2-elementor/?attachment_id=280</link>
					<pubDate>Sat, 18 Oct 2025 07:00:15 +0000</pubDate>
					<dc:creator><![CDATA[Mr. Mackay]]></dc:creator>
					<guid isPermaLink="false">http://dummy.xtemos.com/woodmart2/christmas-shop-elementor/wp-content/uploads/sites/60/2025/10/cookie-box.jpeg</guid>
															<wp:post_id>280</wp:post_id>
					<wp:post_date><![CDATA[2025-10-18 07:00:15]]></wp:post_date>
					<wp:post_date_gmt><![CDATA[2025-10-18 07:00:15]]></wp:post_date_gmt>
					<wp:post_modified><![CDATA[2025-10-18 07:00:15]]></wp:post_modified>
					<wp:post_modified_gmt><![CDATA[2025-10-18 07:00:15]]></wp:post_modified_gmt>
					<wp:comment_status><![CDATA[open]]></wp:comment_status>
					<wp:post_name><![CDATA[cookie-box-jpeg]]></wp:post_name>
					<wp:status><![CDATA[inherit]]></wp:status>
					<wp:post_parent>195</wp:post_parent>
					<wp:menu_order>0</wp:menu_order>
					<wp:post_type><![CDATA[attachment]]></wp:post_type>
											<wp:attachment_url><![CDATA[http://dummy.xtemos.com/woodmart2/christmas-2-elementor/wp-content/uploads/sites/60/2025/10/cookie-box.jpeg]]></wp:attachment_url>
																					<wp:postmeta>
							<wp:meta_key><![CDATA[_wp_attached_file]]></wp:meta_key>
							<wp:meta_value><![CDATA[2025/10/cookie-box.jpeg]]></wp:meta_value>
						</wp:postmeta>
												<wp:postmeta>
							<wp:meta_key><![CDATA[_wc_attachment_source]]></wp:meta_key>
							<wp:meta_value><![CDATA[https://woodmart.xtemos.com/christmas-shop/wp-content/uploads/sites/29/2025/07/cookie-box.jpeg]]></wp:meta_value>
						</wp:postmeta>
										</item>
								<item>
					<title><![CDATA[bowl-in-the-shape-of-a-christmas-tree.jpeg]]></title>
					<link>https://dummy.xtemos.com/woodmart2/christmas-2-elementor/?attachment_id=283</link>
					<pubDate>Sat, 18 Oct 2025 07:00:16 +0000</pubDate>
					<dc:creator><![CDATA[Mr. Mackay]]></dc:creator>
					<guid isPermaLink="false">http://dummy.xtemos.com/woodmart2/christmas-shop-elementor/wp-content/uploads/sites/60/2025/10/bowl-in-the-shape-of-a-christmas-tree.jpeg</guid>
															<wp:post_id>283</wp:post_id>
					<wp:post_date><![CDATA[2025-10-18 07:00:16]]></wp:post_date>
					<wp:post_date_gmt><![CDATA[2025-10-18 07:00:16]]></wp:post_date_gmt>
					<wp:post_modified><![CDATA[2025-10-18 07:00:16]]></wp:post_modified>
					<wp:post_modified_gmt><![CDATA[2025-10-18 07:00:16]]></wp:post_modified_gmt>
					<wp:comment_status><![CDATA[open]]></wp:comment_status>
					<wp:post_name><![CDATA[bowl-in-the-shape-of-a-christmas-tree-jpeg]]></wp:post_name>
					<wp:status><![CDATA[inherit]]></wp:status>
					<wp:post_parent>196</wp:post_parent>
					<wp:menu_order>0</wp:menu_order>
					<wp:post_type><![CDATA[attachment]]></wp:post_type>
											<wp:attachment_url><![CDATA[http://dummy.xtemos.com/woodmart2/christmas-2-elementor/wp-content/uploads/sites/60/2025/10/bowl-in-the-shape-of-a-christmas-tree.jpeg]]></wp:attachment_url>
																					<wp:postmeta>
							<wp:meta_key><![CDATA[_wp_attached_file]]></wp:meta_key>
							<wp:meta_value><![CDATA[2025/10/bowl-in-the-shape-of-a-christmas-tree.jpeg]]></wp:meta_value>
						</wp:postmeta>
												<wp:postmeta>
							<wp:meta_key><![CDATA[_wc_attachment_source]]></wp:meta_key>
							<wp:meta_value><![CDATA[https://woodmart.xtemos.com/christmas-shop/wp-content/uploads/sites/29/2025/07/bowl-in-the-shape-of-a-christmas-tree.jpeg]]></wp:meta_value>
						</wp:postmeta>
										</item>
								<item>
					<title><![CDATA[xms-about-us-img-gifts-opt]]></title>
					<link>https://dummy.xtemos.com/woodmart2/christmas-2-elementor/about-us/xms-about-us-img-gifts-opt/</link>
					<pubDate>Sun, 19 Oct 2025 06:31:13 +0000</pubDate>
					<dc:creator><![CDATA[Mr. Mackay]]></dc:creator>
					<guid isPermaLink="false">http://dummy.xtemos.com/woodmart2/christmas-shop-elementor/wp-content/uploads/sites/60/2025/10/xms-about-us-img-gifts-opt.jpg</guid>
															<wp:post_id>507</wp:post_id>
					<wp:post_date><![CDATA[2025-10-19 06:31:13]]></wp:post_date>
					<wp:post_date_gmt><![CDATA[2025-10-19 06:31:13]]></wp:post_date_gmt>
					<wp:post_modified><![CDATA[2025-10-19 06:31:13]]></wp:post_modified>
					<wp:post_modified_gmt><![CDATA[2025-10-19 06:31:13]]></wp:post_modified_gmt>
					<wp:comment_status><![CDATA[open]]></wp:comment_status>
					<wp:post_name><![CDATA[xms-about-us-img-gifts-opt]]></wp:post_name>
					<wp:status><![CDATA[inherit]]></wp:status>
					<wp:post_parent>29</wp:post_parent>
					<wp:menu_order>0</wp:menu_order>
					<wp:post_type><![CDATA[attachment]]></wp:post_type>
											<wp:attachment_url><![CDATA[http://dummy.xtemos.com/woodmart2/christmas-2-elementor/wp-content/uploads/sites/60/2025/10/xms-about-us-img-gifts-opt.jpg]]></wp:attachment_url>
																					<wp:postmeta>
							<wp:meta_key><![CDATA[_wp_attached_file]]></wp:meta_key>
							<wp:meta_value><![CDATA[2025/10/xms-about-us-img-gifts-opt.jpg]]></wp:meta_value>
						</wp:postmeta>
										</item>
								<item>
					<title><![CDATA[xms-about-us-img-christmas-tree-opt]]></title>
					<link>https://dummy.xtemos.com/woodmart2/christmas-2-elementor/about-us/xms-about-us-img-christmas-tree-opt/</link>
					<pubDate>Sun, 19 Oct 2025 06:33:14 +0000</pubDate>
					<dc:creator><![CDATA[Mr. Mackay]]></dc:creator>
					<guid isPermaLink="false">http://dummy.xtemos.com/woodmart2/christmas-shop-elementor/wp-content/uploads/sites/60/2025/10/xms-about-us-img-christmas-tree-opt.jpg</guid>
															<wp:post_id>509</wp:post_id>
					<wp:post_date><![CDATA[2025-10-19 06:33:14]]></wp:post_date>
					<wp:post_date_gmt><![CDATA[2025-10-19 06:33:14]]></wp:post_date_gmt>
					<wp:post_modified><![CDATA[2025-10-19 06:33:14]]></wp:post_modified>
					<wp:post_modified_gmt><![CDATA[2025-10-19 06:33:14]]></wp:post_modified_gmt>
					<wp:comment_status><![CDATA[open]]></wp:comment_status>
					<wp:post_name><![CDATA[xms-about-us-img-christmas-tree-opt]]></wp:post_name>
					<wp:status><![CDATA[inherit]]></wp:status>
					<wp:post_parent>29</wp:post_parent>
					<wp:menu_order>0</wp:menu_order>
					<wp:post_type><![CDATA[attachment]]></wp:post_type>
											<wp:attachment_url><![CDATA[http://dummy.xtemos.com/woodmart2/christmas-2-elementor/wp-content/uploads/sites/60/2025/10/xms-about-us-img-christmas-tree-opt.jpg]]></wp:attachment_url>
																					<wp:postmeta>
							<wp:meta_key><![CDATA[_wp_attached_file]]></wp:meta_key>
							<wp:meta_value><![CDATA[2025/10/xms-about-us-img-christmas-tree-opt.jpg]]></wp:meta_value>
						</wp:postmeta>
										</item>
								<item>
					<title><![CDATA[xms-about-us-row-opt]]></title>
					<link>https://dummy.xtemos.com/woodmart2/christmas-2-elementor/about-us/xms-about-us-row-opt/</link>
					<pubDate>Sun, 19 Oct 2025 06:36:32 +0000</pubDate>
					<dc:creator><![CDATA[Mr. Mackay]]></dc:creator>
					<guid isPermaLink="false">http://dummy.xtemos.com/woodmart2/christmas-shop-elementor/wp-content/uploads/sites/60/2025/10/xms-about-us-row-opt.jpg</guid>
															<wp:post_id>522</wp:post_id>
					<wp:post_date><![CDATA[2025-10-19 06:36:32]]></wp:post_date>
					<wp:post_date_gmt><![CDATA[2025-10-19 06:36:32]]></wp:post_date_gmt>
					<wp:post_modified><![CDATA[2025-10-19 06:36:32]]></wp:post_modified>
					<wp:post_modified_gmt><![CDATA[2025-10-19 06:36:32]]></wp:post_modified_gmt>
					<wp:comment_status><![CDATA[open]]></wp:comment_status>
					<wp:post_name><![CDATA[xms-about-us-row-opt]]></wp:post_name>
					<wp:status><![CDATA[inherit]]></wp:status>
					<wp:post_parent>29</wp:post_parent>
					<wp:menu_order>0</wp:menu_order>
					<wp:post_type><![CDATA[attachment]]></wp:post_type>
											<wp:attachment_url><![CDATA[http://dummy.xtemos.com/woodmart2/christmas-2-elementor/wp-content/uploads/sites/60/2025/10/xms-about-us-row-opt.jpg]]></wp:attachment_url>
																					<wp:postmeta>
							<wp:meta_key><![CDATA[_wp_attached_file]]></wp:meta_key>
							<wp:meta_value><![CDATA[2025/10/xms-about-us-row-opt.jpg]]></wp:meta_value>
						</wp:postmeta>
										</item>
								<item>
					<title><![CDATA[c2-tm-p-7]]></title>
					<link>https://dummy.xtemos.com/woodmart2/christmas-2-elementor/about-us/c2-tm-p-7/</link>
					<pubDate>Sun, 19 Oct 2025 06:39:37 +0000</pubDate>
					<dc:creator><![CDATA[Mr. Mackay]]></dc:creator>
					<guid isPermaLink="false">http://dummy.xtemos.com/woodmart2/christmas-shop-elementor/wp-content/uploads/sites/60/2025/10/c2-tm-p-7.png</guid>
															<wp:post_id>529</wp:post_id>
					<wp:post_date><![CDATA[2025-10-19 06:39:37]]></wp:post_date>
					<wp:post_date_gmt><![CDATA[2025-10-19 06:39:37]]></wp:post_date_gmt>
					<wp:post_modified><![CDATA[2025-10-19 06:39:37]]></wp:post_modified>
					<wp:post_modified_gmt><![CDATA[2025-10-19 06:39:37]]></wp:post_modified_gmt>
					<wp:comment_status><![CDATA[open]]></wp:comment_status>
					<wp:post_name><![CDATA[c2-tm-p-7]]></wp:post_name>
					<wp:status><![CDATA[inherit]]></wp:status>
					<wp:post_parent>29</wp:post_parent>
					<wp:menu_order>0</wp:menu_order>
					<wp:post_type><![CDATA[attachment]]></wp:post_type>
											<wp:attachment_url><![CDATA[http://dummy.xtemos.com/woodmart2/christmas-2-elementor/wp-content/uploads/sites/60/2025/10/c2-tm-p-7.png]]></wp:attachment_url>
																					<wp:postmeta>
							<wp:meta_key><![CDATA[_wp_attached_file]]></wp:meta_key>
							<wp:meta_value><![CDATA[2025/10/c2-tm-p-7.png]]></wp:meta_value>
						</wp:postmeta>
										</item>
								<item>
					<title><![CDATA[c2-tm-p-9]]></title>
					<link>https://dummy.xtemos.com/woodmart2/christmas-2-elementor/about-us/c2-tm-p-9/</link>
					<pubDate>Sun, 19 Oct 2025 06:40:23 +0000</pubDate>
					<dc:creator><![CDATA[Mr. Mackay]]></dc:creator>
					<guid isPermaLink="false">http://dummy.xtemos.com/woodmart2/christmas-shop-elementor/wp-content/uploads/sites/60/2025/10/c2-tm-p-9.png</guid>
															<wp:post_id>530</wp:post_id>
					<wp:post_date><![CDATA[2025-10-19 06:40:23]]></wp:post_date>
					<wp:post_date_gmt><![CDATA[2025-10-19 06:40:23]]></wp:post_date_gmt>
					<wp:post_modified><![CDATA[2025-10-19 06:40:23]]></wp:post_modified>
					<wp:post_modified_gmt><![CDATA[2025-10-19 06:40:23]]></wp:post_modified_gmt>
					<wp:comment_status><![CDATA[open]]></wp:comment_status>
					<wp:post_name><![CDATA[c2-tm-p-9]]></wp:post_name>
					<wp:status><![CDATA[inherit]]></wp:status>
					<wp:post_parent>29</wp:post_parent>
					<wp:menu_order>0</wp:menu_order>
					<wp:post_type><![CDATA[attachment]]></wp:post_type>
											<wp:attachment_url><![CDATA[http://dummy.xtemos.com/woodmart2/christmas-2-elementor/wp-content/uploads/sites/60/2025/10/c2-tm-p-9.png]]></wp:attachment_url>
																					<wp:postmeta>
							<wp:meta_key><![CDATA[_wp_attached_file]]></wp:meta_key>
							<wp:meta_value><![CDATA[2025/10/c2-tm-p-9.png]]></wp:meta_value>
						</wp:postmeta>
										</item>
								<item>
					<title><![CDATA[c2-tm-p-2]]></title>
					<link>https://dummy.xtemos.com/woodmart2/christmas-2-elementor/about-us/c2-tm-p-2/</link>
					<pubDate>Sun, 19 Oct 2025 06:40:53 +0000</pubDate>
					<dc:creator><![CDATA[Mr. Mackay]]></dc:creator>
					<guid isPermaLink="false">http://dummy.xtemos.com/woodmart2/christmas-shop-elementor/wp-content/uploads/sites/60/2025/10/c2-tm-p-2.png</guid>
															<wp:post_id>531</wp:post_id>
					<wp:post_date><![CDATA[2025-10-19 06:40:53]]></wp:post_date>
					<wp:post_date_gmt><![CDATA[2025-10-19 06:40:53]]></wp:post_date_gmt>
					<wp:post_modified><![CDATA[2025-10-19 06:40:53]]></wp:post_modified>
					<wp:post_modified_gmt><![CDATA[2025-10-19 06:40:53]]></wp:post_modified_gmt>
					<wp:comment_status><![CDATA[open]]></wp:comment_status>
					<wp:post_name><![CDATA[c2-tm-p-2]]></wp:post_name>
					<wp:status><![CDATA[inherit]]></wp:status>
					<wp:post_parent>29</wp:post_parent>
					<wp:menu_order>0</wp:menu_order>
					<wp:post_type><![CDATA[attachment]]></wp:post_type>
											<wp:attachment_url><![CDATA[http://dummy.xtemos.com/woodmart2/christmas-2-elementor/wp-content/uploads/sites/60/2025/10/c2-tm-p-2.png]]></wp:attachment_url>
																					<wp:postmeta>
							<wp:meta_key><![CDATA[_wp_attached_file]]></wp:meta_key>
							<wp:meta_value><![CDATA[2025/10/c2-tm-p-2.png]]></wp:meta_value>
						</wp:postmeta>
										</item>
								<item>
					<title><![CDATA[c2-tm-p-5]]></title>
					<link>https://dummy.xtemos.com/woodmart2/christmas-2-elementor/about-us/c2-tm-p-5/</link>
					<pubDate>Sun, 19 Oct 2025 06:41:30 +0000</pubDate>
					<dc:creator><![CDATA[Mr. Mackay]]></dc:creator>
					<guid isPermaLink="false">http://dummy.xtemos.com/woodmart2/christmas-shop-elementor/wp-content/uploads/sites/60/2025/10/c2-tm-p-5.png</guid>
															<wp:post_id>532</wp:post_id>
					<wp:post_date><![CDATA[2025-10-19 06:41:30]]></wp:post_date>
					<wp:post_date_gmt><![CDATA[2025-10-19 06:41:30]]></wp:post_date_gmt>
					<wp:post_modified><![CDATA[2025-10-19 06:41:30]]></wp:post_modified>
					<wp:post_modified_gmt><![CDATA[2025-10-19 06:41:30]]></wp:post_modified_gmt>
					<wp:comment_status><![CDATA[open]]></wp:comment_status>
					<wp:post_name><![CDATA[c2-tm-p-5]]></wp:post_name>
					<wp:status><![CDATA[inherit]]></wp:status>
					<wp:post_parent>29</wp:post_parent>
					<wp:menu_order>0</wp:menu_order>
					<wp:post_type><![CDATA[attachment]]></wp:post_type>
											<wp:attachment_url><![CDATA[http://dummy.xtemos.com/woodmart2/christmas-2-elementor/wp-content/uploads/sites/60/2025/10/c2-tm-p-5.png]]></wp:attachment_url>
																					<wp:postmeta>
							<wp:meta_key><![CDATA[_wp_attached_file]]></wp:meta_key>
							<wp:meta_value><![CDATA[2025/10/c2-tm-p-5.png]]></wp:meta_value>
						</wp:postmeta>
										</item>
								<item>
					<title><![CDATA[xms-instagram-1-opt]]></title>
					<link>https://dummy.xtemos.com/woodmart2/christmas-2-elementor/about-us/xms-instagram-1-opt/</link>
					<pubDate>Sun, 19 Oct 2025 06:46:36 +0000</pubDate>
					<dc:creator><![CDATA[Mr. Mackay]]></dc:creator>
					<guid isPermaLink="false">http://dummy.xtemos.com/woodmart2/christmas-shop-elementor/wp-content/uploads/sites/60/2025/10/xms-instagram-1-opt.jpg</guid>
															<wp:post_id>542</wp:post_id>
					<wp:post_date><![CDATA[2025-10-19 06:46:36]]></wp:post_date>
					<wp:post_date_gmt><![CDATA[2025-10-19 06:46:36]]></wp:post_date_gmt>
					<wp:post_modified><![CDATA[2025-10-19 06:46:36]]></wp:post_modified>
					<wp:post_modified_gmt><![CDATA[2025-10-19 06:46:36]]></wp:post_modified_gmt>
					<wp:comment_status><![CDATA[open]]></wp:comment_status>
					<wp:post_name><![CDATA[xms-instagram-1-opt]]></wp:post_name>
					<wp:status><![CDATA[inherit]]></wp:status>
					<wp:post_parent>29</wp:post_parent>
					<wp:menu_order>0</wp:menu_order>
					<wp:post_type><![CDATA[attachment]]></wp:post_type>
											<wp:attachment_url><![CDATA[http://dummy.xtemos.com/woodmart2/christmas-2-elementor/wp-content/uploads/sites/60/2025/10/xms-instagram-1-opt.jpg]]></wp:attachment_url>
																					<wp:postmeta>
							<wp:meta_key><![CDATA[_wp_attached_file]]></wp:meta_key>
							<wp:meta_value><![CDATA[2025/10/xms-instagram-1-opt.jpg]]></wp:meta_value>
						</wp:postmeta>
										</item>
								<item>
					<title><![CDATA[xms-instagram-2-opt]]></title>
					<link>https://dummy.xtemos.com/woodmart2/christmas-2-elementor/about-us/xms-instagram-2-opt/</link>
					<pubDate>Sun, 19 Oct 2025 06:46:37 +0000</pubDate>
					<dc:creator><![CDATA[Mr. Mackay]]></dc:creator>
					<guid isPermaLink="false">http://dummy.xtemos.com/woodmart2/christmas-shop-elementor/wp-content/uploads/sites/60/2025/10/xms-instagram-2-opt.jpg</guid>
															<wp:post_id>543</wp:post_id>
					<wp:post_date><![CDATA[2025-10-19 06:46:37]]></wp:post_date>
					<wp:post_date_gmt><![CDATA[2025-10-19 06:46:37]]></wp:post_date_gmt>
					<wp:post_modified><![CDATA[2025-10-19 06:46:37]]></wp:post_modified>
					<wp:post_modified_gmt><![CDATA[2025-10-19 06:46:37]]></wp:post_modified_gmt>
					<wp:comment_status><![CDATA[open]]></wp:comment_status>
					<wp:post_name><![CDATA[xms-instagram-2-opt]]></wp:post_name>
					<wp:status><![CDATA[inherit]]></wp:status>
					<wp:post_parent>29</wp:post_parent>
					<wp:menu_order>0</wp:menu_order>
					<wp:post_type><![CDATA[attachment]]></wp:post_type>
											<wp:attachment_url><![CDATA[http://dummy.xtemos.com/woodmart2/christmas-2-elementor/wp-content/uploads/sites/60/2025/10/xms-instagram-2-opt.jpg]]></wp:attachment_url>
																					<wp:postmeta>
							<wp:meta_key><![CDATA[_wp_attached_file]]></wp:meta_key>
							<wp:meta_value><![CDATA[2025/10/xms-instagram-2-opt.jpg]]></wp:meta_value>
						</wp:postmeta>
										</item>
								<item>
					<title><![CDATA[xms-instagram-3-opt]]></title>
					<link>https://dummy.xtemos.com/woodmart2/christmas-2-elementor/about-us/xms-instagram-3-opt/</link>
					<pubDate>Sun, 19 Oct 2025 06:46:37 +0000</pubDate>
					<dc:creator><![CDATA[Mr. Mackay]]></dc:creator>
					<guid isPermaLink="false">http://dummy.xtemos.com/woodmart2/christmas-shop-elementor/wp-content/uploads/sites/60/2025/10/xms-instagram-3-opt.jpg</guid>
															<wp:post_id>544</wp:post_id>
					<wp:post_date><![CDATA[2025-10-19 06:46:37]]></wp:post_date>
					<wp:post_date_gmt><![CDATA[2025-10-19 06:46:37]]></wp:post_date_gmt>
					<wp:post_modified><![CDATA[2025-10-19 06:46:37]]></wp:post_modified>
					<wp:post_modified_gmt><![CDATA[2025-10-19 06:46:37]]></wp:post_modified_gmt>
					<wp:comment_status><![CDATA[open]]></wp:comment_status>
					<wp:post_name><![CDATA[xms-instagram-3-opt]]></wp:post_name>
					<wp:status><![CDATA[inherit]]></wp:status>
					<wp:post_parent>29</wp:post_parent>
					<wp:menu_order>0</wp:menu_order>
					<wp:post_type><![CDATA[attachment]]></wp:post_type>
											<wp:attachment_url><![CDATA[http://dummy.xtemos.com/woodmart2/christmas-2-elementor/wp-content/uploads/sites/60/2025/10/xms-instagram-3-opt.jpg]]></wp:attachment_url>
																					<wp:postmeta>
							<wp:meta_key><![CDATA[_wp_attached_file]]></wp:meta_key>
							<wp:meta_value><![CDATA[2025/10/xms-instagram-3-opt.jpg]]></wp:meta_value>
						</wp:postmeta>
										</item>
				</channel>
</rss>
	