<?xml version="1.0" encoding="UTF-8" ?>
	<!-- This is a WordPress eXtended RSS file generated by WordPress as an export of your site. -->
	<!-- It contains information about your site's posts, pages, comments, categories, and other content. -->
	<!-- You may use this file to transfer that content from one site to another. -->
	<!-- This file is not intended to serve as a complete backup of your site. -->

	<!-- To import this information into a WordPress site follow these steps: -->
	<!-- 1. Log in to that site as an administrator. -->
	<!-- 2. Go to Tools: Import in the WordPress admin panel. -->
	<!-- 3. Install the "WordPress" importer from the list. -->
	<!-- 4. Activate & Run Importer. -->
	<!-- 5. Upload this file using the form provided on that page. -->
	<!-- 6. You will first be asked to map the authors in this export file to users -->
	<!--    on the site. For each author, you may choose to map to an -->
	<!--    existing user on the site or to create a new user. -->
	<!-- 7. WordPress will then import each of the posts, pages, comments, categories, etc. -->
	<!--    contained in this file into your site. -->

	<!-- generator="WordPress/6.7.4" created="2025-10-27 13:54" -->
<rss version="2.0"
	xmlns:excerpt="http://wordpress.org/export/1.2/excerpt/"
	xmlns:content="http://purl.org/rss/1.0/modules/content/"
	xmlns:wfw="http://wellformedweb.org/CommentAPI/"
	xmlns:dc="http://purl.org/dc/elements/1.1/"
	xmlns:wp="http://wordpress.org/export/1.2/"
>

<channel>
	<title>christmas-2-gutenberg</title>
	<link>https://dummy.xtemos.com/woodmart2/christmas-2-gutenberg</link>
	<description></description>
	<pubDate>Mon, 27 Oct 2025 13:54:32 +0000</pubDate>
	<language>en-US</language>
	<wp:wxr_version>1.2</wp:wxr_version>
	<wp:base_site_url>https://dummy.xtemos.com/woodmart2/</wp:base_site_url>
	<wp:base_blog_url>https://dummy.xtemos.com/woodmart2/christmas-2-gutenberg</wp:base_blog_url>

	
					<wp:term>
			<wp:term_id>0</wp:term_id>
			<wp:term_taxonomy><![CDATA[]]></wp:term_taxonomy>
			<wp:term_slug><![CDATA[]]></wp:term_slug>
			<wp:term_parent><![CDATA[]]></wp:term_parent>
					</wp:term>
		
	<generator>https://wordpress.org/?v=6.7.4</generator>

					<item>
					<title><![CDATA[xms-marquee-car]]></title>
					<link>https://dummy.xtemos.com/woodmart2/christmas-2-gutenberg/home-christmas-2/xms-marquee-car/</link>
					<pubDate>Wed, 22 Oct 2025 12:21:34 +0000</pubDate>
					<dc:creator><![CDATA[Mr. Mackay]]></dc:creator>
					<guid isPermaLink="false">http://dummy.xtemos.com/woodmart2/christmas-2-gutenberg/wp-content/uploads/sites/61/2025/10/xms-marquee-car.jpg</guid>
															<wp:post_id>213</wp:post_id>
					<wp:post_date><![CDATA[2025-10-22 12:21:34]]></wp:post_date>
					<wp:post_date_gmt><![CDATA[2025-10-22 12:21:34]]></wp:post_date_gmt>
					<wp:post_modified><![CDATA[2025-10-22 12:21:34]]></wp:post_modified>
					<wp:post_modified_gmt><![CDATA[2025-10-22 12:21:34]]></wp:post_modified_gmt>
					<wp:comment_status><![CDATA[open]]></wp:comment_status>
					<wp:post_name><![CDATA[xms-marquee-car]]></wp:post_name>
					<wp:status><![CDATA[inherit]]></wp:status>
					<wp:post_parent>169</wp:post_parent>
					<wp:menu_order>0</wp:menu_order>
					<wp:post_type><![CDATA[attachment]]></wp:post_type>
											<wp:attachment_url><![CDATA[http://dummy.xtemos.com/woodmart2/christmas-2-gutenberg/wp-content/uploads/sites/61/2025/10/xms-marquee-car.jpg]]></wp:attachment_url>
																					<wp:postmeta>
							<wp:meta_key><![CDATA[_wp_attached_file]]></wp:meta_key>
							<wp:meta_value><![CDATA[2025/10/xms-marquee-car.jpg]]></wp:meta_value>
						</wp:postmeta>
										</item>
								<item>
					<title><![CDATA[xms-marquee-tree]]></title>
					<link>https://dummy.xtemos.com/woodmart2/christmas-2-gutenberg/home-christmas-2/xms-marquee-tree/</link>
					<pubDate>Wed, 22 Oct 2025 12:21:44 +0000</pubDate>
					<dc:creator><![CDATA[Mr. Mackay]]></dc:creator>
					<guid isPermaLink="false">http://dummy.xtemos.com/woodmart2/christmas-2-gutenberg/wp-content/uploads/sites/61/2025/10/xms-marquee-tree.jpg</guid>
															<wp:post_id>214</wp:post_id>
					<wp:post_date><![CDATA[2025-10-22 12:21:44]]></wp:post_date>
					<wp:post_date_gmt><![CDATA[2025-10-22 12:21:44]]></wp:post_date_gmt>
					<wp:post_modified><![CDATA[2025-10-22 12:21:44]]></wp:post_modified>
					<wp:post_modified_gmt><![CDATA[2025-10-22 12:21:44]]></wp:post_modified_gmt>
					<wp:comment_status><![CDATA[open]]></wp:comment_status>
					<wp:post_name><![CDATA[xms-marquee-tree]]></wp:post_name>
					<wp:status><![CDATA[inherit]]></wp:status>
					<wp:post_parent>169</wp:post_parent>
					<wp:menu_order>0</wp:menu_order>
					<wp:post_type><![CDATA[attachment]]></wp:post_type>
											<wp:attachment_url><![CDATA[http://dummy.xtemos.com/woodmart2/christmas-2-gutenberg/wp-content/uploads/sites/61/2025/10/xms-marquee-tree.jpg]]></wp:attachment_url>
																					<wp:postmeta>
							<wp:meta_key><![CDATA[_wp_attached_file]]></wp:meta_key>
							<wp:meta_value><![CDATA[2025/10/xms-marquee-tree.jpg]]></wp:meta_value>
						</wp:postmeta>
										</item>
								<item>
					<title><![CDATA[xms-marquee-lights]]></title>
					<link>https://dummy.xtemos.com/woodmart2/christmas-2-gutenberg/home-christmas-2/xms-marquee-lights/</link>
					<pubDate>Wed, 22 Oct 2025 12:21:53 +0000</pubDate>
					<dc:creator><![CDATA[Mr. Mackay]]></dc:creator>
					<guid isPermaLink="false">http://dummy.xtemos.com/woodmart2/christmas-2-gutenberg/wp-content/uploads/sites/61/2025/10/xms-marquee-lights.jpg</guid>
															<wp:post_id>215</wp:post_id>
					<wp:post_date><![CDATA[2025-10-22 12:21:53]]></wp:post_date>
					<wp:post_date_gmt><![CDATA[2025-10-22 12:21:53]]></wp:post_date_gmt>
					<wp:post_modified><![CDATA[2025-10-22 12:21:53]]></wp:post_modified>
					<wp:post_modified_gmt><![CDATA[2025-10-22 12:21:53]]></wp:post_modified_gmt>
					<wp:comment_status><![CDATA[open]]></wp:comment_status>
					<wp:post_name><![CDATA[xms-marquee-lights]]></wp:post_name>
					<wp:status><![CDATA[inherit]]></wp:status>
					<wp:post_parent>169</wp:post_parent>
					<wp:menu_order>0</wp:menu_order>
					<wp:post_type><![CDATA[attachment]]></wp:post_type>
											<wp:attachment_url><![CDATA[http://dummy.xtemos.com/woodmart2/christmas-2-gutenberg/wp-content/uploads/sites/61/2025/10/xms-marquee-lights.jpg]]></wp:attachment_url>
																					<wp:postmeta>
							<wp:meta_key><![CDATA[_wp_attached_file]]></wp:meta_key>
							<wp:meta_value><![CDATA[2025/10/xms-marquee-lights.jpg]]></wp:meta_value>
						</wp:postmeta>
										</item>
								<item>
					<title><![CDATA[xms-product-return]]></title>
					<link>https://dummy.xtemos.com/woodmart2/christmas-2-gutenberg/home-christmas-2/xms-product-return/</link>
					<pubDate>Wed, 22 Oct 2025 12:22:05 +0000</pubDate>
					<dc:creator><![CDATA[Mr. Mackay]]></dc:creator>
					<guid isPermaLink="false">http://dummy.xtemos.com/woodmart2/christmas-2-gutenberg/wp-content/uploads/sites/61/2025/10/xms-product-return.svg</guid>
															<wp:post_id>217</wp:post_id>
					<wp:post_date><![CDATA[2025-10-22 12:22:05]]></wp:post_date>
					<wp:post_date_gmt><![CDATA[2025-10-22 12:22:05]]></wp:post_date_gmt>
					<wp:post_modified><![CDATA[2025-10-22 12:22:05]]></wp:post_modified>
					<wp:post_modified_gmt><![CDATA[2025-10-22 12:22:05]]></wp:post_modified_gmt>
					<wp:comment_status><![CDATA[open]]></wp:comment_status>
					<wp:post_name><![CDATA[xms-product-return]]></wp:post_name>
					<wp:status><![CDATA[inherit]]></wp:status>
					<wp:post_parent>169</wp:post_parent>
					<wp:menu_order>0</wp:menu_order>
					<wp:post_type><![CDATA[attachment]]></wp:post_type>
											<wp:attachment_url><![CDATA[http://dummy.xtemos.com/woodmart2/christmas-2-gutenberg/wp-content/uploads/sites/61/2025/10/xms-product-return.svg]]></wp:attachment_url>
																					<wp:postmeta>
							<wp:meta_key><![CDATA[_wp_attached_file]]></wp:meta_key>
							<wp:meta_value><![CDATA[2025/10/xms-product-return.svg]]></wp:meta_value>
						</wp:postmeta>
										</item>
								<item>
					<title><![CDATA[xms-banner-ceramic-houses-opt]]></title>
					<link>https://dummy.xtemos.com/woodmart2/christmas-2-gutenberg/home-christmas-2/xms-banner-ceramic-houses-opt/</link>
					<pubDate>Wed, 22 Oct 2025 12:22:55 +0000</pubDate>
					<dc:creator><![CDATA[Mr. Mackay]]></dc:creator>
					<guid isPermaLink="false">http://dummy.xtemos.com/woodmart2/christmas-2-gutenberg/wp-content/uploads/sites/61/2025/10/xms-banner-ceramic-houses-opt.jpg</guid>
															<wp:post_id>220</wp:post_id>
					<wp:post_date><![CDATA[2025-10-22 12:22:55]]></wp:post_date>
					<wp:post_date_gmt><![CDATA[2025-10-22 12:22:55]]></wp:post_date_gmt>
					<wp:post_modified><![CDATA[2025-10-22 12:22:55]]></wp:post_modified>
					<wp:post_modified_gmt><![CDATA[2025-10-22 12:22:55]]></wp:post_modified_gmt>
					<wp:comment_status><![CDATA[open]]></wp:comment_status>
					<wp:post_name><![CDATA[xms-banner-ceramic-houses-opt]]></wp:post_name>
					<wp:status><![CDATA[inherit]]></wp:status>
					<wp:post_parent>169</wp:post_parent>
					<wp:menu_order>0</wp:menu_order>
					<wp:post_type><![CDATA[attachment]]></wp:post_type>
											<wp:attachment_url><![CDATA[http://dummy.xtemos.com/woodmart2/christmas-2-gutenberg/wp-content/uploads/sites/61/2025/10/xms-banner-ceramic-houses-opt.jpg]]></wp:attachment_url>
																					<wp:postmeta>
							<wp:meta_key><![CDATA[_wp_attached_file]]></wp:meta_key>
							<wp:meta_value><![CDATA[2025/10/xms-banner-ceramic-houses-opt.jpg]]></wp:meta_value>
						</wp:postmeta>
										</item>
								<item>
					<title><![CDATA[toy-1]]></title>
					<link>https://dummy.xtemos.com/woodmart2/christmas-2-gutenberg/home-christmas-2/toy-1/</link>
					<pubDate>Wed, 22 Oct 2025 12:23:56 +0000</pubDate>
					<dc:creator><![CDATA[Mr. Mackay]]></dc:creator>
					<guid isPermaLink="false">http://dummy.xtemos.com/woodmart2/christmas-2-gutenberg/wp-content/uploads/sites/61/2025/10/toy-1.jpg</guid>
															<wp:post_id>223</wp:post_id>
					<wp:post_date><![CDATA[2025-10-22 12:23:56]]></wp:post_date>
					<wp:post_date_gmt><![CDATA[2025-10-22 12:23:56]]></wp:post_date_gmt>
					<wp:post_modified><![CDATA[2025-10-22 12:23:56]]></wp:post_modified>
					<wp:post_modified_gmt><![CDATA[2025-10-22 12:23:56]]></wp:post_modified_gmt>
					<wp:comment_status><![CDATA[open]]></wp:comment_status>
					<wp:post_name><![CDATA[toy-1]]></wp:post_name>
					<wp:status><![CDATA[inherit]]></wp:status>
					<wp:post_parent>169</wp:post_parent>
					<wp:menu_order>0</wp:menu_order>
					<wp:post_type><![CDATA[attachment]]></wp:post_type>
											<wp:attachment_url><![CDATA[http://dummy.xtemos.com/woodmart2/christmas-2-gutenberg/wp-content/uploads/sites/61/2025/10/toy-1.jpg]]></wp:attachment_url>
																					<wp:postmeta>
							<wp:meta_key><![CDATA[_wp_attached_file]]></wp:meta_key>
							<wp:meta_value><![CDATA[2025/10/toy-1.jpg]]></wp:meta_value>
						</wp:postmeta>
										</item>
								<item>
					<title><![CDATA[toy-2]]></title>
					<link>https://dummy.xtemos.com/woodmart2/christmas-2-gutenberg/home-christmas-2/toy-2/</link>
					<pubDate>Wed, 22 Oct 2025 12:24:07 +0000</pubDate>
					<dc:creator><![CDATA[Mr. Mackay]]></dc:creator>
					<guid isPermaLink="false">http://dummy.xtemos.com/woodmart2/christmas-2-gutenberg/wp-content/uploads/sites/61/2025/10/toy-2.jpg</guid>
															<wp:post_id>225</wp:post_id>
					<wp:post_date><![CDATA[2025-10-22 12:24:07]]></wp:post_date>
					<wp:post_date_gmt><![CDATA[2025-10-22 12:24:07]]></wp:post_date_gmt>
					<wp:post_modified><![CDATA[2025-10-22 12:24:07]]></wp:post_modified>
					<wp:post_modified_gmt><![CDATA[2025-10-22 12:24:07]]></wp:post_modified_gmt>
					<wp:comment_status><![CDATA[open]]></wp:comment_status>
					<wp:post_name><![CDATA[toy-2]]></wp:post_name>
					<wp:status><![CDATA[inherit]]></wp:status>
					<wp:post_parent>169</wp:post_parent>
					<wp:menu_order>0</wp:menu_order>
					<wp:post_type><![CDATA[attachment]]></wp:post_type>
											<wp:attachment_url><![CDATA[http://dummy.xtemos.com/woodmart2/christmas-2-gutenberg/wp-content/uploads/sites/61/2025/10/toy-2.jpg]]></wp:attachment_url>
																					<wp:postmeta>
							<wp:meta_key><![CDATA[_wp_attached_file]]></wp:meta_key>
							<wp:meta_value><![CDATA[2025/10/toy-2.jpg]]></wp:meta_value>
						</wp:postmeta>
										</item>
								<item>
					<title><![CDATA[toy-3]]></title>
					<link>https://dummy.xtemos.com/woodmart2/christmas-2-gutenberg/home-christmas-2/toy-3/</link>
					<pubDate>Wed, 22 Oct 2025 12:24:17 +0000</pubDate>
					<dc:creator><![CDATA[Mr. Mackay]]></dc:creator>
					<guid isPermaLink="false">http://dummy.xtemos.com/woodmart2/christmas-2-gutenberg/wp-content/uploads/sites/61/2025/10/toy-3.jpg</guid>
															<wp:post_id>226</wp:post_id>
					<wp:post_date><![CDATA[2025-10-22 12:24:17]]></wp:post_date>
					<wp:post_date_gmt><![CDATA[2025-10-22 12:24:17]]></wp:post_date_gmt>
					<wp:post_modified><![CDATA[2025-10-22 12:24:17]]></wp:post_modified>
					<wp:post_modified_gmt><![CDATA[2025-10-22 12:24:17]]></wp:post_modified_gmt>
					<wp:comment_status><![CDATA[open]]></wp:comment_status>
					<wp:post_name><![CDATA[toy-3]]></wp:post_name>
					<wp:status><![CDATA[inherit]]></wp:status>
					<wp:post_parent>169</wp:post_parent>
					<wp:menu_order>0</wp:menu_order>
					<wp:post_type><![CDATA[attachment]]></wp:post_type>
											<wp:attachment_url><![CDATA[http://dummy.xtemos.com/woodmart2/christmas-2-gutenberg/wp-content/uploads/sites/61/2025/10/toy-3.jpg]]></wp:attachment_url>
																					<wp:postmeta>
							<wp:meta_key><![CDATA[_wp_attached_file]]></wp:meta_key>
							<wp:meta_value><![CDATA[2025/10/toy-3.jpg]]></wp:meta_value>
						</wp:postmeta>
										</item>
								<item>
					<title><![CDATA[toy-4]]></title>
					<link>https://dummy.xtemos.com/woodmart2/christmas-2-gutenberg/home-christmas-2/toy-4/</link>
					<pubDate>Wed, 22 Oct 2025 12:24:26 +0000</pubDate>
					<dc:creator><![CDATA[Mr. Mackay]]></dc:creator>
					<guid isPermaLink="false">http://dummy.xtemos.com/woodmart2/christmas-2-gutenberg/wp-content/uploads/sites/61/2025/10/toy-4.jpg</guid>
															<wp:post_id>227</wp:post_id>
					<wp:post_date><![CDATA[2025-10-22 12:24:26]]></wp:post_date>
					<wp:post_date_gmt><![CDATA[2025-10-22 12:24:26]]></wp:post_date_gmt>
					<wp:post_modified><![CDATA[2025-10-22 12:24:26]]></wp:post_modified>
					<wp:post_modified_gmt><![CDATA[2025-10-22 12:24:26]]></wp:post_modified_gmt>
					<wp:comment_status><![CDATA[open]]></wp:comment_status>
					<wp:post_name><![CDATA[toy-4]]></wp:post_name>
					<wp:status><![CDATA[inherit]]></wp:status>
					<wp:post_parent>169</wp:post_parent>
					<wp:menu_order>0</wp:menu_order>
					<wp:post_type><![CDATA[attachment]]></wp:post_type>
											<wp:attachment_url><![CDATA[http://dummy.xtemos.com/woodmart2/christmas-2-gutenberg/wp-content/uploads/sites/61/2025/10/toy-4.jpg]]></wp:attachment_url>
																					<wp:postmeta>
							<wp:meta_key><![CDATA[_wp_attached_file]]></wp:meta_key>
							<wp:meta_value><![CDATA[2025/10/toy-4.jpg]]></wp:meta_value>
						</wp:postmeta>
										</item>
								<item>
					<title><![CDATA[xms-step-1-opt]]></title>
					<link>https://dummy.xtemos.com/woodmart2/christmas-2-gutenberg/?attachment_id=258</link>
					<pubDate>Wed, 22 Oct 2025 12:34:33 +0000</pubDate>
					<dc:creator><![CDATA[Mr. Mackay]]></dc:creator>
					<guid isPermaLink="false">http://dummy.xtemos.com/woodmart2/christmas-2-gutenberg/wp-content/uploads/sites/61/2025/10/xms-step-1-opt.jpg</guid>
															<wp:post_id>258</wp:post_id>
					<wp:post_date><![CDATA[2025-10-22 12:34:33]]></wp:post_date>
					<wp:post_date_gmt><![CDATA[2025-10-22 12:34:33]]></wp:post_date_gmt>
					<wp:post_modified><![CDATA[2025-10-22 12:34:33]]></wp:post_modified>
					<wp:post_modified_gmt><![CDATA[2025-10-22 12:34:33]]></wp:post_modified_gmt>
					<wp:comment_status><![CDATA[open]]></wp:comment_status>
					<wp:post_name><![CDATA[xms-step-1-opt]]></wp:post_name>
					<wp:status><![CDATA[inherit]]></wp:status>
					<wp:post_parent>71</wp:post_parent>
					<wp:menu_order>0</wp:menu_order>
					<wp:post_type><![CDATA[attachment]]></wp:post_type>
											<wp:attachment_url><![CDATA[http://dummy.xtemos.com/woodmart2/christmas-2-gutenberg/wp-content/uploads/sites/61/2025/10/xms-step-1-opt.jpg]]></wp:attachment_url>
																					<wp:postmeta>
							<wp:meta_key><![CDATA[_wp_attached_file]]></wp:meta_key>
							<wp:meta_value><![CDATA[2025/10/xms-step-1-opt.jpg]]></wp:meta_value>
						</wp:postmeta>
										</item>
								<item>
					<title><![CDATA[xms-step-2-opt]]></title>
					<link>https://dummy.xtemos.com/woodmart2/christmas-2-gutenberg/?attachment_id=259</link>
					<pubDate>Wed, 22 Oct 2025 12:34:34 +0000</pubDate>
					<dc:creator><![CDATA[Mr. Mackay]]></dc:creator>
					<guid isPermaLink="false">http://dummy.xtemos.com/woodmart2/christmas-2-gutenberg/wp-content/uploads/sites/61/2025/10/xms-step-2-opt.jpg</guid>
															<wp:post_id>259</wp:post_id>
					<wp:post_date><![CDATA[2025-10-22 12:34:34]]></wp:post_date>
					<wp:post_date_gmt><![CDATA[2025-10-22 12:34:34]]></wp:post_date_gmt>
					<wp:post_modified><![CDATA[2025-10-22 12:34:34]]></wp:post_modified>
					<wp:post_modified_gmt><![CDATA[2025-10-22 12:34:34]]></wp:post_modified_gmt>
					<wp:comment_status><![CDATA[open]]></wp:comment_status>
					<wp:post_name><![CDATA[xms-step-2-opt]]></wp:post_name>
					<wp:status><![CDATA[inherit]]></wp:status>
					<wp:post_parent>71</wp:post_parent>
					<wp:menu_order>0</wp:menu_order>
					<wp:post_type><![CDATA[attachment]]></wp:post_type>
											<wp:attachment_url><![CDATA[http://dummy.xtemos.com/woodmart2/christmas-2-gutenberg/wp-content/uploads/sites/61/2025/10/xms-step-2-opt.jpg]]></wp:attachment_url>
																					<wp:postmeta>
							<wp:meta_key><![CDATA[_wp_attached_file]]></wp:meta_key>
							<wp:meta_value><![CDATA[2025/10/xms-step-2-opt.jpg]]></wp:meta_value>
						</wp:postmeta>
										</item>
								<item>
					<title><![CDATA[xms-step-3-opt]]></title>
					<link>https://dummy.xtemos.com/woodmart2/christmas-2-gutenberg/?attachment_id=260</link>
					<pubDate>Wed, 22 Oct 2025 12:34:34 +0000</pubDate>
					<dc:creator><![CDATA[Mr. Mackay]]></dc:creator>
					<guid isPermaLink="false">http://dummy.xtemos.com/woodmart2/christmas-2-gutenberg/wp-content/uploads/sites/61/2025/10/xms-step-3-opt.jpg</guid>
															<wp:post_id>260</wp:post_id>
					<wp:post_date><![CDATA[2025-10-22 12:34:34]]></wp:post_date>
					<wp:post_date_gmt><![CDATA[2025-10-22 12:34:34]]></wp:post_date_gmt>
					<wp:post_modified><![CDATA[2025-10-22 12:34:34]]></wp:post_modified>
					<wp:post_modified_gmt><![CDATA[2025-10-22 12:34:34]]></wp:post_modified_gmt>
					<wp:comment_status><![CDATA[open]]></wp:comment_status>
					<wp:post_name><![CDATA[xms-step-3-opt]]></wp:post_name>
					<wp:status><![CDATA[inherit]]></wp:status>
					<wp:post_parent>71</wp:post_parent>
					<wp:menu_order>0</wp:menu_order>
					<wp:post_type><![CDATA[attachment]]></wp:post_type>
											<wp:attachment_url><![CDATA[http://dummy.xtemos.com/woodmart2/christmas-2-gutenberg/wp-content/uploads/sites/61/2025/10/xms-step-3-opt.jpg]]></wp:attachment_url>
																					<wp:postmeta>
							<wp:meta_key><![CDATA[_wp_attached_file]]></wp:meta_key>
							<wp:meta_value><![CDATA[2025/10/xms-step-3-opt.jpg]]></wp:meta_value>
						</wp:postmeta>
										</item>
								<item>
					<title><![CDATA[xms-step-4-opt]]></title>
					<link>https://dummy.xtemos.com/woodmart2/christmas-2-gutenberg/?attachment_id=261</link>
					<pubDate>Wed, 22 Oct 2025 12:34:35 +0000</pubDate>
					<dc:creator><![CDATA[Mr. Mackay]]></dc:creator>
					<guid isPermaLink="false">http://dummy.xtemos.com/woodmart2/christmas-2-gutenberg/wp-content/uploads/sites/61/2025/10/xms-step-4-opt.jpg</guid>
															<wp:post_id>261</wp:post_id>
					<wp:post_date><![CDATA[2025-10-22 12:34:35]]></wp:post_date>
					<wp:post_date_gmt><![CDATA[2025-10-22 12:34:35]]></wp:post_date_gmt>
					<wp:post_modified><![CDATA[2025-10-22 12:34:35]]></wp:post_modified>
					<wp:post_modified_gmt><![CDATA[2025-10-22 12:34:35]]></wp:post_modified_gmt>
					<wp:comment_status><![CDATA[open]]></wp:comment_status>
					<wp:post_name><![CDATA[xms-step-4-opt]]></wp:post_name>
					<wp:status><![CDATA[inherit]]></wp:status>
					<wp:post_parent>71</wp:post_parent>
					<wp:menu_order>0</wp:menu_order>
					<wp:post_type><![CDATA[attachment]]></wp:post_type>
											<wp:attachment_url><![CDATA[http://dummy.xtemos.com/woodmart2/christmas-2-gutenberg/wp-content/uploads/sites/61/2025/10/xms-step-4-opt.jpg]]></wp:attachment_url>
																					<wp:postmeta>
							<wp:meta_key><![CDATA[_wp_attached_file]]></wp:meta_key>
							<wp:meta_value><![CDATA[2025/10/xms-step-4-opt.jpg]]></wp:meta_value>
						</wp:postmeta>
										</item>
								<item>
					<title><![CDATA[xms-shape-classic]]></title>
					<link>https://dummy.xtemos.com/woodmart2/christmas-2-gutenberg/?attachment_id=262</link>
					<pubDate>Wed, 22 Oct 2025 12:34:46 +0000</pubDate>
					<dc:creator><![CDATA[Mr. Mackay]]></dc:creator>
					<guid isPermaLink="false">http://dummy.xtemos.com/woodmart2/christmas-2-gutenberg/wp-content/uploads/sites/61/2025/10/xms-shape-classic.svg</guid>
															<wp:post_id>262</wp:post_id>
					<wp:post_date><![CDATA[2025-10-22 12:34:46]]></wp:post_date>
					<wp:post_date_gmt><![CDATA[2025-10-22 12:34:46]]></wp:post_date_gmt>
					<wp:post_modified><![CDATA[2025-10-22 12:34:46]]></wp:post_modified>
					<wp:post_modified_gmt><![CDATA[2025-10-22 12:34:46]]></wp:post_modified_gmt>
					<wp:comment_status><![CDATA[open]]></wp:comment_status>
					<wp:post_name><![CDATA[xms-shape-classic]]></wp:post_name>
					<wp:status><![CDATA[inherit]]></wp:status>
					<wp:post_parent>71</wp:post_parent>
					<wp:menu_order>0</wp:menu_order>
					<wp:post_type><![CDATA[attachment]]></wp:post_type>
											<wp:attachment_url><![CDATA[http://dummy.xtemos.com/woodmart2/christmas-2-gutenberg/wp-content/uploads/sites/61/2025/10/xms-shape-classic.svg]]></wp:attachment_url>
																					<wp:postmeta>
							<wp:meta_key><![CDATA[_wp_attached_file]]></wp:meta_key>
							<wp:meta_value><![CDATA[2025/10/xms-shape-classic.svg]]></wp:meta_value>
						</wp:postmeta>
										</item>
								<item>
					<title><![CDATA[xms-category-indoor-decorations-opt]]></title>
					<link>https://dummy.xtemos.com/woodmart2/christmas-2-gutenberg/home-christmas-2/xms-category-indoor-decorations-opt/</link>
					<pubDate>Mon, 27 Oct 2025 13:51:08 +0000</pubDate>
					<dc:creator><![CDATA[Mr. Mackay]]></dc:creator>
					<guid isPermaLink="false">http://dummy.xtemos.com/woodmart2/christmas-2-gutenberg/wp-content/uploads/sites/61/2025/10/xms-category-indoor-decorations-opt.jpg</guid>
															<wp:post_id>373</wp:post_id>
					<wp:post_date><![CDATA[2025-10-27 13:51:08]]></wp:post_date>
					<wp:post_date_gmt><![CDATA[2025-10-27 13:51:08]]></wp:post_date_gmt>
					<wp:post_modified><![CDATA[2025-10-27 13:51:08]]></wp:post_modified>
					<wp:post_modified_gmt><![CDATA[2025-10-27 13:51:08]]></wp:post_modified_gmt>
					<wp:comment_status><![CDATA[open]]></wp:comment_status>
					<wp:post_name><![CDATA[xms-category-indoor-decorations-opt]]></wp:post_name>
					<wp:status><![CDATA[inherit]]></wp:status>
					<wp:post_parent>169</wp:post_parent>
					<wp:menu_order>0</wp:menu_order>
					<wp:post_type><![CDATA[attachment]]></wp:post_type>
											<wp:attachment_url><![CDATA[http://dummy.xtemos.com/woodmart2/christmas-2-gutenberg/wp-content/uploads/sites/61/2025/10/xms-category-indoor-decorations-opt.jpg]]></wp:attachment_url>
																					<wp:postmeta>
							<wp:meta_key><![CDATA[_wp_attached_file]]></wp:meta_key>
							<wp:meta_value><![CDATA[2025/10/xms-category-indoor-decorations-opt.jpg]]></wp:meta_value>
						</wp:postmeta>
										</item>
								<item>
					<title><![CDATA[xms-category-christmas-tree-unlit-opt]]></title>
					<link>https://dummy.xtemos.com/woodmart2/christmas-2-gutenberg/home-christmas-2/xms-category-christmas-tree-unlit-opt/</link>
					<pubDate>Mon, 27 Oct 2025 13:51:23 +0000</pubDate>
					<dc:creator><![CDATA[Mr. Mackay]]></dc:creator>
					<guid isPermaLink="false">http://dummy.xtemos.com/woodmart2/christmas-2-gutenberg/wp-content/uploads/sites/61/2025/10/xms-category-christmas-tree-unlit-opt.jpg</guid>
															<wp:post_id>374</wp:post_id>
					<wp:post_date><![CDATA[2025-10-27 13:51:23]]></wp:post_date>
					<wp:post_date_gmt><![CDATA[2025-10-27 13:51:23]]></wp:post_date_gmt>
					<wp:post_modified><![CDATA[2025-10-27 13:51:23]]></wp:post_modified>
					<wp:post_modified_gmt><![CDATA[2025-10-27 13:51:23]]></wp:post_modified_gmt>
					<wp:comment_status><![CDATA[open]]></wp:comment_status>
					<wp:post_name><![CDATA[xms-category-christmas-tree-unlit-opt]]></wp:post_name>
					<wp:status><![CDATA[inherit]]></wp:status>
					<wp:post_parent>169</wp:post_parent>
					<wp:menu_order>0</wp:menu_order>
					<wp:post_type><![CDATA[attachment]]></wp:post_type>
											<wp:attachment_url><![CDATA[http://dummy.xtemos.com/woodmart2/christmas-2-gutenberg/wp-content/uploads/sites/61/2025/10/xms-category-christmas-tree-unlit-opt.jpg]]></wp:attachment_url>
																					<wp:postmeta>
							<wp:meta_key><![CDATA[_wp_attached_file]]></wp:meta_key>
							<wp:meta_value><![CDATA[2025/10/xms-category-christmas-tree-unlit-opt.jpg]]></wp:meta_value>
						</wp:postmeta>
										</item>
								<item>
					<title><![CDATA[xms-category-outdoor-lights-opt]]></title>
					<link>https://dummy.xtemos.com/woodmart2/christmas-2-gutenberg/home-christmas-2/xms-category-outdoor-lights-opt/</link>
					<pubDate>Mon, 27 Oct 2025 13:51:34 +0000</pubDate>
					<dc:creator><![CDATA[Mr. Mackay]]></dc:creator>
					<guid isPermaLink="false">http://dummy.xtemos.com/woodmart2/christmas-2-gutenberg/wp-content/uploads/sites/61/2025/10/xms-category-outdoor-lights-opt.jpg</guid>
															<wp:post_id>375</wp:post_id>
					<wp:post_date><![CDATA[2025-10-27 13:51:34]]></wp:post_date>
					<wp:post_date_gmt><![CDATA[2025-10-27 13:51:34]]></wp:post_date_gmt>
					<wp:post_modified><![CDATA[2025-10-27 13:51:34]]></wp:post_modified>
					<wp:post_modified_gmt><![CDATA[2025-10-27 13:51:34]]></wp:post_modified_gmt>
					<wp:comment_status><![CDATA[open]]></wp:comment_status>
					<wp:post_name><![CDATA[xms-category-outdoor-lights-opt]]></wp:post_name>
					<wp:status><![CDATA[inherit]]></wp:status>
					<wp:post_parent>169</wp:post_parent>
					<wp:menu_order>0</wp:menu_order>
					<wp:post_type><![CDATA[attachment]]></wp:post_type>
											<wp:attachment_url><![CDATA[http://dummy.xtemos.com/woodmart2/christmas-2-gutenberg/wp-content/uploads/sites/61/2025/10/xms-category-outdoor-lights-opt.jpg]]></wp:attachment_url>
																					<wp:postmeta>
							<wp:meta_key><![CDATA[_wp_attached_file]]></wp:meta_key>
							<wp:meta_value><![CDATA[2025/10/xms-category-outdoor-lights-opt.jpg]]></wp:meta_value>
						</wp:postmeta>
										</item>
								<item>
					<title><![CDATA[xms-category-tableware-opt]]></title>
					<link>https://dummy.xtemos.com/woodmart2/christmas-2-gutenberg/home-christmas-2/xms-category-tableware-opt/</link>
					<pubDate>Mon, 27 Oct 2025 13:51:45 +0000</pubDate>
					<dc:creator><![CDATA[Mr. Mackay]]></dc:creator>
					<guid isPermaLink="false">http://dummy.xtemos.com/woodmart2/christmas-2-gutenberg/wp-content/uploads/sites/61/2025/10/xms-category-tableware-opt.jpg</guid>
															<wp:post_id>376</wp:post_id>
					<wp:post_date><![CDATA[2025-10-27 13:51:45]]></wp:post_date>
					<wp:post_date_gmt><![CDATA[2025-10-27 13:51:45]]></wp:post_date_gmt>
					<wp:post_modified><![CDATA[2025-10-27 13:51:45]]></wp:post_modified>
					<wp:post_modified_gmt><![CDATA[2025-10-27 13:51:45]]></wp:post_modified_gmt>
					<wp:comment_status><![CDATA[open]]></wp:comment_status>
					<wp:post_name><![CDATA[xms-category-tableware-opt]]></wp:post_name>
					<wp:status><![CDATA[inherit]]></wp:status>
					<wp:post_parent>169</wp:post_parent>
					<wp:menu_order>0</wp:menu_order>
					<wp:post_type><![CDATA[attachment]]></wp:post_type>
											<wp:attachment_url><![CDATA[http://dummy.xtemos.com/woodmart2/christmas-2-gutenberg/wp-content/uploads/sites/61/2025/10/xms-category-tableware-opt.jpg]]></wp:attachment_url>
																					<wp:postmeta>
							<wp:meta_key><![CDATA[_wp_attached_file]]></wp:meta_key>
							<wp:meta_value><![CDATA[2025/10/xms-category-tableware-opt.jpg]]></wp:meta_value>
						</wp:postmeta>
										</item>
								<item>
					<title><![CDATA[xms-banner-paper-decoration-opt]]></title>
					<link>https://dummy.xtemos.com/woodmart2/christmas-2-gutenberg/home-christmas-2/xms-banner-paper-decoration-opt/</link>
					<pubDate>Mon, 27 Oct 2025 13:53:19 +0000</pubDate>
					<dc:creator><![CDATA[Mr. Mackay]]></dc:creator>
					<guid isPermaLink="false">http://dummy.xtemos.com/woodmart2/christmas-2-gutenberg/wp-content/uploads/sites/61/2025/10/xms-banner-paper-decoration-opt.jpg</guid>
															<wp:post_id>379</wp:post_id>
					<wp:post_date><![CDATA[2025-10-27 13:53:19]]></wp:post_date>
					<wp:post_date_gmt><![CDATA[2025-10-27 13:53:19]]></wp:post_date_gmt>
					<wp:post_modified><![CDATA[2025-10-27 13:53:19]]></wp:post_modified>
					<wp:post_modified_gmt><![CDATA[2025-10-27 13:53:19]]></wp:post_modified_gmt>
					<wp:comment_status><![CDATA[open]]></wp:comment_status>
					<wp:post_name><![CDATA[xms-banner-paper-decoration-opt]]></wp:post_name>
					<wp:status><![CDATA[inherit]]></wp:status>
					<wp:post_parent>169</wp:post_parent>
					<wp:menu_order>0</wp:menu_order>
					<wp:post_type><![CDATA[attachment]]></wp:post_type>
											<wp:attachment_url><![CDATA[http://dummy.xtemos.com/woodmart2/christmas-2-gutenberg/wp-content/uploads/sites/61/2025/10/xms-banner-paper-decoration-opt.jpg]]></wp:attachment_url>
																					<wp:postmeta>
							<wp:meta_key><![CDATA[_wp_attached_file]]></wp:meta_key>
							<wp:meta_value><![CDATA[2025/10/xms-banner-paper-decoration-opt.jpg]]></wp:meta_value>
						</wp:postmeta>
										</item>
								<item>
					<title><![CDATA[xms-banner-wing-angels-set-opt]]></title>
					<link>https://dummy.xtemos.com/woodmart2/christmas-2-gutenberg/home-christmas-2/xms-banner-wing-angels-set-opt/</link>
					<pubDate>Mon, 27 Oct 2025 13:53:31 +0000</pubDate>
					<dc:creator><![CDATA[Mr. Mackay]]></dc:creator>
					<guid isPermaLink="false">http://dummy.xtemos.com/woodmart2/christmas-2-gutenberg/wp-content/uploads/sites/61/2025/10/xms-banner-wing-angels-set-opt.jpg</guid>
															<wp:post_id>380</wp:post_id>
					<wp:post_date><![CDATA[2025-10-27 13:53:31]]></wp:post_date>
					<wp:post_date_gmt><![CDATA[2025-10-27 13:53:31]]></wp:post_date_gmt>
					<wp:post_modified><![CDATA[2025-10-27 13:53:31]]></wp:post_modified>
					<wp:post_modified_gmt><![CDATA[2025-10-27 13:53:31]]></wp:post_modified_gmt>
					<wp:comment_status><![CDATA[open]]></wp:comment_status>
					<wp:post_name><![CDATA[xms-banner-wing-angels-set-opt]]></wp:post_name>
					<wp:status><![CDATA[inherit]]></wp:status>
					<wp:post_parent>169</wp:post_parent>
					<wp:menu_order>0</wp:menu_order>
					<wp:post_type><![CDATA[attachment]]></wp:post_type>
											<wp:attachment_url><![CDATA[http://dummy.xtemos.com/woodmart2/christmas-2-gutenberg/wp-content/uploads/sites/61/2025/10/xms-banner-wing-angels-set-opt.jpg]]></wp:attachment_url>
																					<wp:postmeta>
							<wp:meta_key><![CDATA[_wp_attached_file]]></wp:meta_key>
							<wp:meta_value><![CDATA[2025/10/xms-banner-wing-angels-set-opt.jpg]]></wp:meta_value>
						</wp:postmeta>
										</item>
								<item>
					<title><![CDATA[12piece-tableware-set.jpeg]]></title>
					<link>https://dummy.xtemos.com/woodmart2/christmas-2-gutenberg/?attachment_id=97</link>
					<pubDate>Tue, 21 Oct 2025 08:42:33 +0000</pubDate>
					<dc:creator><![CDATA[Mr. Mackay]]></dc:creator>
					<guid isPermaLink="false">http://dummy.xtemos.com/woodmart2/christmas-2-gutenberg/wp-content/uploads/sites/61/2025/10/12piece-tableware-set.jpeg</guid>
															<wp:post_id>97</wp:post_id>
					<wp:post_date><![CDATA[2025-10-21 08:42:33]]></wp:post_date>
					<wp:post_date_gmt><![CDATA[2025-10-21 08:42:33]]></wp:post_date_gmt>
					<wp:post_modified><![CDATA[2025-10-21 08:42:33]]></wp:post_modified>
					<wp:post_modified_gmt><![CDATA[2025-10-21 08:42:33]]></wp:post_modified_gmt>
					<wp:comment_status><![CDATA[open]]></wp:comment_status>
					<wp:post_name><![CDATA[12piece-tableware-set-jpeg]]></wp:post_name>
					<wp:status><![CDATA[inherit]]></wp:status>
					<wp:post_parent>66</wp:post_parent>
					<wp:menu_order>0</wp:menu_order>
					<wp:post_type><![CDATA[attachment]]></wp:post_type>
											<wp:attachment_url><![CDATA[http://dummy.xtemos.com/woodmart2/christmas-2-gutenberg/wp-content/uploads/sites/61/2025/10/12piece-tableware-set.jpeg]]></wp:attachment_url>
																					<wp:postmeta>
							<wp:meta_key><![CDATA[_wp_attached_file]]></wp:meta_key>
							<wp:meta_value><![CDATA[2025/10/12piece-tableware-set.jpeg]]></wp:meta_value>
						</wp:postmeta>
												<wp:postmeta>
							<wp:meta_key><![CDATA[_wc_attachment_source]]></wp:meta_key>
							<wp:meta_value><![CDATA[http://dummy.xtemos.com/woodmart2/christmas-2-elementor/wp-content/uploads/sites/60/2025/10/12piece-tableware-set.jpeg]]></wp:meta_value>
						</wp:postmeta>
										</item>
								<item>
					<title><![CDATA[mini-christmas-light-set.jpeg]]></title>
					<link>https://dummy.xtemos.com/woodmart2/christmas-2-gutenberg/?attachment_id=107</link>
					<pubDate>Tue, 21 Oct 2025 08:42:34 +0000</pubDate>
					<dc:creator><![CDATA[Mr. Mackay]]></dc:creator>
					<guid isPermaLink="false">http://dummy.xtemos.com/woodmart2/christmas-2-gutenberg/wp-content/uploads/sites/61/2025/10/mini-christmas-light-set.jpeg</guid>
															<wp:post_id>107</wp:post_id>
					<wp:post_date><![CDATA[2025-10-21 08:42:34]]></wp:post_date>
					<wp:post_date_gmt><![CDATA[2025-10-21 08:42:34]]></wp:post_date_gmt>
					<wp:post_modified><![CDATA[2025-10-21 08:42:34]]></wp:post_modified>
					<wp:post_modified_gmt><![CDATA[2025-10-21 08:42:34]]></wp:post_modified_gmt>
					<wp:comment_status><![CDATA[open]]></wp:comment_status>
					<wp:post_name><![CDATA[mini-christmas-light-set-jpeg]]></wp:post_name>
					<wp:status><![CDATA[inherit]]></wp:status>
					<wp:post_parent>68</wp:post_parent>
					<wp:menu_order>0</wp:menu_order>
					<wp:post_type><![CDATA[attachment]]></wp:post_type>
											<wp:attachment_url><![CDATA[http://dummy.xtemos.com/woodmart2/christmas-2-gutenberg/wp-content/uploads/sites/61/2025/10/mini-christmas-light-set.jpeg]]></wp:attachment_url>
																					<wp:postmeta>
							<wp:meta_key><![CDATA[_wp_attached_file]]></wp:meta_key>
							<wp:meta_value><![CDATA[2025/10/mini-christmas-light-set.jpeg]]></wp:meta_value>
						</wp:postmeta>
												<wp:postmeta>
							<wp:meta_key><![CDATA[_wc_attachment_source]]></wp:meta_key>
							<wp:meta_value><![CDATA[http://dummy.xtemos.com/woodmart2/christmas-2-elementor/wp-content/uploads/sites/60/2025/10/mini-christmas-light-set.jpeg]]></wp:meta_value>
						</wp:postmeta>
										</item>
								<item>
					<title><![CDATA[villeroy-boch-toys-delight-dinnerware-set.jpeg]]></title>
					<link>https://dummy.xtemos.com/woodmart2/christmas-2-gutenberg/?attachment_id=111</link>
					<pubDate>Tue, 21 Oct 2025 08:42:35 +0000</pubDate>
					<dc:creator><![CDATA[Mr. Mackay]]></dc:creator>
					<guid isPermaLink="false">http://dummy.xtemos.com/woodmart2/christmas-2-gutenberg/wp-content/uploads/sites/61/2025/10/villeroy-boch-toys-delight-dinnerware-set.jpeg</guid>
															<wp:post_id>111</wp:post_id>
					<wp:post_date><![CDATA[2025-10-21 08:42:35]]></wp:post_date>
					<wp:post_date_gmt><![CDATA[2025-10-21 08:42:35]]></wp:post_date_gmt>
					<wp:post_modified><![CDATA[2025-10-21 08:42:35]]></wp:post_modified>
					<wp:post_modified_gmt><![CDATA[2025-10-21 08:42:35]]></wp:post_modified_gmt>
					<wp:comment_status><![CDATA[open]]></wp:comment_status>
					<wp:post_name><![CDATA[villeroy-boch-toys-delight-dinnerware-set-jpeg]]></wp:post_name>
					<wp:status><![CDATA[inherit]]></wp:status>
					<wp:post_parent>69</wp:post_parent>
					<wp:menu_order>0</wp:menu_order>
					<wp:post_type><![CDATA[attachment]]></wp:post_type>
											<wp:attachment_url><![CDATA[http://dummy.xtemos.com/woodmart2/christmas-2-gutenberg/wp-content/uploads/sites/61/2025/10/villeroy-boch-toys-delight-dinnerware-set.jpeg]]></wp:attachment_url>
																					<wp:postmeta>
							<wp:meta_key><![CDATA[_wp_attached_file]]></wp:meta_key>
							<wp:meta_value><![CDATA[2025/10/villeroy-boch-toys-delight-dinnerware-set.jpeg]]></wp:meta_value>
						</wp:postmeta>
												<wp:postmeta>
							<wp:meta_key><![CDATA[_wc_attachment_source]]></wp:meta_key>
							<wp:meta_value><![CDATA[http://dummy.xtemos.com/woodmart2/christmas-2-elementor/wp-content/uploads/sites/60/2025/10/villeroy-boch-toys-delight-dinnerware-set.jpeg]]></wp:meta_value>
						</wp:postmeta>
										</item>
								<item>
					<title><![CDATA[frosted-christmas-tree.jpeg]]></title>
					<link>https://dummy.xtemos.com/woodmart2/christmas-2-gutenberg/?attachment_id=112</link>
					<pubDate>Tue, 21 Oct 2025 08:42:35 +0000</pubDate>
					<dc:creator><![CDATA[Mr. Mackay]]></dc:creator>
					<guid isPermaLink="false">http://dummy.xtemos.com/woodmart2/christmas-2-gutenberg/wp-content/uploads/sites/61/2025/10/frosted-christmas-tree.jpeg</guid>
															<wp:post_id>112</wp:post_id>
					<wp:post_date><![CDATA[2025-10-21 08:42:35]]></wp:post_date>
					<wp:post_date_gmt><![CDATA[2025-10-21 08:42:35]]></wp:post_date_gmt>
					<wp:post_modified><![CDATA[2025-10-21 08:42:35]]></wp:post_modified>
					<wp:post_modified_gmt><![CDATA[2025-10-21 08:42:35]]></wp:post_modified_gmt>
					<wp:comment_status><![CDATA[open]]></wp:comment_status>
					<wp:post_name><![CDATA[frosted-christmas-tree-jpeg]]></wp:post_name>
					<wp:status><![CDATA[inherit]]></wp:status>
					<wp:post_parent>70</wp:post_parent>
					<wp:menu_order>0</wp:menu_order>
					<wp:post_type><![CDATA[attachment]]></wp:post_type>
											<wp:attachment_url><![CDATA[http://dummy.xtemos.com/woodmart2/christmas-2-gutenberg/wp-content/uploads/sites/61/2025/10/frosted-christmas-tree.jpeg]]></wp:attachment_url>
																					<wp:postmeta>
							<wp:meta_key><![CDATA[_wp_attached_file]]></wp:meta_key>
							<wp:meta_value><![CDATA[2025/10/frosted-christmas-tree.jpeg]]></wp:meta_value>
						</wp:postmeta>
												<wp:postmeta>
							<wp:meta_key><![CDATA[_wc_attachment_source]]></wp:meta_key>
							<wp:meta_value><![CDATA[http://dummy.xtemos.com/woodmart2/christmas-2-elementor/wp-content/uploads/sites/60/2025/10/frosted-christmas-tree.jpeg]]></wp:meta_value>
						</wp:postmeta>
										</item>
								<item>
					<title><![CDATA[northlight-50count-warm-white-led.jpeg]]></title>
					<link>https://dummy.xtemos.com/woodmart2/christmas-2-gutenberg/?attachment_id=132</link>
					<pubDate>Tue, 21 Oct 2025 08:42:39 +0000</pubDate>
					<dc:creator><![CDATA[Mr. Mackay]]></dc:creator>
					<guid isPermaLink="false">http://dummy.xtemos.com/woodmart2/christmas-2-gutenberg/wp-content/uploads/sites/61/2025/10/northlight-50count-warm-white-led.jpeg</guid>
															<wp:post_id>132</wp:post_id>
					<wp:post_date><![CDATA[2025-10-21 08:42:39]]></wp:post_date>
					<wp:post_date_gmt><![CDATA[2025-10-21 08:42:39]]></wp:post_date_gmt>
					<wp:post_modified><![CDATA[2025-10-21 08:42:39]]></wp:post_modified>
					<wp:post_modified_gmt><![CDATA[2025-10-21 08:42:39]]></wp:post_modified_gmt>
					<wp:comment_status><![CDATA[open]]></wp:comment_status>
					<wp:post_name><![CDATA[northlight-50count-warm-white-led-jpeg]]></wp:post_name>
					<wp:status><![CDATA[inherit]]></wp:status>
					<wp:post_parent>78</wp:post_parent>
					<wp:menu_order>0</wp:menu_order>
					<wp:post_type><![CDATA[attachment]]></wp:post_type>
											<wp:attachment_url><![CDATA[http://dummy.xtemos.com/woodmart2/christmas-2-gutenberg/wp-content/uploads/sites/61/2025/10/northlight-50count-warm-white-led.jpeg]]></wp:attachment_url>
																					<wp:postmeta>
							<wp:meta_key><![CDATA[_wp_attached_file]]></wp:meta_key>
							<wp:meta_value><![CDATA[2025/10/northlight-50count-warm-white-led.jpeg]]></wp:meta_value>
						</wp:postmeta>
												<wp:postmeta>
							<wp:meta_key><![CDATA[_wc_attachment_source]]></wp:meta_key>
							<wp:meta_value><![CDATA[http://dummy.xtemos.com/woodmart2/christmas-2-elementor/wp-content/uploads/sites/60/2025/10/northlight-50count-warm-white-led.jpeg]]></wp:meta_value>
						</wp:postmeta>
										</item>
								<item>
					<title><![CDATA[vintage-christmas-string-light-set.jpeg]]></title>
					<link>https://dummy.xtemos.com/woodmart2/christmas-2-gutenberg/?attachment_id=136</link>
					<pubDate>Tue, 21 Oct 2025 08:42:40 +0000</pubDate>
					<dc:creator><![CDATA[Mr. Mackay]]></dc:creator>
					<guid isPermaLink="false">http://dummy.xtemos.com/woodmart2/christmas-2-gutenberg/wp-content/uploads/sites/61/2025/10/vintage-christmas-string-light-set.jpeg</guid>
															<wp:post_id>136</wp:post_id>
					<wp:post_date><![CDATA[2025-10-21 08:42:40]]></wp:post_date>
					<wp:post_date_gmt><![CDATA[2025-10-21 08:42:40]]></wp:post_date_gmt>
					<wp:post_modified><![CDATA[2025-10-21 08:42:40]]></wp:post_modified>
					<wp:post_modified_gmt><![CDATA[2025-10-21 08:42:40]]></wp:post_modified_gmt>
					<wp:comment_status><![CDATA[open]]></wp:comment_status>
					<wp:post_name><![CDATA[vintage-christmas-string-light-set-jpeg]]></wp:post_name>
					<wp:status><![CDATA[inherit]]></wp:status>
					<wp:post_parent>85</wp:post_parent>
					<wp:menu_order>0</wp:menu_order>
					<wp:post_type><![CDATA[attachment]]></wp:post_type>
											<wp:attachment_url><![CDATA[http://dummy.xtemos.com/woodmart2/christmas-2-gutenberg/wp-content/uploads/sites/61/2025/10/vintage-christmas-string-light-set.jpeg]]></wp:attachment_url>
																					<wp:postmeta>
							<wp:meta_key><![CDATA[_wp_attached_file]]></wp:meta_key>
							<wp:meta_value><![CDATA[2025/10/vintage-christmas-string-light-set.jpeg]]></wp:meta_value>
						</wp:postmeta>
												<wp:postmeta>
							<wp:meta_key><![CDATA[_wc_attachment_source]]></wp:meta_key>
							<wp:meta_value><![CDATA[http://dummy.xtemos.com/woodmart2/christmas-2-elementor/wp-content/uploads/sites/60/2025/10/vintage-christmas-string-light-set.jpeg]]></wp:meta_value>
						</wp:postmeta>
										</item>
								<item>
					<title><![CDATA[xms-shape-slim]]></title>
					<link>https://dummy.xtemos.com/woodmart2/christmas-2-gutenberg/?attachment_id=263</link>
					<pubDate>Wed, 22 Oct 2025 12:34:54 +0000</pubDate>
					<dc:creator><![CDATA[Mr. Mackay]]></dc:creator>
					<guid isPermaLink="false">http://dummy.xtemos.com/woodmart2/christmas-2-gutenberg/wp-content/uploads/sites/61/2025/10/xms-shape-slim.svg</guid>
															<wp:post_id>263</wp:post_id>
					<wp:post_date><![CDATA[2025-10-22 12:34:54]]></wp:post_date>
					<wp:post_date_gmt><![CDATA[2025-10-22 12:34:54]]></wp:post_date_gmt>
					<wp:post_modified><![CDATA[2025-10-22 12:34:54]]></wp:post_modified>
					<wp:post_modified_gmt><![CDATA[2025-10-22 12:34:54]]></wp:post_modified_gmt>
					<wp:comment_status><![CDATA[open]]></wp:comment_status>
					<wp:post_name><![CDATA[xms-shape-slim]]></wp:post_name>
					<wp:status><![CDATA[inherit]]></wp:status>
					<wp:post_parent>71</wp:post_parent>
					<wp:menu_order>0</wp:menu_order>
					<wp:post_type><![CDATA[attachment]]></wp:post_type>
											<wp:attachment_url><![CDATA[http://dummy.xtemos.com/woodmart2/christmas-2-gutenberg/wp-content/uploads/sites/61/2025/10/xms-shape-slim.svg]]></wp:attachment_url>
																					<wp:postmeta>
							<wp:meta_key><![CDATA[_wp_attached_file]]></wp:meta_key>
							<wp:meta_value><![CDATA[2025/10/xms-shape-slim.svg]]></wp:meta_value>
						</wp:postmeta>
										</item>
								<item>
					<title><![CDATA[xms-shape-sparse]]></title>
					<link>https://dummy.xtemos.com/woodmart2/christmas-2-gutenberg/?attachment_id=265</link>
					<pubDate>Wed, 22 Oct 2025 12:35:02 +0000</pubDate>
					<dc:creator><![CDATA[Mr. Mackay]]></dc:creator>
					<guid isPermaLink="false">http://dummy.xtemos.com/woodmart2/christmas-2-gutenberg/wp-content/uploads/sites/61/2025/10/xms-shape-sparse.svg</guid>
															<wp:post_id>265</wp:post_id>
					<wp:post_date><![CDATA[2025-10-22 12:35:02]]></wp:post_date>
					<wp:post_date_gmt><![CDATA[2025-10-22 12:35:02]]></wp:post_date_gmt>
					<wp:post_modified><![CDATA[2025-10-22 12:35:02]]></wp:post_modified>
					<wp:post_modified_gmt><![CDATA[2025-10-22 12:35:02]]></wp:post_modified_gmt>
					<wp:comment_status><![CDATA[open]]></wp:comment_status>
					<wp:post_name><![CDATA[xms-shape-sparse]]></wp:post_name>
					<wp:status><![CDATA[inherit]]></wp:status>
					<wp:post_parent>71</wp:post_parent>
					<wp:menu_order>0</wp:menu_order>
					<wp:post_type><![CDATA[attachment]]></wp:post_type>
											<wp:attachment_url><![CDATA[http://dummy.xtemos.com/woodmart2/christmas-2-gutenberg/wp-content/uploads/sites/61/2025/10/xms-shape-sparse.svg]]></wp:attachment_url>
																					<wp:postmeta>
							<wp:meta_key><![CDATA[_wp_attached_file]]></wp:meta_key>
							<wp:meta_value><![CDATA[2025/10/xms-shape-sparse.svg]]></wp:meta_value>
						</wp:postmeta>
										</item>
				</channel>
</rss>
	