<?xml version="1.0" encoding="UTF-8" ?>
	<!-- This is a WordPress eXtended RSS file generated by WordPress as an export of your site. -->
	<!-- It contains information about your site's posts, pages, comments, categories, and other content. -->
	<!-- You may use this file to transfer that content from one site to another. -->
	<!-- This file is not intended to serve as a complete backup of your site. -->

	<!-- To import this information into a WordPress site follow these steps: -->
	<!-- 1. Log in to that site as an administrator. -->
	<!-- 2. Go to Tools: Import in the WordPress admin panel. -->
	<!-- 3. Install the "WordPress" importer from the list. -->
	<!-- 4. Activate & Run Importer. -->
	<!-- 5. Upload this file using the form provided on that page. -->
	<!-- 6. You will first be asked to map the authors in this export file to users -->
	<!--    on the site. For each author, you may choose to map to an -->
	<!--    existing user on the site or to create a new user. -->
	<!-- 7. WordPress will then import each of the posts, pages, comments, categories, etc. -->
	<!--    contained in this file into your site. -->

	<!-- generator="WordPress/6.7.4" created="2025-10-27 13:54" -->
<rss version="2.0"
	xmlns:excerpt="http://wordpress.org/export/1.2/excerpt/"
	xmlns:content="http://purl.org/rss/1.0/modules/content/"
	xmlns:wfw="http://wellformedweb.org/CommentAPI/"
	xmlns:dc="http://purl.org/dc/elements/1.1/"
	xmlns:wp="http://wordpress.org/export/1.2/"
>

<channel>
	<title>christmas-2-gutenberg</title>
	<link>https://dummy.xtemos.com/woodmart2/christmas-2-gutenberg</link>
	<description></description>
	<pubDate>Mon, 27 Oct 2025 13:54:35 +0000</pubDate>
	<language>en-US</language>
	<wp:wxr_version>1.2</wp:wxr_version>
	<wp:base_site_url>https://dummy.xtemos.com/woodmart2/</wp:base_site_url>
	<wp:base_blog_url>https://dummy.xtemos.com/woodmart2/christmas-2-gutenberg</wp:base_blog_url>

	
					<wp:term>
			<wp:term_id>0</wp:term_id>
			<wp:term_taxonomy><![CDATA[]]></wp:term_taxonomy>
			<wp:term_slug><![CDATA[]]></wp:term_slug>
			<wp:term_parent><![CDATA[]]></wp:term_parent>
					</wp:term>
		
	<generator>https://wordpress.org/?v=6.7.4</generator>

					<item>
					<title><![CDATA[mixed-pine-promo-christmas-tree.jpeg]]></title>
					<link>https://dummy.xtemos.com/woodmart2/christmas-2-gutenberg/?attachment_id=96</link>
					<pubDate>Tue, 21 Oct 2025 08:42:32 +0000</pubDate>
					<dc:creator><![CDATA[Mr. Mackay]]></dc:creator>
					<guid isPermaLink="false">http://dummy.xtemos.com/woodmart2/christmas-2-gutenberg/wp-content/uploads/sites/61/2025/10/mixed-pine-promo-christmas-tree.jpeg</guid>
															<wp:post_id>96</wp:post_id>
					<wp:post_date><![CDATA[2025-10-21 08:42:32]]></wp:post_date>
					<wp:post_date_gmt><![CDATA[2025-10-21 08:42:32]]></wp:post_date_gmt>
					<wp:post_modified><![CDATA[2025-10-21 08:42:32]]></wp:post_modified>
					<wp:post_modified_gmt><![CDATA[2025-10-21 08:42:32]]></wp:post_modified_gmt>
					<wp:comment_status><![CDATA[open]]></wp:comment_status>
					<wp:post_name><![CDATA[mixed-pine-promo-christmas-tree-jpeg]]></wp:post_name>
					<wp:status><![CDATA[inherit]]></wp:status>
					<wp:post_parent>66</wp:post_parent>
					<wp:menu_order>0</wp:menu_order>
					<wp:post_type><![CDATA[attachment]]></wp:post_type>
											<wp:attachment_url><![CDATA[http://dummy.xtemos.com/woodmart2/christmas-2-gutenberg/wp-content/uploads/sites/61/2025/10/mixed-pine-promo-christmas-tree.jpeg]]></wp:attachment_url>
																					<wp:postmeta>
							<wp:meta_key><![CDATA[_wp_attached_file]]></wp:meta_key>
							<wp:meta_value><![CDATA[2025/10/mixed-pine-promo-christmas-tree.jpeg]]></wp:meta_value>
						</wp:postmeta>
												<wp:postmeta>
							<wp:meta_key><![CDATA[_wc_attachment_source]]></wp:meta_key>
							<wp:meta_value><![CDATA[http://dummy.xtemos.com/woodmart2/christmas-2-elementor/wp-content/uploads/sites/60/2025/10/mixed-pine-promo-christmas-tree.jpeg]]></wp:meta_value>
						</wp:postmeta>
										</item>
								<item>
					<title><![CDATA[norway-christmas-tree.jpeg]]></title>
					<link>https://dummy.xtemos.com/woodmart2/christmas-2-gutenberg/?attachment_id=100</link>
					<pubDate>Tue, 21 Oct 2025 08:42:33 +0000</pubDate>
					<dc:creator><![CDATA[Mr. Mackay]]></dc:creator>
					<guid isPermaLink="false">http://dummy.xtemos.com/woodmart2/christmas-2-gutenberg/wp-content/uploads/sites/61/2025/10/norway-christmas-tree.jpeg</guid>
															<wp:post_id>100</wp:post_id>
					<wp:post_date><![CDATA[2025-10-21 08:42:33]]></wp:post_date>
					<wp:post_date_gmt><![CDATA[2025-10-21 08:42:33]]></wp:post_date_gmt>
					<wp:post_modified><![CDATA[2025-10-21 08:42:33]]></wp:post_modified>
					<wp:post_modified_gmt><![CDATA[2025-10-21 08:42:33]]></wp:post_modified_gmt>
					<wp:comment_status><![CDATA[open]]></wp:comment_status>
					<wp:post_name><![CDATA[norway-christmas-tree-jpeg]]></wp:post_name>
					<wp:status><![CDATA[inherit]]></wp:status>
					<wp:post_parent>67</wp:post_parent>
					<wp:menu_order>0</wp:menu_order>
					<wp:post_type><![CDATA[attachment]]></wp:post_type>
											<wp:attachment_url><![CDATA[http://dummy.xtemos.com/woodmart2/christmas-2-gutenberg/wp-content/uploads/sites/61/2025/10/norway-christmas-tree.jpeg]]></wp:attachment_url>
																					<wp:postmeta>
							<wp:meta_key><![CDATA[_wp_attached_file]]></wp:meta_key>
							<wp:meta_value><![CDATA[2025/10/norway-christmas-tree.jpeg]]></wp:meta_value>
						</wp:postmeta>
												<wp:postmeta>
							<wp:meta_key><![CDATA[_wc_attachment_source]]></wp:meta_key>
							<wp:meta_value><![CDATA[http://dummy.xtemos.com/woodmart2/christmas-2-elementor/wp-content/uploads/sites/60/2025/10/norway-christmas-tree.jpeg]]></wp:meta_value>
						</wp:postmeta>
										</item>
								<item>
					<title><![CDATA[prelit-cypress-fir-christmas-tree.jpeg]]></title>
					<link>https://dummy.xtemos.com/woodmart2/christmas-2-gutenberg/?attachment_id=104</link>
					<pubDate>Tue, 21 Oct 2025 08:42:34 +0000</pubDate>
					<dc:creator><![CDATA[Mr. Mackay]]></dc:creator>
					<guid isPermaLink="false">http://dummy.xtemos.com/woodmart2/christmas-2-gutenberg/wp-content/uploads/sites/61/2025/10/prelit-cypress-fir-christmas-tree.jpeg</guid>
															<wp:post_id>104</wp:post_id>
					<wp:post_date><![CDATA[2025-10-21 08:42:34]]></wp:post_date>
					<wp:post_date_gmt><![CDATA[2025-10-21 08:42:34]]></wp:post_date_gmt>
					<wp:post_modified><![CDATA[2025-10-21 08:42:34]]></wp:post_modified>
					<wp:post_modified_gmt><![CDATA[2025-10-21 08:42:34]]></wp:post_modified_gmt>
					<wp:comment_status><![CDATA[open]]></wp:comment_status>
					<wp:post_name><![CDATA[prelit-cypress-fir-christmas-tree-jpeg]]></wp:post_name>
					<wp:status><![CDATA[inherit]]></wp:status>
					<wp:post_parent>68</wp:post_parent>
					<wp:menu_order>0</wp:menu_order>
					<wp:post_type><![CDATA[attachment]]></wp:post_type>
											<wp:attachment_url><![CDATA[http://dummy.xtemos.com/woodmart2/christmas-2-gutenberg/wp-content/uploads/sites/61/2025/10/prelit-cypress-fir-christmas-tree.jpeg]]></wp:attachment_url>
																					<wp:postmeta>
							<wp:meta_key><![CDATA[_wp_attached_file]]></wp:meta_key>
							<wp:meta_value><![CDATA[2025/10/prelit-cypress-fir-christmas-tree.jpeg]]></wp:meta_value>
						</wp:postmeta>
												<wp:postmeta>
							<wp:meta_key><![CDATA[_wc_attachment_source]]></wp:meta_key>
							<wp:meta_value><![CDATA[http://dummy.xtemos.com/woodmart2/christmas-2-elementor/wp-content/uploads/sites/60/2025/10/prelit-cypress-fir-christmas-tree.jpeg]]></wp:meta_value>
						</wp:postmeta>
										</item>
								<item>
					<title><![CDATA[nobili-tealight-holder-high.jpeg]]></title>
					<link>https://dummy.xtemos.com/woodmart2/christmas-2-gutenberg/?attachment_id=106</link>
					<pubDate>Tue, 21 Oct 2025 08:42:34 +0000</pubDate>
					<dc:creator><![CDATA[Mr. Mackay]]></dc:creator>
					<guid isPermaLink="false">http://dummy.xtemos.com/woodmart2/christmas-2-gutenberg/wp-content/uploads/sites/61/2025/10/nobili-tealight-holder-high.jpeg</guid>
															<wp:post_id>106</wp:post_id>
					<wp:post_date><![CDATA[2025-10-21 08:42:34]]></wp:post_date>
					<wp:post_date_gmt><![CDATA[2025-10-21 08:42:34]]></wp:post_date_gmt>
					<wp:post_modified><![CDATA[2025-10-21 08:42:34]]></wp:post_modified>
					<wp:post_modified_gmt><![CDATA[2025-10-21 08:42:34]]></wp:post_modified_gmt>
					<wp:comment_status><![CDATA[open]]></wp:comment_status>
					<wp:post_name><![CDATA[nobili-tealight-holder-high-jpeg]]></wp:post_name>
					<wp:status><![CDATA[inherit]]></wp:status>
					<wp:post_parent>68</wp:post_parent>
					<wp:menu_order>0</wp:menu_order>
					<wp:post_type><![CDATA[attachment]]></wp:post_type>
											<wp:attachment_url><![CDATA[http://dummy.xtemos.com/woodmart2/christmas-2-gutenberg/wp-content/uploads/sites/61/2025/10/nobili-tealight-holder-high.jpeg]]></wp:attachment_url>
																					<wp:postmeta>
							<wp:meta_key><![CDATA[_wp_attached_file]]></wp:meta_key>
							<wp:meta_value><![CDATA[2025/10/nobili-tealight-holder-high.jpeg]]></wp:meta_value>
						</wp:postmeta>
												<wp:postmeta>
							<wp:meta_key><![CDATA[_wc_attachment_source]]></wp:meta_key>
							<wp:meta_value><![CDATA[http://dummy.xtemos.com/woodmart2/christmas-2-elementor/wp-content/uploads/sites/60/2025/10/nobili-tealight-holder-high.jpeg]]></wp:meta_value>
						</wp:postmeta>
										</item>
								<item>
					<title><![CDATA[fraser-fir-trees.jpeg]]></title>
					<link>https://dummy.xtemos.com/woodmart2/christmas-2-gutenberg/?attachment_id=108</link>
					<pubDate>Tue, 21 Oct 2025 08:42:35 +0000</pubDate>
					<dc:creator><![CDATA[Mr. Mackay]]></dc:creator>
					<guid isPermaLink="false">http://dummy.xtemos.com/woodmart2/christmas-2-gutenberg/wp-content/uploads/sites/61/2025/10/fraser-fir-trees.jpeg</guid>
															<wp:post_id>108</wp:post_id>
					<wp:post_date><![CDATA[2025-10-21 08:42:35]]></wp:post_date>
					<wp:post_date_gmt><![CDATA[2025-10-21 08:42:35]]></wp:post_date_gmt>
					<wp:post_modified><![CDATA[2025-10-21 08:42:35]]></wp:post_modified>
					<wp:post_modified_gmt><![CDATA[2025-10-21 08:42:35]]></wp:post_modified_gmt>
					<wp:comment_status><![CDATA[open]]></wp:comment_status>
					<wp:post_name><![CDATA[fraser-fir-trees-jpeg]]></wp:post_name>
					<wp:status><![CDATA[inherit]]></wp:status>
					<wp:post_parent>69</wp:post_parent>
					<wp:menu_order>0</wp:menu_order>
					<wp:post_type><![CDATA[attachment]]></wp:post_type>
											<wp:attachment_url><![CDATA[http://dummy.xtemos.com/woodmart2/christmas-2-gutenberg/wp-content/uploads/sites/61/2025/10/fraser-fir-trees.jpeg]]></wp:attachment_url>
																					<wp:postmeta>
							<wp:meta_key><![CDATA[_wp_attached_file]]></wp:meta_key>
							<wp:meta_value><![CDATA[2025/10/fraser-fir-trees.jpeg]]></wp:meta_value>
						</wp:postmeta>
												<wp:postmeta>
							<wp:meta_key><![CDATA[_wc_attachment_source]]></wp:meta_key>
							<wp:meta_value><![CDATA[http://dummy.xtemos.com/woodmart2/christmas-2-elementor/wp-content/uploads/sites/60/2025/10/fraser-fir-trees.jpeg]]></wp:meta_value>
						</wp:postmeta>
										</item>
								<item>
					<title><![CDATA[christmas-tree-ontario-premium.jpeg]]></title>
					<link>https://dummy.xtemos.com/woodmart2/christmas-2-gutenberg/?attachment_id=110</link>
					<pubDate>Tue, 21 Oct 2025 08:42:35 +0000</pubDate>
					<dc:creator><![CDATA[Mr. Mackay]]></dc:creator>
					<guid isPermaLink="false">http://dummy.xtemos.com/woodmart2/christmas-2-gutenberg/wp-content/uploads/sites/61/2025/10/christmas-tree-ontario-premium.jpeg</guid>
															<wp:post_id>110</wp:post_id>
					<wp:post_date><![CDATA[2025-10-21 08:42:35]]></wp:post_date>
					<wp:post_date_gmt><![CDATA[2025-10-21 08:42:35]]></wp:post_date_gmt>
					<wp:post_modified><![CDATA[2025-10-21 08:42:35]]></wp:post_modified>
					<wp:post_modified_gmt><![CDATA[2025-10-21 08:42:35]]></wp:post_modified_gmt>
					<wp:comment_status><![CDATA[open]]></wp:comment_status>
					<wp:post_name><![CDATA[christmas-tree-ontario-premium-jpeg]]></wp:post_name>
					<wp:status><![CDATA[inherit]]></wp:status>
					<wp:post_parent>69</wp:post_parent>
					<wp:menu_order>0</wp:menu_order>
					<wp:post_type><![CDATA[attachment]]></wp:post_type>
											<wp:attachment_url><![CDATA[http://dummy.xtemos.com/woodmart2/christmas-2-gutenberg/wp-content/uploads/sites/61/2025/10/christmas-tree-ontario-premium.jpeg]]></wp:attachment_url>
																					<wp:postmeta>
							<wp:meta_key><![CDATA[_wp_attached_file]]></wp:meta_key>
							<wp:meta_value><![CDATA[2025/10/christmas-tree-ontario-premium.jpeg]]></wp:meta_value>
						</wp:postmeta>
												<wp:postmeta>
							<wp:meta_key><![CDATA[_wc_attachment_source]]></wp:meta_key>
							<wp:meta_value><![CDATA[http://dummy.xtemos.com/woodmart2/christmas-2-elementor/wp-content/uploads/sites/60/2025/10/christmas-tree-ontario-premium.jpeg]]></wp:meta_value>
						</wp:postmeta>
										</item>
								<item>
					<title><![CDATA[christmas-ornament-mouse.jpeg]]></title>
					<link>https://dummy.xtemos.com/woodmart2/christmas-2-gutenberg/?attachment_id=114</link>
					<pubDate>Tue, 21 Oct 2025 08:42:36 +0000</pubDate>
					<dc:creator><![CDATA[Mr. Mackay]]></dc:creator>
					<guid isPermaLink="false">http://dummy.xtemos.com/woodmart2/christmas-2-gutenberg/wp-content/uploads/sites/61/2025/10/christmas-ornament-mouse.jpeg</guid>
															<wp:post_id>114</wp:post_id>
					<wp:post_date><![CDATA[2025-10-21 08:42:36]]></wp:post_date>
					<wp:post_date_gmt><![CDATA[2025-10-21 08:42:36]]></wp:post_date_gmt>
					<wp:post_modified><![CDATA[2025-10-21 08:42:36]]></wp:post_modified>
					<wp:post_modified_gmt><![CDATA[2025-10-21 08:42:36]]></wp:post_modified_gmt>
					<wp:comment_status><![CDATA[open]]></wp:comment_status>
					<wp:post_name><![CDATA[christmas-ornament-mouse-jpeg]]></wp:post_name>
					<wp:status><![CDATA[inherit]]></wp:status>
					<wp:post_parent>70</wp:post_parent>
					<wp:menu_order>0</wp:menu_order>
					<wp:post_type><![CDATA[attachment]]></wp:post_type>
											<wp:attachment_url><![CDATA[http://dummy.xtemos.com/woodmart2/christmas-2-gutenberg/wp-content/uploads/sites/61/2025/10/christmas-ornament-mouse.jpeg]]></wp:attachment_url>
																					<wp:postmeta>
							<wp:meta_key><![CDATA[_wp_attached_file]]></wp:meta_key>
							<wp:meta_value><![CDATA[2025/10/christmas-ornament-mouse.jpeg]]></wp:meta_value>
						</wp:postmeta>
												<wp:postmeta>
							<wp:meta_key><![CDATA[_wc_attachment_source]]></wp:meta_key>
							<wp:meta_value><![CDATA[http://dummy.xtemos.com/woodmart2/christmas-2-elementor/wp-content/uploads/sites/60/2025/10/christmas-ornament-mouse.jpeg]]></wp:meta_value>
						</wp:postmeta>
										</item>
								<item>
					<title><![CDATA[mug-with-a-christmas-tree-print.jpeg]]></title>
					<link>https://dummy.xtemos.com/woodmart2/christmas-2-gutenberg/?attachment_id=116</link>
					<pubDate>Tue, 21 Oct 2025 08:42:36 +0000</pubDate>
					<dc:creator><![CDATA[Mr. Mackay]]></dc:creator>
					<guid isPermaLink="false">http://dummy.xtemos.com/woodmart2/christmas-2-gutenberg/wp-content/uploads/sites/61/2025/10/mug-with-a-christmas-tree-print.jpeg</guid>
															<wp:post_id>116</wp:post_id>
					<wp:post_date><![CDATA[2025-10-21 08:42:36]]></wp:post_date>
					<wp:post_date_gmt><![CDATA[2025-10-21 08:42:36]]></wp:post_date_gmt>
					<wp:post_modified><![CDATA[2025-10-21 08:42:36]]></wp:post_modified>
					<wp:post_modified_gmt><![CDATA[2025-10-21 08:42:36]]></wp:post_modified_gmt>
					<wp:comment_status><![CDATA[open]]></wp:comment_status>
					<wp:post_name><![CDATA[mug-with-a-christmas-tree-print-jpeg]]></wp:post_name>
					<wp:status><![CDATA[inherit]]></wp:status>
					<wp:post_parent>71</wp:post_parent>
					<wp:menu_order>0</wp:menu_order>
					<wp:post_type><![CDATA[attachment]]></wp:post_type>
											<wp:attachment_url><![CDATA[http://dummy.xtemos.com/woodmart2/christmas-2-gutenberg/wp-content/uploads/sites/61/2025/10/mug-with-a-christmas-tree-print.jpeg]]></wp:attachment_url>
																					<wp:postmeta>
							<wp:meta_key><![CDATA[_wp_attached_file]]></wp:meta_key>
							<wp:meta_value><![CDATA[2025/10/mug-with-a-christmas-tree-print.jpeg]]></wp:meta_value>
						</wp:postmeta>
												<wp:postmeta>
							<wp:meta_key><![CDATA[_wc_attachment_source]]></wp:meta_key>
							<wp:meta_value><![CDATA[http://dummy.xtemos.com/woodmart2/christmas-2-elementor/wp-content/uploads/sites/60/2025/10/mug-with-a-christmas-tree-print.jpeg]]></wp:meta_value>
						</wp:postmeta>
										</item>
								<item>
					<title><![CDATA[prelit-snow-flocked-christmas-tree.jpeg]]></title>
					<link>https://dummy.xtemos.com/woodmart2/christmas-2-gutenberg/?attachment_id=119</link>
					<pubDate>Tue, 21 Oct 2025 08:42:37 +0000</pubDate>
					<dc:creator><![CDATA[Mr. Mackay]]></dc:creator>
					<guid isPermaLink="false">http://dummy.xtemos.com/woodmart2/christmas-2-gutenberg/wp-content/uploads/sites/61/2025/10/prelit-snow-flocked-christmas-tree.jpeg</guid>
															<wp:post_id>119</wp:post_id>
					<wp:post_date><![CDATA[2025-10-21 08:42:37]]></wp:post_date>
					<wp:post_date_gmt><![CDATA[2025-10-21 08:42:37]]></wp:post_date_gmt>
					<wp:post_modified><![CDATA[2025-10-21 08:42:37]]></wp:post_modified>
					<wp:post_modified_gmt><![CDATA[2025-10-21 08:42:37]]></wp:post_modified_gmt>
					<wp:comment_status><![CDATA[open]]></wp:comment_status>
					<wp:post_name><![CDATA[prelit-snow-flocked-christmas-tree-jpeg]]></wp:post_name>
					<wp:status><![CDATA[inherit]]></wp:status>
					<wp:post_parent>72</wp:post_parent>
					<wp:menu_order>0</wp:menu_order>
					<wp:post_type><![CDATA[attachment]]></wp:post_type>
											<wp:attachment_url><![CDATA[http://dummy.xtemos.com/woodmart2/christmas-2-gutenberg/wp-content/uploads/sites/61/2025/10/prelit-snow-flocked-christmas-tree.jpeg]]></wp:attachment_url>
																					<wp:postmeta>
							<wp:meta_key><![CDATA[_wp_attached_file]]></wp:meta_key>
							<wp:meta_value><![CDATA[2025/10/prelit-snow-flocked-christmas-tree.jpeg]]></wp:meta_value>
						</wp:postmeta>
												<wp:postmeta>
							<wp:meta_key><![CDATA[_wc_attachment_source]]></wp:meta_key>
							<wp:meta_value><![CDATA[http://dummy.xtemos.com/woodmart2/christmas-2-elementor/wp-content/uploads/sites/60/2025/10/prelit-snow-flocked-christmas-tree.jpeg]]></wp:meta_value>
						</wp:postmeta>
										</item>
								<item>
					<title><![CDATA[christmas-candleholder-star-and-moon.jpeg]]></title>
					<link>https://dummy.xtemos.com/woodmart2/christmas-2-gutenberg/?attachment_id=120</link>
					<pubDate>Tue, 21 Oct 2025 08:42:37 +0000</pubDate>
					<dc:creator><![CDATA[Mr. Mackay]]></dc:creator>
					<guid isPermaLink="false">http://dummy.xtemos.com/woodmart2/christmas-2-gutenberg/wp-content/uploads/sites/61/2025/10/christmas-candleholder-star-and-moon.jpeg</guid>
															<wp:post_id>120</wp:post_id>
					<wp:post_date><![CDATA[2025-10-21 08:42:37]]></wp:post_date>
					<wp:post_date_gmt><![CDATA[2025-10-21 08:42:37]]></wp:post_date_gmt>
					<wp:post_modified><![CDATA[2025-10-21 08:42:37]]></wp:post_modified>
					<wp:post_modified_gmt><![CDATA[2025-10-21 08:42:37]]></wp:post_modified_gmt>
					<wp:comment_status><![CDATA[open]]></wp:comment_status>
					<wp:post_name><![CDATA[christmas-candleholder-star-and-moon-jpeg]]></wp:post_name>
					<wp:status><![CDATA[inherit]]></wp:status>
					<wp:post_parent>73</wp:post_parent>
					<wp:menu_order>0</wp:menu_order>
					<wp:post_type><![CDATA[attachment]]></wp:post_type>
											<wp:attachment_url><![CDATA[http://dummy.xtemos.com/woodmart2/christmas-2-gutenberg/wp-content/uploads/sites/61/2025/10/christmas-candleholder-star-and-moon.jpeg]]></wp:attachment_url>
																					<wp:postmeta>
							<wp:meta_key><![CDATA[_wp_attached_file]]></wp:meta_key>
							<wp:meta_value><![CDATA[2025/10/christmas-candleholder-star-and-moon.jpeg]]></wp:meta_value>
						</wp:postmeta>
												<wp:postmeta>
							<wp:meta_key><![CDATA[_wc_attachment_source]]></wp:meta_key>
							<wp:meta_value><![CDATA[http://dummy.xtemos.com/woodmart2/christmas-2-elementor/wp-content/uploads/sites/60/2025/10/christmas-candleholder-star-and-moon.jpeg]]></wp:meta_value>
						</wp:postmeta>
										</item>
								<item>
					<title><![CDATA[battery-operated-led-lights.jpeg]]></title>
					<link>https://dummy.xtemos.com/woodmart2/christmas-2-gutenberg/?attachment_id=123</link>
					<pubDate>Tue, 21 Oct 2025 08:42:37 +0000</pubDate>
					<dc:creator><![CDATA[Mr. Mackay]]></dc:creator>
					<guid isPermaLink="false">http://dummy.xtemos.com/woodmart2/christmas-2-gutenberg/wp-content/uploads/sites/61/2025/10/battery-operated-led-lights.jpeg</guid>
															<wp:post_id>123</wp:post_id>
					<wp:post_date><![CDATA[2025-10-21 08:42:37]]></wp:post_date>
					<wp:post_date_gmt><![CDATA[2025-10-21 08:42:37]]></wp:post_date_gmt>
					<wp:post_modified><![CDATA[2025-10-21 08:42:37]]></wp:post_modified>
					<wp:post_modified_gmt><![CDATA[2025-10-21 08:42:37]]></wp:post_modified_gmt>
					<wp:comment_status><![CDATA[open]]></wp:comment_status>
					<wp:post_name><![CDATA[battery-operated-led-lights-jpeg]]></wp:post_name>
					<wp:status><![CDATA[inherit]]></wp:status>
					<wp:post_parent>74</wp:post_parent>
					<wp:menu_order>0</wp:menu_order>
					<wp:post_type><![CDATA[attachment]]></wp:post_type>
											<wp:attachment_url><![CDATA[http://dummy.xtemos.com/woodmart2/christmas-2-gutenberg/wp-content/uploads/sites/61/2025/10/battery-operated-led-lights.jpeg]]></wp:attachment_url>
																					<wp:postmeta>
							<wp:meta_key><![CDATA[_wp_attached_file]]></wp:meta_key>
							<wp:meta_value><![CDATA[2025/10/battery-operated-led-lights.jpeg]]></wp:meta_value>
						</wp:postmeta>
												<wp:postmeta>
							<wp:meta_key><![CDATA[_wc_attachment_source]]></wp:meta_key>
							<wp:meta_value><![CDATA[http://dummy.xtemos.com/woodmart2/christmas-2-elementor/wp-content/uploads/sites/60/2025/10/battery-operated-led-lights.jpeg]]></wp:meta_value>
						</wp:postmeta>
										</item>
								<item>
					<title><![CDATA[wide-angle-led-green-christmas-light.jpeg]]></title>
					<link>https://dummy.xtemos.com/woodmart2/christmas-2-gutenberg/?attachment_id=131</link>
					<pubDate>Tue, 21 Oct 2025 08:42:39 +0000</pubDate>
					<dc:creator><![CDATA[Mr. Mackay]]></dc:creator>
					<guid isPermaLink="false">http://dummy.xtemos.com/woodmart2/christmas-2-gutenberg/wp-content/uploads/sites/61/2025/10/wide-angle-led-green-christmas-light.jpeg</guid>
															<wp:post_id>131</wp:post_id>
					<wp:post_date><![CDATA[2025-10-21 08:42:39]]></wp:post_date>
					<wp:post_date_gmt><![CDATA[2025-10-21 08:42:39]]></wp:post_date_gmt>
					<wp:post_modified><![CDATA[2025-10-21 08:42:39]]></wp:post_modified>
					<wp:post_modified_gmt><![CDATA[2025-10-21 08:42:39]]></wp:post_modified_gmt>
					<wp:comment_status><![CDATA[open]]></wp:comment_status>
					<wp:post_name><![CDATA[wide-angle-led-green-christmas-light-jpeg]]></wp:post_name>
					<wp:status><![CDATA[inherit]]></wp:status>
					<wp:post_parent>77</wp:post_parent>
					<wp:menu_order>0</wp:menu_order>
					<wp:post_type><![CDATA[attachment]]></wp:post_type>
											<wp:attachment_url><![CDATA[http://dummy.xtemos.com/woodmart2/christmas-2-gutenberg/wp-content/uploads/sites/61/2025/10/wide-angle-led-green-christmas-light.jpeg]]></wp:attachment_url>
																					<wp:postmeta>
							<wp:meta_key><![CDATA[_wp_attached_file]]></wp:meta_key>
							<wp:meta_value><![CDATA[2025/10/wide-angle-led-green-christmas-light.jpeg]]></wp:meta_value>
						</wp:postmeta>
												<wp:postmeta>
							<wp:meta_key><![CDATA[_wc_attachment_source]]></wp:meta_key>
							<wp:meta_value><![CDATA[http://dummy.xtemos.com/woodmart2/christmas-2-elementor/wp-content/uploads/sites/60/2025/10/wide-angle-led-green-christmas-light.jpeg]]></wp:meta_value>
						</wp:postmeta>
										</item>
								<item>
					<title><![CDATA[premium-porcelain-serving-platter.jpeg]]></title>
					<link>https://dummy.xtemos.com/woodmart2/christmas-2-gutenberg/?attachment_id=133</link>
					<pubDate>Tue, 21 Oct 2025 08:42:39 +0000</pubDate>
					<dc:creator><![CDATA[Mr. Mackay]]></dc:creator>
					<guid isPermaLink="false">http://dummy.xtemos.com/woodmart2/christmas-2-gutenberg/wp-content/uploads/sites/61/2025/10/premium-porcelain-serving-platter.jpeg</guid>
															<wp:post_id>133</wp:post_id>
					<wp:post_date><![CDATA[2025-10-21 08:42:39]]></wp:post_date>
					<wp:post_date_gmt><![CDATA[2025-10-21 08:42:39]]></wp:post_date_gmt>
					<wp:post_modified><![CDATA[2025-10-21 08:42:39]]></wp:post_modified>
					<wp:post_modified_gmt><![CDATA[2025-10-21 08:42:39]]></wp:post_modified_gmt>
					<wp:comment_status><![CDATA[open]]></wp:comment_status>
					<wp:post_name><![CDATA[premium-porcelain-serving-platter-jpeg]]></wp:post_name>
					<wp:status><![CDATA[inherit]]></wp:status>
					<wp:post_parent>79</wp:post_parent>
					<wp:menu_order>0</wp:menu_order>
					<wp:post_type><![CDATA[attachment]]></wp:post_type>
											<wp:attachment_url><![CDATA[http://dummy.xtemos.com/woodmart2/christmas-2-gutenberg/wp-content/uploads/sites/61/2025/10/premium-porcelain-serving-platter.jpeg]]></wp:attachment_url>
																					<wp:postmeta>
							<wp:meta_key><![CDATA[_wp_attached_file]]></wp:meta_key>
							<wp:meta_value><![CDATA[2025/10/premium-porcelain-serving-platter.jpeg]]></wp:meta_value>
						</wp:postmeta>
												<wp:postmeta>
							<wp:meta_key><![CDATA[_wc_attachment_source]]></wp:meta_key>
							<wp:meta_value><![CDATA[http://dummy.xtemos.com/woodmart2/christmas-2-elementor/wp-content/uploads/sites/60/2025/10/premium-porcelain-serving-platter.jpeg]]></wp:meta_value>
						</wp:postmeta>
										</item>
								<item>
					<title><![CDATA[xms-blog-3-opt]]></title>
					<link>https://dummy.xtemos.com/woodmart2/christmas-2-gutenberg/portfolio/fast-fashion-vs-slow-style-which-side-are-you-on-2/xms-blog-3-opt/</link>
					<pubDate>Wed, 22 Oct 2025 12:44:04 +0000</pubDate>
					<dc:creator><![CDATA[Mr. Mackay]]></dc:creator>
					<guid isPermaLink="false">http://dummy.xtemos.com/woodmart2/christmas-2-gutenberg/wp-content/uploads/sites/61/2025/10/xms-blog-3-opt.jpg</guid>
															<wp:post_id>279</wp:post_id>
					<wp:post_date><![CDATA[2025-10-22 12:44:04]]></wp:post_date>
					<wp:post_date_gmt><![CDATA[2025-10-22 12:44:04]]></wp:post_date_gmt>
					<wp:post_modified><![CDATA[2025-10-22 12:44:04]]></wp:post_modified>
					<wp:post_modified_gmt><![CDATA[2025-10-22 12:44:04]]></wp:post_modified_gmt>
					<wp:comment_status><![CDATA[open]]></wp:comment_status>
					<wp:post_name><![CDATA[xms-blog-3-opt]]></wp:post_name>
					<wp:status><![CDATA[inherit]]></wp:status>
					<wp:post_parent>278</wp:post_parent>
					<wp:menu_order>0</wp:menu_order>
					<wp:post_type><![CDATA[attachment]]></wp:post_type>
											<wp:attachment_url><![CDATA[http://dummy.xtemos.com/woodmart2/christmas-2-gutenberg/wp-content/uploads/sites/61/2025/10/xms-blog-3-opt.jpg]]></wp:attachment_url>
																					<wp:postmeta>
							<wp:meta_key><![CDATA[_wp_attached_file]]></wp:meta_key>
							<wp:meta_value><![CDATA[2025/10/xms-blog-3-opt.jpg]]></wp:meta_value>
						</wp:postmeta>
										</item>
								<item>
					<title><![CDATA[xms-blog-2-opt]]></title>
					<link>https://dummy.xtemos.com/woodmart2/christmas-2-gutenberg/portfolio/a-brief-history-of-fashion-2/xms-blog-2-opt/</link>
					<pubDate>Wed, 22 Oct 2025 12:44:31 +0000</pubDate>
					<dc:creator><![CDATA[Mr. Mackay]]></dc:creator>
					<guid isPermaLink="false">http://dummy.xtemos.com/woodmart2/christmas-2-gutenberg/wp-content/uploads/sites/61/2025/10/xms-blog-2-opt.jpg</guid>
															<wp:post_id>281</wp:post_id>
					<wp:post_date><![CDATA[2025-10-22 12:44:31]]></wp:post_date>
					<wp:post_date_gmt><![CDATA[2025-10-22 12:44:31]]></wp:post_date_gmt>
					<wp:post_modified><![CDATA[2025-10-22 12:44:31]]></wp:post_modified>
					<wp:post_modified_gmt><![CDATA[2025-10-22 12:44:31]]></wp:post_modified_gmt>
					<wp:comment_status><![CDATA[open]]></wp:comment_status>
					<wp:post_name><![CDATA[xms-blog-2-opt]]></wp:post_name>
					<wp:status><![CDATA[inherit]]></wp:status>
					<wp:post_parent>280</wp:post_parent>
					<wp:menu_order>0</wp:menu_order>
					<wp:post_type><![CDATA[attachment]]></wp:post_type>
											<wp:attachment_url><![CDATA[http://dummy.xtemos.com/woodmart2/christmas-2-gutenberg/wp-content/uploads/sites/61/2025/10/xms-blog-2-opt.jpg]]></wp:attachment_url>
																					<wp:postmeta>
							<wp:meta_key><![CDATA[_wp_attached_file]]></wp:meta_key>
							<wp:meta_value><![CDATA[2025/10/xms-blog-2-opt.jpg]]></wp:meta_value>
						</wp:postmeta>
										</item>
								<item>
					<title><![CDATA[xms-blog-1-opt]]></title>
					<link>https://dummy.xtemos.com/woodmart2/christmas-2-gutenberg/portfolio/the-future-of-fashion-tech-trends-and-total-transformation/xms-blog-1-opt/</link>
					<pubDate>Wed, 22 Oct 2025 12:44:56 +0000</pubDate>
					<dc:creator><![CDATA[Mr. Mackay]]></dc:creator>
					<guid isPermaLink="false">http://dummy.xtemos.com/woodmart2/christmas-2-gutenberg/wp-content/uploads/sites/61/2025/10/xms-blog-1-opt.jpg</guid>
															<wp:post_id>283</wp:post_id>
					<wp:post_date><![CDATA[2025-10-22 12:44:56]]></wp:post_date>
					<wp:post_date_gmt><![CDATA[2025-10-22 12:44:56]]></wp:post_date_gmt>
					<wp:post_modified><![CDATA[2025-10-22 12:44:56]]></wp:post_modified>
					<wp:post_modified_gmt><![CDATA[2025-10-22 12:44:56]]></wp:post_modified_gmt>
					<wp:comment_status><![CDATA[open]]></wp:comment_status>
					<wp:post_name><![CDATA[xms-blog-1-opt]]></wp:post_name>
					<wp:status><![CDATA[inherit]]></wp:status>
					<wp:post_parent>282</wp:post_parent>
					<wp:menu_order>0</wp:menu_order>
					<wp:post_type><![CDATA[attachment]]></wp:post_type>
											<wp:attachment_url><![CDATA[http://dummy.xtemos.com/woodmart2/christmas-2-gutenberg/wp-content/uploads/sites/61/2025/10/xms-blog-1-opt.jpg]]></wp:attachment_url>
																					<wp:postmeta>
							<wp:meta_key><![CDATA[_wp_attached_file]]></wp:meta_key>
							<wp:meta_value><![CDATA[2025/10/xms-blog-1-opt.jpg]]></wp:meta_value>
						</wp:postmeta>
										</item>
								<item>
					<title><![CDATA[xms-blog-post-img-1-opt]]></title>
					<link>https://dummy.xtemos.com/woodmart2/christmas-2-gutenberg/portfolio/the-future-of-fashion-tech-trends-and-total-transformation/xms-blog-post-img-1-opt/</link>
					<pubDate>Wed, 22 Oct 2025 12:45:29 +0000</pubDate>
					<dc:creator><![CDATA[Mr. Mackay]]></dc:creator>
					<guid isPermaLink="false">http://dummy.xtemos.com/woodmart2/christmas-2-gutenberg/wp-content/uploads/sites/61/2025/10/xms-blog-post-img-1-opt.jpg</guid>
															<wp:post_id>284</wp:post_id>
					<wp:post_date><![CDATA[2025-10-22 12:45:29]]></wp:post_date>
					<wp:post_date_gmt><![CDATA[2025-10-22 12:45:29]]></wp:post_date_gmt>
					<wp:post_modified><![CDATA[2025-10-22 12:45:29]]></wp:post_modified>
					<wp:post_modified_gmt><![CDATA[2025-10-22 12:45:29]]></wp:post_modified_gmt>
					<wp:comment_status><![CDATA[open]]></wp:comment_status>
					<wp:post_name><![CDATA[xms-blog-post-img-1-opt]]></wp:post_name>
					<wp:status><![CDATA[inherit]]></wp:status>
					<wp:post_parent>282</wp:post_parent>
					<wp:menu_order>0</wp:menu_order>
					<wp:post_type><![CDATA[attachment]]></wp:post_type>
											<wp:attachment_url><![CDATA[http://dummy.xtemos.com/woodmart2/christmas-2-gutenberg/wp-content/uploads/sites/61/2025/10/xms-blog-post-img-1-opt.jpg]]></wp:attachment_url>
																					<wp:postmeta>
							<wp:meta_key><![CDATA[_wp_attached_file]]></wp:meta_key>
							<wp:meta_value><![CDATA[2025/10/xms-blog-post-img-1-opt.jpg]]></wp:meta_value>
						</wp:postmeta>
										</item>
								<item>
					<title><![CDATA[xms-blog-post-img-2-opt]]></title>
					<link>https://dummy.xtemos.com/woodmart2/christmas-2-gutenberg/portfolio/the-future-of-fashion-tech-trends-and-total-transformation/xms-blog-post-img-2-opt/</link>
					<pubDate>Wed, 22 Oct 2025 12:45:29 +0000</pubDate>
					<dc:creator><![CDATA[Mr. Mackay]]></dc:creator>
					<guid isPermaLink="false">http://dummy.xtemos.com/woodmart2/christmas-2-gutenberg/wp-content/uploads/sites/61/2025/10/xms-blog-post-img-2-opt.jpg</guid>
															<wp:post_id>285</wp:post_id>
					<wp:post_date><![CDATA[2025-10-22 12:45:29]]></wp:post_date>
					<wp:post_date_gmt><![CDATA[2025-10-22 12:45:29]]></wp:post_date_gmt>
					<wp:post_modified><![CDATA[2025-10-22 12:45:29]]></wp:post_modified>
					<wp:post_modified_gmt><![CDATA[2025-10-22 12:45:29]]></wp:post_modified_gmt>
					<wp:comment_status><![CDATA[open]]></wp:comment_status>
					<wp:post_name><![CDATA[xms-blog-post-img-2-opt]]></wp:post_name>
					<wp:status><![CDATA[inherit]]></wp:status>
					<wp:post_parent>282</wp:post_parent>
					<wp:menu_order>0</wp:menu_order>
					<wp:post_type><![CDATA[attachment]]></wp:post_type>
											<wp:attachment_url><![CDATA[http://dummy.xtemos.com/woodmart2/christmas-2-gutenberg/wp-content/uploads/sites/61/2025/10/xms-blog-post-img-2-opt.jpg]]></wp:attachment_url>
																					<wp:postmeta>
							<wp:meta_key><![CDATA[_wp_attached_file]]></wp:meta_key>
							<wp:meta_value><![CDATA[2025/10/xms-blog-post-img-2-opt.jpg]]></wp:meta_value>
						</wp:postmeta>
										</item>
								<item>
					<title><![CDATA[xms-blog-post-img-3-opt]]></title>
					<link>https://dummy.xtemos.com/woodmart2/christmas-2-gutenberg/portfolio/the-future-of-fashion-tech-trends-and-total-transformation/xms-blog-post-img-3-opt/</link>
					<pubDate>Wed, 22 Oct 2025 12:45:30 +0000</pubDate>
					<dc:creator><![CDATA[Mr. Mackay]]></dc:creator>
					<guid isPermaLink="false">http://dummy.xtemos.com/woodmart2/christmas-2-gutenberg/wp-content/uploads/sites/61/2025/10/xms-blog-post-img-3-opt.jpg</guid>
															<wp:post_id>286</wp:post_id>
					<wp:post_date><![CDATA[2025-10-22 12:45:30]]></wp:post_date>
					<wp:post_date_gmt><![CDATA[2025-10-22 12:45:30]]></wp:post_date_gmt>
					<wp:post_modified><![CDATA[2025-10-22 12:45:30]]></wp:post_modified>
					<wp:post_modified_gmt><![CDATA[2025-10-22 12:45:30]]></wp:post_modified_gmt>
					<wp:comment_status><![CDATA[open]]></wp:comment_status>
					<wp:post_name><![CDATA[xms-blog-post-img-3-opt]]></wp:post_name>
					<wp:status><![CDATA[inherit]]></wp:status>
					<wp:post_parent>282</wp:post_parent>
					<wp:menu_order>0</wp:menu_order>
					<wp:post_type><![CDATA[attachment]]></wp:post_type>
											<wp:attachment_url><![CDATA[http://dummy.xtemos.com/woodmart2/christmas-2-gutenberg/wp-content/uploads/sites/61/2025/10/xms-blog-post-img-3-opt.jpg]]></wp:attachment_url>
																					<wp:postmeta>
							<wp:meta_key><![CDATA[_wp_attached_file]]></wp:meta_key>
							<wp:meta_value><![CDATA[2025/10/xms-blog-post-img-3-opt.jpg]]></wp:meta_value>
						</wp:postmeta>
										</item>
								<item>
					<title><![CDATA[xms-blog-post-img-4-opt]]></title>
					<link>https://dummy.xtemos.com/woodmart2/christmas-2-gutenberg/portfolio/the-future-of-fashion-tech-trends-and-total-transformation/xms-blog-post-img-4-opt/</link>
					<pubDate>Wed, 22 Oct 2025 12:45:31 +0000</pubDate>
					<dc:creator><![CDATA[Mr. Mackay]]></dc:creator>
					<guid isPermaLink="false">http://dummy.xtemos.com/woodmart2/christmas-2-gutenberg/wp-content/uploads/sites/61/2025/10/xms-blog-post-img-4-opt.jpg</guid>
															<wp:post_id>287</wp:post_id>
					<wp:post_date><![CDATA[2025-10-22 12:45:31]]></wp:post_date>
					<wp:post_date_gmt><![CDATA[2025-10-22 12:45:31]]></wp:post_date_gmt>
					<wp:post_modified><![CDATA[2025-10-22 12:45:31]]></wp:post_modified>
					<wp:post_modified_gmt><![CDATA[2025-10-22 12:45:31]]></wp:post_modified_gmt>
					<wp:comment_status><![CDATA[open]]></wp:comment_status>
					<wp:post_name><![CDATA[xms-blog-post-img-4-opt]]></wp:post_name>
					<wp:status><![CDATA[inherit]]></wp:status>
					<wp:post_parent>282</wp:post_parent>
					<wp:menu_order>0</wp:menu_order>
					<wp:post_type><![CDATA[attachment]]></wp:post_type>
											<wp:attachment_url><![CDATA[http://dummy.xtemos.com/woodmart2/christmas-2-gutenberg/wp-content/uploads/sites/61/2025/10/xms-blog-post-img-4-opt.jpg]]></wp:attachment_url>
																					<wp:postmeta>
							<wp:meta_key><![CDATA[_wp_attached_file]]></wp:meta_key>
							<wp:meta_value><![CDATA[2025/10/xms-blog-post-img-4-opt.jpg]]></wp:meta_value>
						</wp:postmeta>
										</item>
								<item>
					<title><![CDATA[xms-blog-9]]></title>
					<link>https://dummy.xtemos.com/woodmart2/christmas-2-gutenberg/portfolio/fast-fashion-vs-slow-style-which-side-are-you-on/xms-blog-9/</link>
					<pubDate>Wed, 22 Oct 2025 12:41:17 +0000</pubDate>
					<dc:creator><![CDATA[Mr. Mackay]]></dc:creator>
					<guid isPermaLink="false">http://dummy.xtemos.com/woodmart2/christmas-2-gutenberg/wp-content/uploads/sites/61/2025/10/xms-blog-9.jpg</guid>
															<wp:post_id>267</wp:post_id>
					<wp:post_date><![CDATA[2025-10-22 12:41:17]]></wp:post_date>
					<wp:post_date_gmt><![CDATA[2025-10-22 12:41:17]]></wp:post_date_gmt>
					<wp:post_modified><![CDATA[2025-10-22 12:41:17]]></wp:post_modified>
					<wp:post_modified_gmt><![CDATA[2025-10-22 12:41:17]]></wp:post_modified_gmt>
					<wp:comment_status><![CDATA[open]]></wp:comment_status>
					<wp:post_name><![CDATA[xms-blog-9]]></wp:post_name>
					<wp:status><![CDATA[inherit]]></wp:status>
					<wp:post_parent>266</wp:post_parent>
					<wp:menu_order>0</wp:menu_order>
					<wp:post_type><![CDATA[attachment]]></wp:post_type>
											<wp:attachment_url><![CDATA[http://dummy.xtemos.com/woodmart2/christmas-2-gutenberg/wp-content/uploads/sites/61/2025/10/xms-blog-9.jpg]]></wp:attachment_url>
																					<wp:postmeta>
							<wp:meta_key><![CDATA[_wp_attached_file]]></wp:meta_key>
							<wp:meta_value><![CDATA[2025/10/xms-blog-9.jpg]]></wp:meta_value>
						</wp:postmeta>
										</item>
								<item>
					<title><![CDATA[xms-blog-8-opt]]></title>
					<link>https://dummy.xtemos.com/woodmart2/christmas-2-gutenberg/portfolio/a-brief-history-of-fashion/xms-blog-8-opt/</link>
					<pubDate>Wed, 22 Oct 2025 12:41:46 +0000</pubDate>
					<dc:creator><![CDATA[Mr. Mackay]]></dc:creator>
					<guid isPermaLink="false">http://dummy.xtemos.com/woodmart2/christmas-2-gutenberg/wp-content/uploads/sites/61/2025/10/xms-blog-8-opt.jpg</guid>
															<wp:post_id>269</wp:post_id>
					<wp:post_date><![CDATA[2025-10-22 12:41:46]]></wp:post_date>
					<wp:post_date_gmt><![CDATA[2025-10-22 12:41:46]]></wp:post_date_gmt>
					<wp:post_modified><![CDATA[2025-10-22 12:41:46]]></wp:post_modified>
					<wp:post_modified_gmt><![CDATA[2025-10-22 12:41:46]]></wp:post_modified_gmt>
					<wp:comment_status><![CDATA[open]]></wp:comment_status>
					<wp:post_name><![CDATA[xms-blog-8-opt]]></wp:post_name>
					<wp:status><![CDATA[inherit]]></wp:status>
					<wp:post_parent>268</wp:post_parent>
					<wp:menu_order>0</wp:menu_order>
					<wp:post_type><![CDATA[attachment]]></wp:post_type>
											<wp:attachment_url><![CDATA[http://dummy.xtemos.com/woodmart2/christmas-2-gutenberg/wp-content/uploads/sites/61/2025/10/xms-blog-8-opt.jpg]]></wp:attachment_url>
																					<wp:postmeta>
							<wp:meta_key><![CDATA[_wp_attached_file]]></wp:meta_key>
							<wp:meta_value><![CDATA[2025/10/xms-blog-8-opt.jpg]]></wp:meta_value>
						</wp:postmeta>
										</item>
								<item>
					<title><![CDATA[xms-blog-7-opt]]></title>
					<link>https://dummy.xtemos.com/woodmart2/christmas-2-gutenberg/portfolio/embracing-modern-styles-a-behind-the-scenes-story-of-fashion/xms-blog-7-opt/</link>
					<pubDate>Wed, 22 Oct 2025 12:42:10 +0000</pubDate>
					<dc:creator><![CDATA[Mr. Mackay]]></dc:creator>
					<guid isPermaLink="false">http://dummy.xtemos.com/woodmart2/christmas-2-gutenberg/wp-content/uploads/sites/61/2025/10/xms-blog-7-opt.jpg</guid>
															<wp:post_id>271</wp:post_id>
					<wp:post_date><![CDATA[2025-10-22 12:42:10]]></wp:post_date>
					<wp:post_date_gmt><![CDATA[2025-10-22 12:42:10]]></wp:post_date_gmt>
					<wp:post_modified><![CDATA[2025-10-22 12:42:10]]></wp:post_modified>
					<wp:post_modified_gmt><![CDATA[2025-10-22 12:42:10]]></wp:post_modified_gmt>
					<wp:comment_status><![CDATA[open]]></wp:comment_status>
					<wp:post_name><![CDATA[xms-blog-7-opt]]></wp:post_name>
					<wp:status><![CDATA[inherit]]></wp:status>
					<wp:post_parent>270</wp:post_parent>
					<wp:menu_order>0</wp:menu_order>
					<wp:post_type><![CDATA[attachment]]></wp:post_type>
											<wp:attachment_url><![CDATA[http://dummy.xtemos.com/woodmart2/christmas-2-gutenberg/wp-content/uploads/sites/61/2025/10/xms-blog-7-opt.jpg]]></wp:attachment_url>
																					<wp:postmeta>
							<wp:meta_key><![CDATA[_wp_attached_file]]></wp:meta_key>
							<wp:meta_value><![CDATA[2025/10/xms-blog-7-opt.jpg]]></wp:meta_value>
						</wp:postmeta>
										</item>
								<item>
					<title><![CDATA[xms-blog-6-opt]]></title>
					<link>https://dummy.xtemos.com/woodmart2/christmas-2-gutenberg/portfolio/embracing-modern-styles-a-behind-the-scenes-story-of-fashion-2/xms-blog-6-opt/</link>
					<pubDate>Wed, 22 Oct 2025 12:42:41 +0000</pubDate>
					<dc:creator><![CDATA[Mr. Mackay]]></dc:creator>
					<guid isPermaLink="false">http://dummy.xtemos.com/woodmart2/christmas-2-gutenberg/wp-content/uploads/sites/61/2025/10/xms-blog-6-opt.jpg</guid>
															<wp:post_id>273</wp:post_id>
					<wp:post_date><![CDATA[2025-10-22 12:42:41]]></wp:post_date>
					<wp:post_date_gmt><![CDATA[2025-10-22 12:42:41]]></wp:post_date_gmt>
					<wp:post_modified><![CDATA[2025-10-22 12:42:41]]></wp:post_modified>
					<wp:post_modified_gmt><![CDATA[2025-10-22 12:42:41]]></wp:post_modified_gmt>
					<wp:comment_status><![CDATA[open]]></wp:comment_status>
					<wp:post_name><![CDATA[xms-blog-6-opt]]></wp:post_name>
					<wp:status><![CDATA[inherit]]></wp:status>
					<wp:post_parent>272</wp:post_parent>
					<wp:menu_order>0</wp:menu_order>
					<wp:post_type><![CDATA[attachment]]></wp:post_type>
											<wp:attachment_url><![CDATA[http://dummy.xtemos.com/woodmart2/christmas-2-gutenberg/wp-content/uploads/sites/61/2025/10/xms-blog-6-opt.jpg]]></wp:attachment_url>
																					<wp:postmeta>
							<wp:meta_key><![CDATA[_wp_attached_file]]></wp:meta_key>
							<wp:meta_value><![CDATA[2025/10/xms-blog-6-opt.jpg]]></wp:meta_value>
						</wp:postmeta>
										</item>
								<item>
					<title><![CDATA[xms-blog-5-opt]]></title>
					<link>https://dummy.xtemos.com/woodmart2/christmas-2-gutenberg/portfolio/sustainability-is-the-new-black/xms-blog-5-opt/</link>
					<pubDate>Wed, 22 Oct 2025 12:43:10 +0000</pubDate>
					<dc:creator><![CDATA[Mr. Mackay]]></dc:creator>
					<guid isPermaLink="false">http://dummy.xtemos.com/woodmart2/christmas-2-gutenberg/wp-content/uploads/sites/61/2025/10/xms-blog-5-opt.jpg</guid>
															<wp:post_id>275</wp:post_id>
					<wp:post_date><![CDATA[2025-10-22 12:43:10]]></wp:post_date>
					<wp:post_date_gmt><![CDATA[2025-10-22 12:43:10]]></wp:post_date_gmt>
					<wp:post_modified><![CDATA[2025-10-22 12:43:10]]></wp:post_modified>
					<wp:post_modified_gmt><![CDATA[2025-10-22 12:43:10]]></wp:post_modified_gmt>
					<wp:comment_status><![CDATA[open]]></wp:comment_status>
					<wp:post_name><![CDATA[xms-blog-5-opt]]></wp:post_name>
					<wp:status><![CDATA[inherit]]></wp:status>
					<wp:post_parent>274</wp:post_parent>
					<wp:menu_order>0</wp:menu_order>
					<wp:post_type><![CDATA[attachment]]></wp:post_type>
											<wp:attachment_url><![CDATA[http://dummy.xtemos.com/woodmart2/christmas-2-gutenberg/wp-content/uploads/sites/61/2025/10/xms-blog-5-opt.jpg]]></wp:attachment_url>
																					<wp:postmeta>
							<wp:meta_key><![CDATA[_wp_attached_file]]></wp:meta_key>
							<wp:meta_value><![CDATA[2025/10/xms-blog-5-opt.jpg]]></wp:meta_value>
						</wp:postmeta>
										</item>
								<item>
					<title><![CDATA[xms-blog-4-opt]]></title>
					<link>https://dummy.xtemos.com/woodmart2/christmas-2-gutenberg/portfolio/digital-dress-code-how-social-media-shapes-your-wardrobe/xms-blog-4-opt/</link>
					<pubDate>Wed, 22 Oct 2025 12:43:38 +0000</pubDate>
					<dc:creator><![CDATA[Mr. Mackay]]></dc:creator>
					<guid isPermaLink="false">http://dummy.xtemos.com/woodmart2/christmas-2-gutenberg/wp-content/uploads/sites/61/2025/10/xms-blog-4-opt.jpg</guid>
															<wp:post_id>277</wp:post_id>
					<wp:post_date><![CDATA[2025-10-22 12:43:38]]></wp:post_date>
					<wp:post_date_gmt><![CDATA[2025-10-22 12:43:38]]></wp:post_date_gmt>
					<wp:post_modified><![CDATA[2025-10-22 12:43:38]]></wp:post_modified>
					<wp:post_modified_gmt><![CDATA[2025-10-22 12:43:38]]></wp:post_modified_gmt>
					<wp:comment_status><![CDATA[open]]></wp:comment_status>
					<wp:post_name><![CDATA[xms-blog-4-opt]]></wp:post_name>
					<wp:status><![CDATA[inherit]]></wp:status>
					<wp:post_parent>276</wp:post_parent>
					<wp:menu_order>0</wp:menu_order>
					<wp:post_type><![CDATA[attachment]]></wp:post_type>
											<wp:attachment_url><![CDATA[http://dummy.xtemos.com/woodmart2/christmas-2-gutenberg/wp-content/uploads/sites/61/2025/10/xms-blog-4-opt.jpg]]></wp:attachment_url>
																					<wp:postmeta>
							<wp:meta_key><![CDATA[_wp_attached_file]]></wp:meta_key>
							<wp:meta_value><![CDATA[2025/10/xms-blog-4-opt.jpg]]></wp:meta_value>
						</wp:postmeta>
										</item>
				</channel>
</rss>
	