<?xml version="1.0" encoding="UTF-8" ?>
	<!-- This is a WordPress eXtended RSS file generated by WordPress as an export of your site. -->
	<!-- It contains information about your site's posts, pages, comments, categories, and other content. -->
	<!-- You may use this file to transfer that content from one site to another. -->
	<!-- This file is not intended to serve as a complete backup of your site. -->

	<!-- To import this information into a WordPress site follow these steps: -->
	<!-- 1. Log in to that site as an administrator. -->
	<!-- 2. Go to Tools: Import in the WordPress admin panel. -->
	<!-- 3. Install the "WordPress" importer from the list. -->
	<!-- 4. Activate & Run Importer. -->
	<!-- 5. Upload this file using the form provided on that page. -->
	<!-- 6. You will first be asked to map the authors in this export file to users -->
	<!--    on the site. For each author, you may choose to map to an -->
	<!--    existing user on the site or to create a new user. -->
	<!-- 7. WordPress will then import each of the posts, pages, comments, categories, etc. -->
	<!--    contained in this file into your site. -->

	<!-- generator="WordPress/6.7.4" created="2025-10-27 13:54" -->
<rss version="2.0"
	xmlns:excerpt="http://wordpress.org/export/1.2/excerpt/"
	xmlns:content="http://purl.org/rss/1.0/modules/content/"
	xmlns:wfw="http://wellformedweb.org/CommentAPI/"
	xmlns:dc="http://purl.org/dc/elements/1.1/"
	xmlns:wp="http://wordpress.org/export/1.2/"
>

<channel>
	<title>christmas-2-gutenberg</title>
	<link>https://dummy.xtemos.com/woodmart2/christmas-2-gutenberg</link>
	<description></description>
	<pubDate>Mon, 27 Oct 2025 13:54:34 +0000</pubDate>
	<language>en-US</language>
	<wp:wxr_version>1.2</wp:wxr_version>
	<wp:base_site_url>https://dummy.xtemos.com/woodmart2/</wp:base_site_url>
	<wp:base_blog_url>https://dummy.xtemos.com/woodmart2/christmas-2-gutenberg</wp:base_blog_url>

	
					<wp:term>
			<wp:term_id>0</wp:term_id>
			<wp:term_taxonomy><![CDATA[]]></wp:term_taxonomy>
			<wp:term_slug><![CDATA[]]></wp:term_slug>
			<wp:term_parent><![CDATA[]]></wp:term_parent>
					</wp:term>
		
	<generator>https://wordpress.org/?v=6.7.4</generator>

					<item>
					<title><![CDATA[fairytales-christmas-tree.jpeg]]></title>
					<link>https://dummy.xtemos.com/woodmart2/christmas-2-gutenberg/?attachment_id=101</link>
					<pubDate>Tue, 21 Oct 2025 08:42:33 +0000</pubDate>
					<dc:creator><![CDATA[Mr. Mackay]]></dc:creator>
					<guid isPermaLink="false">http://dummy.xtemos.com/woodmart2/christmas-2-gutenberg/wp-content/uploads/sites/61/2025/10/fairytales-christmas-tree.jpeg</guid>
															<wp:post_id>101</wp:post_id>
					<wp:post_date><![CDATA[2025-10-21 08:42:33]]></wp:post_date>
					<wp:post_date_gmt><![CDATA[2025-10-21 08:42:33]]></wp:post_date_gmt>
					<wp:post_modified><![CDATA[2025-10-21 08:42:33]]></wp:post_modified>
					<wp:post_modified_gmt><![CDATA[2025-10-21 08:42:33]]></wp:post_modified_gmt>
					<wp:comment_status><![CDATA[open]]></wp:comment_status>
					<wp:post_name><![CDATA[fairytales-christmas-tree-jpeg]]></wp:post_name>
					<wp:status><![CDATA[inherit]]></wp:status>
					<wp:post_parent>67</wp:post_parent>
					<wp:menu_order>0</wp:menu_order>
					<wp:post_type><![CDATA[attachment]]></wp:post_type>
											<wp:attachment_url><![CDATA[http://dummy.xtemos.com/woodmart2/christmas-2-gutenberg/wp-content/uploads/sites/61/2025/10/fairytales-christmas-tree.jpeg]]></wp:attachment_url>
																					<wp:postmeta>
							<wp:meta_key><![CDATA[_wp_attached_file]]></wp:meta_key>
							<wp:meta_value><![CDATA[2025/10/fairytales-christmas-tree.jpeg]]></wp:meta_value>
						</wp:postmeta>
												<wp:postmeta>
							<wp:meta_key><![CDATA[_wc_attachment_source]]></wp:meta_key>
							<wp:meta_value><![CDATA[http://dummy.xtemos.com/woodmart2/christmas-2-elementor/wp-content/uploads/sites/60/2025/10/fairytales-christmas-tree.jpeg]]></wp:meta_value>
						</wp:postmeta>
										</item>
								<item>
					<title><![CDATA[monkey-christmas-jumper.jpeg]]></title>
					<link>https://dummy.xtemos.com/woodmart2/christmas-2-gutenberg/?attachment_id=102</link>
					<pubDate>Tue, 21 Oct 2025 08:42:34 +0000</pubDate>
					<dc:creator><![CDATA[Mr. Mackay]]></dc:creator>
					<guid isPermaLink="false">http://dummy.xtemos.com/woodmart2/christmas-2-gutenberg/wp-content/uploads/sites/61/2025/10/monkey-christmas-jumper.jpeg</guid>
															<wp:post_id>102</wp:post_id>
					<wp:post_date><![CDATA[2025-10-21 08:42:34]]></wp:post_date>
					<wp:post_date_gmt><![CDATA[2025-10-21 08:42:34]]></wp:post_date_gmt>
					<wp:post_modified><![CDATA[2025-10-21 08:42:34]]></wp:post_modified>
					<wp:post_modified_gmt><![CDATA[2025-10-21 08:42:34]]></wp:post_modified_gmt>
					<wp:comment_status><![CDATA[open]]></wp:comment_status>
					<wp:post_name><![CDATA[monkey-christmas-jumper-jpeg]]></wp:post_name>
					<wp:status><![CDATA[inherit]]></wp:status>
					<wp:post_parent>67</wp:post_parent>
					<wp:menu_order>0</wp:menu_order>
					<wp:post_type><![CDATA[attachment]]></wp:post_type>
											<wp:attachment_url><![CDATA[http://dummy.xtemos.com/woodmart2/christmas-2-gutenberg/wp-content/uploads/sites/61/2025/10/monkey-christmas-jumper.jpeg]]></wp:attachment_url>
																					<wp:postmeta>
							<wp:meta_key><![CDATA[_wp_attached_file]]></wp:meta_key>
							<wp:meta_value><![CDATA[2025/10/monkey-christmas-jumper.jpeg]]></wp:meta_value>
						</wp:postmeta>
												<wp:postmeta>
							<wp:meta_key><![CDATA[_wc_attachment_source]]></wp:meta_key>
							<wp:meta_value><![CDATA[http://dummy.xtemos.com/woodmart2/christmas-2-elementor/wp-content/uploads/sites/60/2025/10/monkey-christmas-jumper.jpeg]]></wp:meta_value>
						</wp:postmeta>
										</item>
								<item>
					<title><![CDATA[artificial-christmas-tree.jpeg]]></title>
					<link>https://dummy.xtemos.com/woodmart2/christmas-2-gutenberg/?attachment_id=103</link>
					<pubDate>Tue, 21 Oct 2025 08:42:34 +0000</pubDate>
					<dc:creator><![CDATA[Mr. Mackay]]></dc:creator>
					<guid isPermaLink="false">http://dummy.xtemos.com/woodmart2/christmas-2-gutenberg/wp-content/uploads/sites/61/2025/10/artificial-christmas-tree.jpeg</guid>
															<wp:post_id>103</wp:post_id>
					<wp:post_date><![CDATA[2025-10-21 08:42:34]]></wp:post_date>
					<wp:post_date_gmt><![CDATA[2025-10-21 08:42:34]]></wp:post_date_gmt>
					<wp:post_modified><![CDATA[2025-10-21 08:42:34]]></wp:post_modified>
					<wp:post_modified_gmt><![CDATA[2025-10-21 08:42:34]]></wp:post_modified_gmt>
					<wp:comment_status><![CDATA[open]]></wp:comment_status>
					<wp:post_name><![CDATA[artificial-christmas-tree-jpeg]]></wp:post_name>
					<wp:status><![CDATA[inherit]]></wp:status>
					<wp:post_parent>67</wp:post_parent>
					<wp:menu_order>0</wp:menu_order>
					<wp:post_type><![CDATA[attachment]]></wp:post_type>
											<wp:attachment_url><![CDATA[http://dummy.xtemos.com/woodmart2/christmas-2-gutenberg/wp-content/uploads/sites/61/2025/10/artificial-christmas-tree.jpeg]]></wp:attachment_url>
																					<wp:postmeta>
							<wp:meta_key><![CDATA[_wp_attached_file]]></wp:meta_key>
							<wp:meta_value><![CDATA[2025/10/artificial-christmas-tree.jpeg]]></wp:meta_value>
						</wp:postmeta>
												<wp:postmeta>
							<wp:meta_key><![CDATA[_wc_attachment_source]]></wp:meta_key>
							<wp:meta_value><![CDATA[http://dummy.xtemos.com/woodmart2/christmas-2-elementor/wp-content/uploads/sites/60/2025/10/artificial-christmas-tree.jpeg]]></wp:meta_value>
						</wp:postmeta>
										</item>
								<item>
					<title><![CDATA[premium-bowl-for-cookies-and-treats.jpeg]]></title>
					<link>https://dummy.xtemos.com/woodmart2/christmas-2-gutenberg/?attachment_id=105</link>
					<pubDate>Tue, 21 Oct 2025 08:42:34 +0000</pubDate>
					<dc:creator><![CDATA[Mr. Mackay]]></dc:creator>
					<guid isPermaLink="false">http://dummy.xtemos.com/woodmart2/christmas-2-gutenberg/wp-content/uploads/sites/61/2025/10/premium-bowl-for-cookies-and-treats.jpeg</guid>
															<wp:post_id>105</wp:post_id>
					<wp:post_date><![CDATA[2025-10-21 08:42:34]]></wp:post_date>
					<wp:post_date_gmt><![CDATA[2025-10-21 08:42:34]]></wp:post_date_gmt>
					<wp:post_modified><![CDATA[2025-10-21 08:42:34]]></wp:post_modified>
					<wp:post_modified_gmt><![CDATA[2025-10-21 08:42:34]]></wp:post_modified_gmt>
					<wp:comment_status><![CDATA[open]]></wp:comment_status>
					<wp:post_name><![CDATA[premium-bowl-for-cookies-and-treats-jpeg]]></wp:post_name>
					<wp:status><![CDATA[inherit]]></wp:status>
					<wp:post_parent>68</wp:post_parent>
					<wp:menu_order>0</wp:menu_order>
					<wp:post_type><![CDATA[attachment]]></wp:post_type>
											<wp:attachment_url><![CDATA[http://dummy.xtemos.com/woodmart2/christmas-2-gutenberg/wp-content/uploads/sites/61/2025/10/premium-bowl-for-cookies-and-treats.jpeg]]></wp:attachment_url>
																					<wp:postmeta>
							<wp:meta_key><![CDATA[_wp_attached_file]]></wp:meta_key>
							<wp:meta_value><![CDATA[2025/10/premium-bowl-for-cookies-and-treats.jpeg]]></wp:meta_value>
						</wp:postmeta>
												<wp:postmeta>
							<wp:meta_key><![CDATA[_wc_attachment_source]]></wp:meta_key>
							<wp:meta_value><![CDATA[http://dummy.xtemos.com/woodmart2/christmas-2-elementor/wp-content/uploads/sites/60/2025/10/premium-bowl-for-cookies-and-treats.jpeg]]></wp:meta_value>
						</wp:postmeta>
										</item>
								<item>
					<title><![CDATA[bowl-in-the-shape-of-a-christmas-tree.jpeg]]></title>
					<link>https://dummy.xtemos.com/woodmart2/christmas-2-gutenberg/?attachment_id=113</link>
					<pubDate>Tue, 21 Oct 2025 08:42:36 +0000</pubDate>
					<dc:creator><![CDATA[Mr. Mackay]]></dc:creator>
					<guid isPermaLink="false">http://dummy.xtemos.com/woodmart2/christmas-2-gutenberg/wp-content/uploads/sites/61/2025/10/bowl-in-the-shape-of-a-christmas-tree.jpeg</guid>
															<wp:post_id>113</wp:post_id>
					<wp:post_date><![CDATA[2025-10-21 08:42:36]]></wp:post_date>
					<wp:post_date_gmt><![CDATA[2025-10-21 08:42:36]]></wp:post_date_gmt>
					<wp:post_modified><![CDATA[2025-10-21 08:42:36]]></wp:post_modified>
					<wp:post_modified_gmt><![CDATA[2025-10-21 08:42:36]]></wp:post_modified_gmt>
					<wp:comment_status><![CDATA[open]]></wp:comment_status>
					<wp:post_name><![CDATA[bowl-in-the-shape-of-a-christmas-tree-jpeg]]></wp:post_name>
					<wp:status><![CDATA[inherit]]></wp:status>
					<wp:post_parent>70</wp:post_parent>
					<wp:menu_order>0</wp:menu_order>
					<wp:post_type><![CDATA[attachment]]></wp:post_type>
											<wp:attachment_url><![CDATA[http://dummy.xtemos.com/woodmart2/christmas-2-gutenberg/wp-content/uploads/sites/61/2025/10/bowl-in-the-shape-of-a-christmas-tree.jpeg]]></wp:attachment_url>
																					<wp:postmeta>
							<wp:meta_key><![CDATA[_wp_attached_file]]></wp:meta_key>
							<wp:meta_value><![CDATA[2025/10/bowl-in-the-shape-of-a-christmas-tree.jpeg]]></wp:meta_value>
						</wp:postmeta>
												<wp:postmeta>
							<wp:meta_key><![CDATA[_wc_attachment_source]]></wp:meta_key>
							<wp:meta_value><![CDATA[http://dummy.xtemos.com/woodmart2/christmas-2-elementor/wp-content/uploads/sites/60/2025/10/bowl-in-the-shape-of-a-christmas-tree.jpeg]]></wp:meta_value>
						</wp:postmeta>
										</item>
								<item>
					<title><![CDATA[christmas-yop-star.jpeg]]></title>
					<link>https://dummy.xtemos.com/woodmart2/christmas-2-gutenberg/?attachment_id=115</link>
					<pubDate>Tue, 21 Oct 2025 08:42:36 +0000</pubDate>
					<dc:creator><![CDATA[Mr. Mackay]]></dc:creator>
					<guid isPermaLink="false">http://dummy.xtemos.com/woodmart2/christmas-2-gutenberg/wp-content/uploads/sites/61/2025/10/christmas-yop-star.jpeg</guid>
															<wp:post_id>115</wp:post_id>
					<wp:post_date><![CDATA[2025-10-21 08:42:36]]></wp:post_date>
					<wp:post_date_gmt><![CDATA[2025-10-21 08:42:36]]></wp:post_date_gmt>
					<wp:post_modified><![CDATA[2025-10-21 08:42:36]]></wp:post_modified>
					<wp:post_modified_gmt><![CDATA[2025-10-21 08:42:36]]></wp:post_modified_gmt>
					<wp:comment_status><![CDATA[open]]></wp:comment_status>
					<wp:post_name><![CDATA[christmas-yop-star-jpeg]]></wp:post_name>
					<wp:status><![CDATA[inherit]]></wp:status>
					<wp:post_parent>71</wp:post_parent>
					<wp:menu_order>0</wp:menu_order>
					<wp:post_type><![CDATA[attachment]]></wp:post_type>
											<wp:attachment_url><![CDATA[http://dummy.xtemos.com/woodmart2/christmas-2-gutenberg/wp-content/uploads/sites/61/2025/10/christmas-yop-star.jpeg]]></wp:attachment_url>
																					<wp:postmeta>
							<wp:meta_key><![CDATA[_wp_attached_file]]></wp:meta_key>
							<wp:meta_value><![CDATA[2025/10/christmas-yop-star.jpeg]]></wp:meta_value>
						</wp:postmeta>
												<wp:postmeta>
							<wp:meta_key><![CDATA[_wc_attachment_source]]></wp:meta_key>
							<wp:meta_value><![CDATA[http://dummy.xtemos.com/woodmart2/christmas-2-elementor/wp-content/uploads/sites/60/2025/10/christmas-yop-star.jpeg]]></wp:meta_value>
						</wp:postmeta>
										</item>
								<item>
					<title><![CDATA[northlight-lighted-prancing-reindeer.jpeg]]></title>
					<link>https://dummy.xtemos.com/woodmart2/christmas-2-gutenberg/?attachment_id=117</link>
					<pubDate>Tue, 21 Oct 2025 08:42:36 +0000</pubDate>
					<dc:creator><![CDATA[Mr. Mackay]]></dc:creator>
					<guid isPermaLink="false">http://dummy.xtemos.com/woodmart2/christmas-2-gutenberg/wp-content/uploads/sites/61/2025/10/northlight-lighted-prancing-reindeer.jpeg</guid>
															<wp:post_id>117</wp:post_id>
					<wp:post_date><![CDATA[2025-10-21 08:42:36]]></wp:post_date>
					<wp:post_date_gmt><![CDATA[2025-10-21 08:42:36]]></wp:post_date_gmt>
					<wp:post_modified><![CDATA[2025-10-21 08:42:36]]></wp:post_modified>
					<wp:post_modified_gmt><![CDATA[2025-10-21 08:42:36]]></wp:post_modified_gmt>
					<wp:comment_status><![CDATA[open]]></wp:comment_status>
					<wp:post_name><![CDATA[northlight-lighted-prancing-reindeer-jpeg]]></wp:post_name>
					<wp:status><![CDATA[inherit]]></wp:status>
					<wp:post_parent>71</wp:post_parent>
					<wp:menu_order>0</wp:menu_order>
					<wp:post_type><![CDATA[attachment]]></wp:post_type>
											<wp:attachment_url><![CDATA[http://dummy.xtemos.com/woodmart2/christmas-2-gutenberg/wp-content/uploads/sites/61/2025/10/northlight-lighted-prancing-reindeer.jpeg]]></wp:attachment_url>
																					<wp:postmeta>
							<wp:meta_key><![CDATA[_wp_attached_file]]></wp:meta_key>
							<wp:meta_value><![CDATA[2025/10/northlight-lighted-prancing-reindeer.jpeg]]></wp:meta_value>
						</wp:postmeta>
												<wp:postmeta>
							<wp:meta_key><![CDATA[_wc_attachment_source]]></wp:meta_key>
							<wp:meta_value><![CDATA[http://dummy.xtemos.com/woodmart2/christmas-2-elementor/wp-content/uploads/sites/60/2025/10/northlight-lighted-prancing-reindeer.jpeg]]></wp:meta_value>
						</wp:postmeta>
										</item>
								<item>
					<title><![CDATA[thin-christmas-tree.jpeg]]></title>
					<link>https://dummy.xtemos.com/woodmart2/christmas-2-gutenberg/?attachment_id=122</link>
					<pubDate>Tue, 21 Oct 2025 08:42:37 +0000</pubDate>
					<dc:creator><![CDATA[Mr. Mackay]]></dc:creator>
					<guid isPermaLink="false">http://dummy.xtemos.com/woodmart2/christmas-2-gutenberg/wp-content/uploads/sites/61/2025/10/thin-christmas-tree.jpeg</guid>
															<wp:post_id>122</wp:post_id>
					<wp:post_date><![CDATA[2025-10-21 08:42:37]]></wp:post_date>
					<wp:post_date_gmt><![CDATA[2025-10-21 08:42:37]]></wp:post_date_gmt>
					<wp:post_modified><![CDATA[2025-10-21 08:42:37]]></wp:post_modified>
					<wp:post_modified_gmt><![CDATA[2025-10-21 08:42:37]]></wp:post_modified_gmt>
					<wp:comment_status><![CDATA[open]]></wp:comment_status>
					<wp:post_name><![CDATA[thin-christmas-tree-jpeg]]></wp:post_name>
					<wp:status><![CDATA[inherit]]></wp:status>
					<wp:post_parent>74</wp:post_parent>
					<wp:menu_order>0</wp:menu_order>
					<wp:post_type><![CDATA[attachment]]></wp:post_type>
											<wp:attachment_url><![CDATA[http://dummy.xtemos.com/woodmart2/christmas-2-gutenberg/wp-content/uploads/sites/61/2025/10/thin-christmas-tree.jpeg]]></wp:attachment_url>
																					<wp:postmeta>
							<wp:meta_key><![CDATA[_wp_attached_file]]></wp:meta_key>
							<wp:meta_value><![CDATA[2025/10/thin-christmas-tree.jpeg]]></wp:meta_value>
						</wp:postmeta>
												<wp:postmeta>
							<wp:meta_key><![CDATA[_wc_attachment_source]]></wp:meta_key>
							<wp:meta_value><![CDATA[http://dummy.xtemos.com/woodmart2/christmas-2-elementor/wp-content/uploads/sites/60/2025/10/thin-christmas-tree.jpeg]]></wp:meta_value>
						</wp:postmeta>
										</item>
								<item>
					<title><![CDATA[evergreen-snow-flocked-tip-christmas-tree.jpeg]]></title>
					<link>https://dummy.xtemos.com/woodmart2/christmas-2-gutenberg/?attachment_id=125</link>
					<pubDate>Tue, 21 Oct 2025 08:42:38 +0000</pubDate>
					<dc:creator><![CDATA[Mr. Mackay]]></dc:creator>
					<guid isPermaLink="false">http://dummy.xtemos.com/woodmart2/christmas-2-gutenberg/wp-content/uploads/sites/61/2025/10/evergreen-snow-flocked-tip-christmas-tree.jpeg</guid>
															<wp:post_id>125</wp:post_id>
					<wp:post_date><![CDATA[2025-10-21 08:42:38]]></wp:post_date>
					<wp:post_date_gmt><![CDATA[2025-10-21 08:42:38]]></wp:post_date_gmt>
					<wp:post_modified><![CDATA[2025-10-21 08:42:38]]></wp:post_modified>
					<wp:post_modified_gmt><![CDATA[2025-10-21 08:42:38]]></wp:post_modified_gmt>
					<wp:comment_status><![CDATA[open]]></wp:comment_status>
					<wp:post_name><![CDATA[evergreen-snow-flocked-tip-christmas-tree-jpeg]]></wp:post_name>
					<wp:status><![CDATA[inherit]]></wp:status>
					<wp:post_parent>75</wp:post_parent>
					<wp:menu_order>0</wp:menu_order>
					<wp:post_type><![CDATA[attachment]]></wp:post_type>
											<wp:attachment_url><![CDATA[http://dummy.xtemos.com/woodmart2/christmas-2-gutenberg/wp-content/uploads/sites/61/2025/10/evergreen-snow-flocked-tip-christmas-tree.jpeg]]></wp:attachment_url>
																					<wp:postmeta>
							<wp:meta_key><![CDATA[_wp_attached_file]]></wp:meta_key>
							<wp:meta_value><![CDATA[2025/10/evergreen-snow-flocked-tip-christmas-tree.jpeg]]></wp:meta_value>
						</wp:postmeta>
												<wp:postmeta>
							<wp:meta_key><![CDATA[_wc_attachment_source]]></wp:meta_key>
							<wp:meta_value><![CDATA[http://dummy.xtemos.com/woodmart2/christmas-2-elementor/wp-content/uploads/sites/60/2025/10/evergreen-snow-flocked-tip-christmas-tree.jpeg]]></wp:meta_value>
						</wp:postmeta>
										</item>
								<item>
					<title><![CDATA[wing-angels-natural.jpeg]]></title>
					<link>https://dummy.xtemos.com/woodmart2/christmas-2-gutenberg/?attachment_id=126</link>
					<pubDate>Tue, 21 Oct 2025 08:42:38 +0000</pubDate>
					<dc:creator><![CDATA[Mr. Mackay]]></dc:creator>
					<guid isPermaLink="false">http://dummy.xtemos.com/woodmart2/christmas-2-gutenberg/wp-content/uploads/sites/61/2025/10/wing-angels-natural.jpeg</guid>
															<wp:post_id>126</wp:post_id>
					<wp:post_date><![CDATA[2025-10-21 08:42:38]]></wp:post_date>
					<wp:post_date_gmt><![CDATA[2025-10-21 08:42:38]]></wp:post_date_gmt>
					<wp:post_modified><![CDATA[2025-10-21 08:42:38]]></wp:post_modified>
					<wp:post_modified_gmt><![CDATA[2025-10-21 08:42:38]]></wp:post_modified_gmt>
					<wp:comment_status><![CDATA[open]]></wp:comment_status>
					<wp:post_name><![CDATA[wing-angels-natural-jpeg]]></wp:post_name>
					<wp:status><![CDATA[inherit]]></wp:status>
					<wp:post_parent>75</wp:post_parent>
					<wp:menu_order>0</wp:menu_order>
					<wp:post_type><![CDATA[attachment]]></wp:post_type>
											<wp:attachment_url><![CDATA[http://dummy.xtemos.com/woodmart2/christmas-2-gutenberg/wp-content/uploads/sites/61/2025/10/wing-angels-natural.jpeg]]></wp:attachment_url>
																					<wp:postmeta>
							<wp:meta_key><![CDATA[_wp_attached_file]]></wp:meta_key>
							<wp:meta_value><![CDATA[2025/10/wing-angels-natural.jpeg]]></wp:meta_value>
						</wp:postmeta>
												<wp:postmeta>
							<wp:meta_key><![CDATA[_wc_attachment_source]]></wp:meta_key>
							<wp:meta_value><![CDATA[http://dummy.xtemos.com/woodmart2/christmas-2-elementor/wp-content/uploads/sites/60/2025/10/wing-angels-natural.jpeg]]></wp:meta_value>
						</wp:postmeta>
										</item>
								<item>
					<title><![CDATA[alpine-balsam-fir-trees.jpeg]]></title>
					<link>https://dummy.xtemos.com/woodmart2/christmas-2-gutenberg/?attachment_id=127</link>
					<pubDate>Tue, 21 Oct 2025 08:42:38 +0000</pubDate>
					<dc:creator><![CDATA[Mr. Mackay]]></dc:creator>
					<guid isPermaLink="false">http://dummy.xtemos.com/woodmart2/christmas-2-gutenberg/wp-content/uploads/sites/61/2025/10/alpine-balsam-fir-trees.jpeg</guid>
															<wp:post_id>127</wp:post_id>
					<wp:post_date><![CDATA[2025-10-21 08:42:38]]></wp:post_date>
					<wp:post_date_gmt><![CDATA[2025-10-21 08:42:38]]></wp:post_date_gmt>
					<wp:post_modified><![CDATA[2025-10-21 08:42:38]]></wp:post_modified>
					<wp:post_modified_gmt><![CDATA[2025-10-21 08:42:38]]></wp:post_modified_gmt>
					<wp:comment_status><![CDATA[open]]></wp:comment_status>
					<wp:post_name><![CDATA[alpine-balsam-fir-trees-jpeg]]></wp:post_name>
					<wp:status><![CDATA[inherit]]></wp:status>
					<wp:post_parent>76</wp:post_parent>
					<wp:menu_order>0</wp:menu_order>
					<wp:post_type><![CDATA[attachment]]></wp:post_type>
											<wp:attachment_url><![CDATA[http://dummy.xtemos.com/woodmart2/christmas-2-gutenberg/wp-content/uploads/sites/61/2025/10/alpine-balsam-fir-trees.jpeg]]></wp:attachment_url>
																					<wp:postmeta>
							<wp:meta_key><![CDATA[_wp_attached_file]]></wp:meta_key>
							<wp:meta_value><![CDATA[2025/10/alpine-balsam-fir-trees.jpeg]]></wp:meta_value>
						</wp:postmeta>
												<wp:postmeta>
							<wp:meta_key><![CDATA[_wc_attachment_source]]></wp:meta_key>
							<wp:meta_value><![CDATA[http://dummy.xtemos.com/woodmart2/christmas-2-elementor/wp-content/uploads/sites/60/2025/10/alpine-balsam-fir-trees.jpeg]]></wp:meta_value>
						</wp:postmeta>
										</item>
								<item>
					<title><![CDATA[prelit-sapphire-blue-christmas-tree.jpeg]]></title>
					<link>https://dummy.xtemos.com/woodmart2/christmas-2-gutenberg/?attachment_id=129</link>
					<pubDate>Tue, 21 Oct 2025 08:42:38 +0000</pubDate>
					<dc:creator><![CDATA[Mr. Mackay]]></dc:creator>
					<guid isPermaLink="false">http://dummy.xtemos.com/woodmart2/christmas-2-gutenberg/wp-content/uploads/sites/61/2025/10/prelit-sapphire-blue-christmas-tree.jpeg</guid>
															<wp:post_id>129</wp:post_id>
					<wp:post_date><![CDATA[2025-10-21 08:42:38]]></wp:post_date>
					<wp:post_date_gmt><![CDATA[2025-10-21 08:42:38]]></wp:post_date_gmt>
					<wp:post_modified><![CDATA[2025-10-21 08:42:38]]></wp:post_modified>
					<wp:post_modified_gmt><![CDATA[2025-10-21 08:42:38]]></wp:post_modified_gmt>
					<wp:comment_status><![CDATA[open]]></wp:comment_status>
					<wp:post_name><![CDATA[prelit-sapphire-blue-christmas-tree-jpeg]]></wp:post_name>
					<wp:status><![CDATA[inherit]]></wp:status>
					<wp:post_parent>76</wp:post_parent>
					<wp:menu_order>0</wp:menu_order>
					<wp:post_type><![CDATA[attachment]]></wp:post_type>
											<wp:attachment_url><![CDATA[http://dummy.xtemos.com/woodmart2/christmas-2-gutenberg/wp-content/uploads/sites/61/2025/10/prelit-sapphire-blue-christmas-tree.jpeg]]></wp:attachment_url>
																					<wp:postmeta>
							<wp:meta_key><![CDATA[_wp_attached_file]]></wp:meta_key>
							<wp:meta_value><![CDATA[2025/10/prelit-sapphire-blue-christmas-tree.jpeg]]></wp:meta_value>
						</wp:postmeta>
												<wp:postmeta>
							<wp:meta_key><![CDATA[_wc_attachment_source]]></wp:meta_key>
							<wp:meta_value><![CDATA[http://dummy.xtemos.com/woodmart2/christmas-2-elementor/wp-content/uploads/sites/60/2025/10/prelit-sapphire-blue-christmas-tree.jpeg]]></wp:meta_value>
						</wp:postmeta>
										</item>
								<item>
					<title><![CDATA[hedgehog-porcelain-christmas-decoration.jpeg]]></title>
					<link>https://dummy.xtemos.com/woodmart2/christmas-2-gutenberg/?attachment_id=130</link>
					<pubDate>Tue, 21 Oct 2025 08:42:39 +0000</pubDate>
					<dc:creator><![CDATA[Mr. Mackay]]></dc:creator>
					<guid isPermaLink="false">http://dummy.xtemos.com/woodmart2/christmas-2-gutenberg/wp-content/uploads/sites/61/2025/10/hedgehog-porcelain-christmas-decoration.jpeg</guid>
															<wp:post_id>130</wp:post_id>
					<wp:post_date><![CDATA[2025-10-21 08:42:39]]></wp:post_date>
					<wp:post_date_gmt><![CDATA[2025-10-21 08:42:39]]></wp:post_date_gmt>
					<wp:post_modified><![CDATA[2025-10-21 08:42:39]]></wp:post_modified>
					<wp:post_modified_gmt><![CDATA[2025-10-21 08:42:39]]></wp:post_modified_gmt>
					<wp:comment_status><![CDATA[open]]></wp:comment_status>
					<wp:post_name><![CDATA[hedgehog-porcelain-christmas-decoration-jpeg]]></wp:post_name>
					<wp:status><![CDATA[inherit]]></wp:status>
					<wp:post_parent>77</wp:post_parent>
					<wp:menu_order>0</wp:menu_order>
					<wp:post_type><![CDATA[attachment]]></wp:post_type>
											<wp:attachment_url><![CDATA[http://dummy.xtemos.com/woodmart2/christmas-2-gutenberg/wp-content/uploads/sites/61/2025/10/hedgehog-porcelain-christmas-decoration.jpeg]]></wp:attachment_url>
																					<wp:postmeta>
							<wp:meta_key><![CDATA[_wp_attached_file]]></wp:meta_key>
							<wp:meta_value><![CDATA[2025/10/hedgehog-porcelain-christmas-decoration.jpeg]]></wp:meta_value>
						</wp:postmeta>
												<wp:postmeta>
							<wp:meta_key><![CDATA[_wc_attachment_source]]></wp:meta_key>
							<wp:meta_value><![CDATA[http://dummy.xtemos.com/woodmart2/christmas-2-elementor/wp-content/uploads/sites/60/2025/10/hedgehog-porcelain-christmas-decoration.jpeg]]></wp:meta_value>
						</wp:postmeta>
										</item>
								<item>
					<title><![CDATA[dessert-bowl-with-pattern.jpeg]]></title>
					<link>https://dummy.xtemos.com/woodmart2/christmas-2-gutenberg/?attachment_id=134</link>
					<pubDate>Tue, 21 Oct 2025 08:42:40 +0000</pubDate>
					<dc:creator><![CDATA[Mr. Mackay]]></dc:creator>
					<guid isPermaLink="false">http://dummy.xtemos.com/woodmart2/christmas-2-gutenberg/wp-content/uploads/sites/61/2025/10/dessert-bowl-with-pattern.jpeg</guid>
															<wp:post_id>134</wp:post_id>
					<wp:post_date><![CDATA[2025-10-21 08:42:40]]></wp:post_date>
					<wp:post_date_gmt><![CDATA[2025-10-21 08:42:40]]></wp:post_date_gmt>
					<wp:post_modified><![CDATA[2025-10-21 08:42:40]]></wp:post_modified>
					<wp:post_modified_gmt><![CDATA[2025-10-21 08:42:40]]></wp:post_modified_gmt>
					<wp:comment_status><![CDATA[open]]></wp:comment_status>
					<wp:post_name><![CDATA[dessert-bowl-with-pattern-jpeg]]></wp:post_name>
					<wp:status><![CDATA[inherit]]></wp:status>
					<wp:post_parent>82</wp:post_parent>
					<wp:menu_order>0</wp:menu_order>
					<wp:post_type><![CDATA[attachment]]></wp:post_type>
											<wp:attachment_url><![CDATA[http://dummy.xtemos.com/woodmart2/christmas-2-gutenberg/wp-content/uploads/sites/61/2025/10/dessert-bowl-with-pattern.jpeg]]></wp:attachment_url>
																					<wp:postmeta>
							<wp:meta_key><![CDATA[_wp_attached_file]]></wp:meta_key>
							<wp:meta_value><![CDATA[2025/10/dessert-bowl-with-pattern.jpeg]]></wp:meta_value>
						</wp:postmeta>
												<wp:postmeta>
							<wp:meta_key><![CDATA[_wc_attachment_source]]></wp:meta_key>
							<wp:meta_value><![CDATA[http://dummy.xtemos.com/woodmart2/christmas-2-elementor/wp-content/uploads/sites/60/2025/10/dessert-bowl-with-pattern.jpeg]]></wp:meta_value>
						</wp:postmeta>
										</item>
								<item>
					<title><![CDATA[led-faceted-c9-christmas-lights.jpeg]]></title>
					<link>https://dummy.xtemos.com/woodmart2/christmas-2-gutenberg/?attachment_id=135</link>
					<pubDate>Tue, 21 Oct 2025 08:42:40 +0000</pubDate>
					<dc:creator><![CDATA[Mr. Mackay]]></dc:creator>
					<guid isPermaLink="false">http://dummy.xtemos.com/woodmart2/christmas-2-gutenberg/wp-content/uploads/sites/61/2025/10/led-faceted-c9-christmas-lights.jpeg</guid>
															<wp:post_id>135</wp:post_id>
					<wp:post_date><![CDATA[2025-10-21 08:42:40]]></wp:post_date>
					<wp:post_date_gmt><![CDATA[2025-10-21 08:42:40]]></wp:post_date_gmt>
					<wp:post_modified><![CDATA[2025-10-21 08:42:40]]></wp:post_modified>
					<wp:post_modified_gmt><![CDATA[2025-10-21 08:42:40]]></wp:post_modified_gmt>
					<wp:comment_status><![CDATA[open]]></wp:comment_status>
					<wp:post_name><![CDATA[led-faceted-c9-christmas-lights-jpeg]]></wp:post_name>
					<wp:status><![CDATA[inherit]]></wp:status>
					<wp:post_parent>82</wp:post_parent>
					<wp:menu_order>0</wp:menu_order>
					<wp:post_type><![CDATA[attachment]]></wp:post_type>
											<wp:attachment_url><![CDATA[http://dummy.xtemos.com/woodmart2/christmas-2-gutenberg/wp-content/uploads/sites/61/2025/10/led-faceted-c9-christmas-lights.jpeg]]></wp:attachment_url>
																					<wp:postmeta>
							<wp:meta_key><![CDATA[_wp_attached_file]]></wp:meta_key>
							<wp:meta_value><![CDATA[2025/10/led-faceted-c9-christmas-lights.jpeg]]></wp:meta_value>
						</wp:postmeta>
												<wp:postmeta>
							<wp:meta_key><![CDATA[_wc_attachment_source]]></wp:meta_key>
							<wp:meta_value><![CDATA[http://dummy.xtemos.com/woodmart2/christmas-2-elementor/wp-content/uploads/sites/60/2025/10/led-faceted-c9-christmas-lights.jpeg]]></wp:meta_value>
						</wp:postmeta>
										</item>
								<item>
					<title><![CDATA[christmas-eve-plate-20-cm.jpeg]]></title>
					<link>https://dummy.xtemos.com/woodmart2/christmas-2-gutenberg/?attachment_id=137</link>
					<pubDate>Tue, 21 Oct 2025 08:42:40 +0000</pubDate>
					<dc:creator><![CDATA[Mr. Mackay]]></dc:creator>
					<guid isPermaLink="false">http://dummy.xtemos.com/woodmart2/christmas-2-gutenberg/wp-content/uploads/sites/61/2025/10/christmas-eve-plate-20-cm.jpeg</guid>
															<wp:post_id>137</wp:post_id>
					<wp:post_date><![CDATA[2025-10-21 08:42:40]]></wp:post_date>
					<wp:post_date_gmt><![CDATA[2025-10-21 08:42:40]]></wp:post_date_gmt>
					<wp:post_modified><![CDATA[2025-10-21 08:42:40]]></wp:post_modified>
					<wp:post_modified_gmt><![CDATA[2025-10-21 08:42:40]]></wp:post_modified_gmt>
					<wp:comment_status><![CDATA[open]]></wp:comment_status>
					<wp:post_name><![CDATA[christmas-eve-plate-20-cm-jpeg]]></wp:post_name>
					<wp:status><![CDATA[inherit]]></wp:status>
					<wp:post_parent>85</wp:post_parent>
					<wp:menu_order>0</wp:menu_order>
					<wp:post_type><![CDATA[attachment]]></wp:post_type>
											<wp:attachment_url><![CDATA[http://dummy.xtemos.com/woodmart2/christmas-2-gutenberg/wp-content/uploads/sites/61/2025/10/christmas-eve-plate-20-cm.jpeg]]></wp:attachment_url>
																					<wp:postmeta>
							<wp:meta_key><![CDATA[_wp_attached_file]]></wp:meta_key>
							<wp:meta_value><![CDATA[2025/10/christmas-eve-plate-20-cm.jpeg]]></wp:meta_value>
						</wp:postmeta>
												<wp:postmeta>
							<wp:meta_key><![CDATA[_wc_attachment_source]]></wp:meta_key>
							<wp:meta_value><![CDATA[http://dummy.xtemos.com/woodmart2/christmas-2-elementor/wp-content/uploads/sites/60/2025/10/christmas-eve-plate-20-cm.jpeg]]></wp:meta_value>
						</wp:postmeta>
										</item>
								<item>
					<title><![CDATA[cookie-box.jpeg]]></title>
					<link>https://dummy.xtemos.com/woodmart2/christmas-2-gutenberg/?attachment_id=138</link>
					<pubDate>Tue, 21 Oct 2025 08:42:41 +0000</pubDate>
					<dc:creator><![CDATA[Mr. Mackay]]></dc:creator>
					<guid isPermaLink="false">http://dummy.xtemos.com/woodmart2/christmas-2-gutenberg/wp-content/uploads/sites/61/2025/10/cookie-box.jpeg</guid>
															<wp:post_id>138</wp:post_id>
					<wp:post_date><![CDATA[2025-10-21 08:42:41]]></wp:post_date>
					<wp:post_date_gmt><![CDATA[2025-10-21 08:42:41]]></wp:post_date_gmt>
					<wp:post_modified><![CDATA[2025-10-21 08:42:41]]></wp:post_modified>
					<wp:post_modified_gmt><![CDATA[2025-10-21 08:42:41]]></wp:post_modified_gmt>
					<wp:comment_status><![CDATA[open]]></wp:comment_status>
					<wp:post_name><![CDATA[cookie-box-jpeg]]></wp:post_name>
					<wp:status><![CDATA[inherit]]></wp:status>
					<wp:post_parent>89</wp:post_parent>
					<wp:menu_order>0</wp:menu_order>
					<wp:post_type><![CDATA[attachment]]></wp:post_type>
											<wp:attachment_url><![CDATA[http://dummy.xtemos.com/woodmart2/christmas-2-gutenberg/wp-content/uploads/sites/61/2025/10/cookie-box.jpeg]]></wp:attachment_url>
																					<wp:postmeta>
							<wp:meta_key><![CDATA[_wp_attached_file]]></wp:meta_key>
							<wp:meta_value><![CDATA[2025/10/cookie-box.jpeg]]></wp:meta_value>
						</wp:postmeta>
												<wp:postmeta>
							<wp:meta_key><![CDATA[_wc_attachment_source]]></wp:meta_key>
							<wp:meta_value><![CDATA[http://dummy.xtemos.com/woodmart2/christmas-2-elementor/wp-content/uploads/sites/60/2025/10/cookie-box.jpeg]]></wp:meta_value>
						</wp:postmeta>
										</item>
								<item>
					<title><![CDATA[wide-angle-christmas-lights-warm-white.jpeg]]></title>
					<link>https://dummy.xtemos.com/woodmart2/christmas-2-gutenberg/?attachment_id=157</link>
					<pubDate>Tue, 21 Oct 2025 08:42:44 +0000</pubDate>
					<dc:creator><![CDATA[Mr. Mackay]]></dc:creator>
					<guid isPermaLink="false">http://dummy.xtemos.com/woodmart2/christmas-2-gutenberg/wp-content/uploads/sites/61/2025/10/wide-angle-christmas-lights-warm-white.jpeg</guid>
															<wp:post_id>157</wp:post_id>
					<wp:post_date><![CDATA[2025-10-21 08:42:44]]></wp:post_date>
					<wp:post_date_gmt><![CDATA[2025-10-21 08:42:44]]></wp:post_date_gmt>
					<wp:post_modified><![CDATA[2025-10-21 08:42:44]]></wp:post_modified>
					<wp:post_modified_gmt><![CDATA[2025-10-21 08:42:44]]></wp:post_modified_gmt>
					<wp:comment_status><![CDATA[open]]></wp:comment_status>
					<wp:post_name><![CDATA[wide-angle-christmas-lights-warm-white-jpeg]]></wp:post_name>
					<wp:status><![CDATA[inherit]]></wp:status>
					<wp:post_parent>143</wp:post_parent>
					<wp:menu_order>0</wp:menu_order>
					<wp:post_type><![CDATA[attachment]]></wp:post_type>
											<wp:attachment_url><![CDATA[http://dummy.xtemos.com/woodmart2/christmas-2-gutenberg/wp-content/uploads/sites/61/2025/10/wide-angle-christmas-lights-warm-white.jpeg]]></wp:attachment_url>
																					<wp:postmeta>
							<wp:meta_key><![CDATA[_wp_attached_file]]></wp:meta_key>
							<wp:meta_value><![CDATA[2025/10/wide-angle-christmas-lights-warm-white.jpeg]]></wp:meta_value>
						</wp:postmeta>
												<wp:postmeta>
							<wp:meta_key><![CDATA[_wc_attachment_source]]></wp:meta_key>
							<wp:meta_value><![CDATA[http://dummy.xtemos.com/woodmart2/christmas-2-elementor/wp-content/uploads/sites/60/2025/10/wide-angle-christmas-lights-warm-white.jpeg]]></wp:meta_value>
						</wp:postmeta>
										</item>
								<item>
					<title><![CDATA[premium-porcelain-gold-mug.jpeg]]></title>
					<link>https://dummy.xtemos.com/woodmart2/christmas-2-gutenberg/?attachment_id=158</link>
					<pubDate>Tue, 21 Oct 2025 08:42:46 +0000</pubDate>
					<dc:creator><![CDATA[Mr. Mackay]]></dc:creator>
					<guid isPermaLink="false">http://dummy.xtemos.com/woodmart2/christmas-2-gutenberg/wp-content/uploads/sites/61/2025/10/premium-porcelain-gold-mug.jpeg</guid>
															<wp:post_id>158</wp:post_id>
					<wp:post_date><![CDATA[2025-10-21 08:42:46]]></wp:post_date>
					<wp:post_date_gmt><![CDATA[2025-10-21 08:42:46]]></wp:post_date_gmt>
					<wp:post_modified><![CDATA[2025-10-21 08:42:46]]></wp:post_modified>
					<wp:post_modified_gmt><![CDATA[2025-10-21 08:42:46]]></wp:post_modified_gmt>
					<wp:comment_status><![CDATA[open]]></wp:comment_status>
					<wp:post_name><![CDATA[premium-porcelain-gold-mug-jpeg]]></wp:post_name>
					<wp:status><![CDATA[inherit]]></wp:status>
					<wp:post_parent>151</wp:post_parent>
					<wp:menu_order>0</wp:menu_order>
					<wp:post_type><![CDATA[attachment]]></wp:post_type>
											<wp:attachment_url><![CDATA[http://dummy.xtemos.com/woodmart2/christmas-2-gutenberg/wp-content/uploads/sites/61/2025/10/premium-porcelain-gold-mug.jpeg]]></wp:attachment_url>
																					<wp:postmeta>
							<wp:meta_key><![CDATA[_wp_attached_file]]></wp:meta_key>
							<wp:meta_value><![CDATA[2025/10/premium-porcelain-gold-mug.jpeg]]></wp:meta_value>
						</wp:postmeta>
												<wp:postmeta>
							<wp:meta_key><![CDATA[_wc_attachment_source]]></wp:meta_key>
							<wp:meta_value><![CDATA[http://dummy.xtemos.com/woodmart2/christmas-2-elementor/wp-content/uploads/sites/60/2025/10/premium-porcelain-gold-mug.jpeg]]></wp:meta_value>
						</wp:postmeta>
										</item>
								<item>
					<title><![CDATA[classic-dinner-plate.jpeg]]></title>
					<link>https://dummy.xtemos.com/woodmart2/christmas-2-gutenberg/?attachment_id=159</link>
					<pubDate>Tue, 21 Oct 2025 08:42:46 +0000</pubDate>
					<dc:creator><![CDATA[Mr. Mackay]]></dc:creator>
					<guid isPermaLink="false">http://dummy.xtemos.com/woodmart2/christmas-2-gutenberg/wp-content/uploads/sites/61/2025/10/classic-dinner-plate.jpeg</guid>
															<wp:post_id>159</wp:post_id>
					<wp:post_date><![CDATA[2025-10-21 08:42:46]]></wp:post_date>
					<wp:post_date_gmt><![CDATA[2025-10-21 08:42:46]]></wp:post_date_gmt>
					<wp:post_modified><![CDATA[2025-10-21 08:42:46]]></wp:post_modified>
					<wp:post_modified_gmt><![CDATA[2025-10-21 08:42:46]]></wp:post_modified_gmt>
					<wp:comment_status><![CDATA[open]]></wp:comment_status>
					<wp:post_name><![CDATA[classic-dinner-plate-jpeg]]></wp:post_name>
					<wp:status><![CDATA[inherit]]></wp:status>
					<wp:post_parent>153</wp:post_parent>
					<wp:menu_order>0</wp:menu_order>
					<wp:post_type><![CDATA[attachment]]></wp:post_type>
											<wp:attachment_url><![CDATA[http://dummy.xtemos.com/woodmart2/christmas-2-gutenberg/wp-content/uploads/sites/61/2025/10/classic-dinner-plate.jpeg]]></wp:attachment_url>
																					<wp:postmeta>
							<wp:meta_key><![CDATA[_wp_attached_file]]></wp:meta_key>
							<wp:meta_value><![CDATA[2025/10/classic-dinner-plate.jpeg]]></wp:meta_value>
						</wp:postmeta>
												<wp:postmeta>
							<wp:meta_key><![CDATA[_wc_attachment_source]]></wp:meta_key>
							<wp:meta_value><![CDATA[http://dummy.xtemos.com/woodmart2/christmas-2-elementor/wp-content/uploads/sites/60/2025/10/classic-dinner-plate.jpeg]]></wp:meta_value>
						</wp:postmeta>
										</item>
								<item>
					<title><![CDATA[vintage-style-t5-led-christmas-lights.jpeg]]></title>
					<link>https://dummy.xtemos.com/woodmart2/christmas-2-gutenberg/?attachment_id=98</link>
					<pubDate>Tue, 21 Oct 2025 08:42:33 +0000</pubDate>
					<dc:creator><![CDATA[Mr. Mackay]]></dc:creator>
					<guid isPermaLink="false">http://dummy.xtemos.com/woodmart2/christmas-2-gutenberg/wp-content/uploads/sites/61/2025/10/vintage-style-t5-led-christmas-lights.jpeg</guid>
															<wp:post_id>98</wp:post_id>
					<wp:post_date><![CDATA[2025-10-21 08:42:33]]></wp:post_date>
					<wp:post_date_gmt><![CDATA[2025-10-21 08:42:33]]></wp:post_date_gmt>
					<wp:post_modified><![CDATA[2025-10-21 08:42:33]]></wp:post_modified>
					<wp:post_modified_gmt><![CDATA[2025-10-21 08:42:33]]></wp:post_modified_gmt>
					<wp:comment_status><![CDATA[open]]></wp:comment_status>
					<wp:post_name><![CDATA[vintage-style-t5-led-christmas-lights-jpeg]]></wp:post_name>
					<wp:status><![CDATA[inherit]]></wp:status>
					<wp:post_parent>66</wp:post_parent>
					<wp:menu_order>0</wp:menu_order>
					<wp:post_type><![CDATA[attachment]]></wp:post_type>
											<wp:attachment_url><![CDATA[http://dummy.xtemos.com/woodmart2/christmas-2-gutenberg/wp-content/uploads/sites/61/2025/10/vintage-style-t5-led-christmas-lights.jpeg]]></wp:attachment_url>
																					<wp:postmeta>
							<wp:meta_key><![CDATA[_wp_attached_file]]></wp:meta_key>
							<wp:meta_value><![CDATA[2025/10/vintage-style-t5-led-christmas-lights.jpeg]]></wp:meta_value>
						</wp:postmeta>
												<wp:postmeta>
							<wp:meta_key><![CDATA[_wc_attachment_source]]></wp:meta_key>
							<wp:meta_value><![CDATA[http://dummy.xtemos.com/woodmart2/christmas-2-elementor/wp-content/uploads/sites/60/2025/10/vintage-style-t5-led-christmas-lights.jpeg]]></wp:meta_value>
						</wp:postmeta>
										</item>
								<item>
					<title><![CDATA[amanda-paper-star-christmas-decoration-3pack.jpeg]]></title>
					<link>https://dummy.xtemos.com/woodmart2/christmas-2-gutenberg/?attachment_id=99</link>
					<pubDate>Tue, 21 Oct 2025 08:42:33 +0000</pubDate>
					<dc:creator><![CDATA[Mr. Mackay]]></dc:creator>
					<guid isPermaLink="false">http://dummy.xtemos.com/woodmart2/christmas-2-gutenberg/wp-content/uploads/sites/61/2025/10/amanda-paper-star-christmas-decoration-3pack.jpeg</guid>
															<wp:post_id>99</wp:post_id>
					<wp:post_date><![CDATA[2025-10-21 08:42:33]]></wp:post_date>
					<wp:post_date_gmt><![CDATA[2025-10-21 08:42:33]]></wp:post_date_gmt>
					<wp:post_modified><![CDATA[2025-10-21 08:42:33]]></wp:post_modified>
					<wp:post_modified_gmt><![CDATA[2025-10-21 08:42:33]]></wp:post_modified_gmt>
					<wp:comment_status><![CDATA[open]]></wp:comment_status>
					<wp:post_name><![CDATA[amanda-paper-star-christmas-decoration-3pack-jpeg]]></wp:post_name>
					<wp:status><![CDATA[inherit]]></wp:status>
					<wp:post_parent>66</wp:post_parent>
					<wp:menu_order>0</wp:menu_order>
					<wp:post_type><![CDATA[attachment]]></wp:post_type>
											<wp:attachment_url><![CDATA[http://dummy.xtemos.com/woodmart2/christmas-2-gutenberg/wp-content/uploads/sites/61/2025/10/amanda-paper-star-christmas-decoration-3pack.jpeg]]></wp:attachment_url>
																					<wp:postmeta>
							<wp:meta_key><![CDATA[_wp_attached_file]]></wp:meta_key>
							<wp:meta_value><![CDATA[2025/10/amanda-paper-star-christmas-decoration-3pack.jpeg]]></wp:meta_value>
						</wp:postmeta>
												<wp:postmeta>
							<wp:meta_key><![CDATA[_wc_attachment_source]]></wp:meta_key>
							<wp:meta_value><![CDATA[http://dummy.xtemos.com/woodmart2/christmas-2-elementor/wp-content/uploads/sites/60/2025/10/amanda-paper-star-christmas-decoration-3pack.jpeg]]></wp:meta_value>
						</wp:postmeta>
										</item>
								<item>
					<title><![CDATA[lighthouse-city-h21.jpeg]]></title>
					<link>https://dummy.xtemos.com/woodmart2/christmas-2-gutenberg/?attachment_id=109</link>
					<pubDate>Tue, 21 Oct 2025 08:42:35 +0000</pubDate>
					<dc:creator><![CDATA[Mr. Mackay]]></dc:creator>
					<guid isPermaLink="false">http://dummy.xtemos.com/woodmart2/christmas-2-gutenberg/wp-content/uploads/sites/61/2025/10/lighthouse-city-h21.jpeg</guid>
															<wp:post_id>109</wp:post_id>
					<wp:post_date><![CDATA[2025-10-21 08:42:35]]></wp:post_date>
					<wp:post_date_gmt><![CDATA[2025-10-21 08:42:35]]></wp:post_date_gmt>
					<wp:post_modified><![CDATA[2025-10-21 08:42:35]]></wp:post_modified>
					<wp:post_modified_gmt><![CDATA[2025-10-21 08:42:35]]></wp:post_modified_gmt>
					<wp:comment_status><![CDATA[open]]></wp:comment_status>
					<wp:post_name><![CDATA[lighthouse-city-h21-jpeg]]></wp:post_name>
					<wp:status><![CDATA[inherit]]></wp:status>
					<wp:post_parent>69</wp:post_parent>
					<wp:menu_order>0</wp:menu_order>
					<wp:post_type><![CDATA[attachment]]></wp:post_type>
											<wp:attachment_url><![CDATA[http://dummy.xtemos.com/woodmart2/christmas-2-gutenberg/wp-content/uploads/sites/61/2025/10/lighthouse-city-h21.jpeg]]></wp:attachment_url>
																					<wp:postmeta>
							<wp:meta_key><![CDATA[_wp_attached_file]]></wp:meta_key>
							<wp:meta_value><![CDATA[2025/10/lighthouse-city-h21.jpeg]]></wp:meta_value>
						</wp:postmeta>
												<wp:postmeta>
							<wp:meta_key><![CDATA[_wc_attachment_source]]></wp:meta_key>
							<wp:meta_value><![CDATA[http://dummy.xtemos.com/woodmart2/christmas-2-elementor/wp-content/uploads/sites/60/2025/10/lighthouse-city-h21.jpeg]]></wp:meta_value>
						</wp:postmeta>
										</item>
								<item>
					<title><![CDATA[blue-fluted-christmas-bauble.jpeg]]></title>
					<link>https://dummy.xtemos.com/woodmart2/christmas-2-gutenberg/?attachment_id=118</link>
					<pubDate>Tue, 21 Oct 2025 08:42:37 +0000</pubDate>
					<dc:creator><![CDATA[Mr. Mackay]]></dc:creator>
					<guid isPermaLink="false">http://dummy.xtemos.com/woodmart2/christmas-2-gutenberg/wp-content/uploads/sites/61/2025/10/blue-fluted-christmas-bauble.jpeg</guid>
															<wp:post_id>118</wp:post_id>
					<wp:post_date><![CDATA[2025-10-21 08:42:37]]></wp:post_date>
					<wp:post_date_gmt><![CDATA[2025-10-21 08:42:37]]></wp:post_date_gmt>
					<wp:post_modified><![CDATA[2025-10-21 08:42:37]]></wp:post_modified>
					<wp:post_modified_gmt><![CDATA[2025-10-21 08:42:37]]></wp:post_modified_gmt>
					<wp:comment_status><![CDATA[open]]></wp:comment_status>
					<wp:post_name><![CDATA[blue-fluted-christmas-bauble-jpeg]]></wp:post_name>
					<wp:status><![CDATA[inherit]]></wp:status>
					<wp:post_parent>72</wp:post_parent>
					<wp:menu_order>0</wp:menu_order>
					<wp:post_type><![CDATA[attachment]]></wp:post_type>
											<wp:attachment_url><![CDATA[http://dummy.xtemos.com/woodmart2/christmas-2-gutenberg/wp-content/uploads/sites/61/2025/10/blue-fluted-christmas-bauble.jpeg]]></wp:attachment_url>
																					<wp:postmeta>
							<wp:meta_key><![CDATA[_wp_attached_file]]></wp:meta_key>
							<wp:meta_value><![CDATA[2025/10/blue-fluted-christmas-bauble.jpeg]]></wp:meta_value>
						</wp:postmeta>
												<wp:postmeta>
							<wp:meta_key><![CDATA[_wc_attachment_source]]></wp:meta_key>
							<wp:meta_value><![CDATA[http://dummy.xtemos.com/woodmart2/christmas-2-elementor/wp-content/uploads/sites/60/2025/10/blue-fluted-christmas-bauble.jpeg]]></wp:meta_value>
						</wp:postmeta>
										</item>
								<item>
					<title><![CDATA[multicolor-smart-christmas-lights.jpeg]]></title>
					<link>https://dummy.xtemos.com/woodmart2/christmas-2-gutenberg/?attachment_id=121</link>
					<pubDate>Tue, 21 Oct 2025 08:42:37 +0000</pubDate>
					<dc:creator><![CDATA[Mr. Mackay]]></dc:creator>
					<guid isPermaLink="false">http://dummy.xtemos.com/woodmart2/christmas-2-gutenberg/wp-content/uploads/sites/61/2025/10/multicolor-smart-christmas-lights.jpeg</guid>
															<wp:post_id>121</wp:post_id>
					<wp:post_date><![CDATA[2025-10-21 08:42:37]]></wp:post_date>
					<wp:post_date_gmt><![CDATA[2025-10-21 08:42:37]]></wp:post_date_gmt>
					<wp:post_modified><![CDATA[2025-10-21 08:42:37]]></wp:post_modified>
					<wp:post_modified_gmt><![CDATA[2025-10-21 08:42:37]]></wp:post_modified_gmt>
					<wp:comment_status><![CDATA[open]]></wp:comment_status>
					<wp:post_name><![CDATA[multicolor-smart-christmas-lights-jpeg]]></wp:post_name>
					<wp:status><![CDATA[inherit]]></wp:status>
					<wp:post_parent>73</wp:post_parent>
					<wp:menu_order>0</wp:menu_order>
					<wp:post_type><![CDATA[attachment]]></wp:post_type>
											<wp:attachment_url><![CDATA[http://dummy.xtemos.com/woodmart2/christmas-2-gutenberg/wp-content/uploads/sites/61/2025/10/multicolor-smart-christmas-lights.jpeg]]></wp:attachment_url>
																					<wp:postmeta>
							<wp:meta_key><![CDATA[_wp_attached_file]]></wp:meta_key>
							<wp:meta_value><![CDATA[2025/10/multicolor-smart-christmas-lights.jpeg]]></wp:meta_value>
						</wp:postmeta>
												<wp:postmeta>
							<wp:meta_key><![CDATA[_wc_attachment_source]]></wp:meta_key>
							<wp:meta_value><![CDATA[http://dummy.xtemos.com/woodmart2/christmas-2-elementor/wp-content/uploads/sites/60/2025/10/multicolor-smart-christmas-lights.jpeg]]></wp:meta_value>
						</wp:postmeta>
										</item>
								<item>
					<title><![CDATA[multicolored-premium-porcelain-bowl.jpeg]]></title>
					<link>https://dummy.xtemos.com/woodmart2/christmas-2-gutenberg/?attachment_id=124</link>
					<pubDate>Tue, 21 Oct 2025 08:42:38 +0000</pubDate>
					<dc:creator><![CDATA[Mr. Mackay]]></dc:creator>
					<guid isPermaLink="false">http://dummy.xtemos.com/woodmart2/christmas-2-gutenberg/wp-content/uploads/sites/61/2025/10/multicolored-premium-porcelain-bowl.jpeg</guid>
															<wp:post_id>124</wp:post_id>
					<wp:post_date><![CDATA[2025-10-21 08:42:38]]></wp:post_date>
					<wp:post_date_gmt><![CDATA[2025-10-21 08:42:38]]></wp:post_date_gmt>
					<wp:post_modified><![CDATA[2025-10-21 08:42:38]]></wp:post_modified>
					<wp:post_modified_gmt><![CDATA[2025-10-21 08:42:38]]></wp:post_modified_gmt>
					<wp:comment_status><![CDATA[open]]></wp:comment_status>
					<wp:post_name><![CDATA[multicolored-premium-porcelain-bowl-jpeg]]></wp:post_name>
					<wp:status><![CDATA[inherit]]></wp:status>
					<wp:post_parent>74</wp:post_parent>
					<wp:menu_order>0</wp:menu_order>
					<wp:post_type><![CDATA[attachment]]></wp:post_type>
											<wp:attachment_url><![CDATA[http://dummy.xtemos.com/woodmart2/christmas-2-gutenberg/wp-content/uploads/sites/61/2025/10/multicolored-premium-porcelain-bowl.jpeg]]></wp:attachment_url>
																					<wp:postmeta>
							<wp:meta_key><![CDATA[_wp_attached_file]]></wp:meta_key>
							<wp:meta_value><![CDATA[2025/10/multicolored-premium-porcelain-bowl.jpeg]]></wp:meta_value>
						</wp:postmeta>
												<wp:postmeta>
							<wp:meta_key><![CDATA[_wc_attachment_source]]></wp:meta_key>
							<wp:meta_value><![CDATA[http://dummy.xtemos.com/woodmart2/christmas-2-elementor/wp-content/uploads/sites/60/2025/10/multicolored-premium-porcelain-bowl.jpeg]]></wp:meta_value>
						</wp:postmeta>
										</item>
								<item>
					<title><![CDATA[lighthouse-large.jpeg]]></title>
					<link>https://dummy.xtemos.com/woodmart2/christmas-2-gutenberg/?attachment_id=128</link>
					<pubDate>Tue, 21 Oct 2025 08:42:38 +0000</pubDate>
					<dc:creator><![CDATA[Mr. Mackay]]></dc:creator>
					<guid isPermaLink="false">http://dummy.xtemos.com/woodmart2/christmas-2-gutenberg/wp-content/uploads/sites/61/2025/10/lighthouse-large.jpeg</guid>
															<wp:post_id>128</wp:post_id>
					<wp:post_date><![CDATA[2025-10-21 08:42:38]]></wp:post_date>
					<wp:post_date_gmt><![CDATA[2025-10-21 08:42:38]]></wp:post_date_gmt>
					<wp:post_modified><![CDATA[2025-10-21 08:42:38]]></wp:post_modified>
					<wp:post_modified_gmt><![CDATA[2025-10-21 08:42:38]]></wp:post_modified_gmt>
					<wp:comment_status><![CDATA[open]]></wp:comment_status>
					<wp:post_name><![CDATA[lighthouse-large-jpeg]]></wp:post_name>
					<wp:status><![CDATA[inherit]]></wp:status>
					<wp:post_parent>76</wp:post_parent>
					<wp:menu_order>0</wp:menu_order>
					<wp:post_type><![CDATA[attachment]]></wp:post_type>
											<wp:attachment_url><![CDATA[http://dummy.xtemos.com/woodmart2/christmas-2-gutenberg/wp-content/uploads/sites/61/2025/10/lighthouse-large.jpeg]]></wp:attachment_url>
																					<wp:postmeta>
							<wp:meta_key><![CDATA[_wp_attached_file]]></wp:meta_key>
							<wp:meta_value><![CDATA[2025/10/lighthouse-large.jpeg]]></wp:meta_value>
						</wp:postmeta>
												<wp:postmeta>
							<wp:meta_key><![CDATA[_wc_attachment_source]]></wp:meta_key>
							<wp:meta_value><![CDATA[http://dummy.xtemos.com/woodmart2/christmas-2-elementor/wp-content/uploads/sites/60/2025/10/lighthouse-large.jpeg]]></wp:meta_value>
						</wp:postmeta>
										</item>
								<item>
					<title><![CDATA[mini-christmas-lights-clear.jpeg]]></title>
					<link>https://dummy.xtemos.com/woodmart2/christmas-2-gutenberg/?attachment_id=156</link>
					<pubDate>Tue, 21 Oct 2025 08:42:44 +0000</pubDate>
					<dc:creator><![CDATA[Mr. Mackay]]></dc:creator>
					<guid isPermaLink="false">http://dummy.xtemos.com/woodmart2/christmas-2-gutenberg/wp-content/uploads/sites/61/2025/10/mini-christmas-lights-clear.jpeg</guid>
															<wp:post_id>156</wp:post_id>
					<wp:post_date><![CDATA[2025-10-21 08:42:44]]></wp:post_date>
					<wp:post_date_gmt><![CDATA[2025-10-21 08:42:44]]></wp:post_date_gmt>
					<wp:post_modified><![CDATA[2025-10-21 08:42:44]]></wp:post_modified>
					<wp:post_modified_gmt><![CDATA[2025-10-21 08:42:44]]></wp:post_modified_gmt>
					<wp:comment_status><![CDATA[open]]></wp:comment_status>
					<wp:post_name><![CDATA[mini-christmas-lights-clear-jpeg]]></wp:post_name>
					<wp:status><![CDATA[inherit]]></wp:status>
					<wp:post_parent>141</wp:post_parent>
					<wp:menu_order>0</wp:menu_order>
					<wp:post_type><![CDATA[attachment]]></wp:post_type>
											<wp:attachment_url><![CDATA[http://dummy.xtemos.com/woodmart2/christmas-2-gutenberg/wp-content/uploads/sites/61/2025/10/mini-christmas-lights-clear.jpeg]]></wp:attachment_url>
																					<wp:postmeta>
							<wp:meta_key><![CDATA[_wp_attached_file]]></wp:meta_key>
							<wp:meta_value><![CDATA[2025/10/mini-christmas-lights-clear.jpeg]]></wp:meta_value>
						</wp:postmeta>
												<wp:postmeta>
							<wp:meta_key><![CDATA[_wc_attachment_source]]></wp:meta_key>
							<wp:meta_value><![CDATA[http://dummy.xtemos.com/woodmart2/christmas-2-elementor/wp-content/uploads/sites/60/2025/10/mini-christmas-lights-clear.jpeg]]></wp:meta_value>
						</wp:postmeta>
										</item>
				</channel>
</rss>
	