<?xml version="1.0" encoding="UTF-8" ?>
	<!-- This is a WordPress eXtended RSS file generated by WordPress as an export of your site. -->
	<!-- It contains information about your site's posts, pages, comments, categories, and other content. -->
	<!-- You may use this file to transfer that content from one site to another. -->
	<!-- This file is not intended to serve as a complete backup of your site. -->

	<!-- To import this information into a WordPress site follow these steps: -->
	<!-- 1. Log in to that site as an administrator. -->
	<!-- 2. Go to Tools: Import in the WordPress admin panel. -->
	<!-- 3. Install the "WordPress" importer from the list. -->
	<!-- 4. Activate & Run Importer. -->
	<!-- 5. Upload this file using the form provided on that page. -->
	<!-- 6. You will first be asked to map the authors in this export file to users -->
	<!--    on the site. For each author, you may choose to map to an -->
	<!--    existing user on the site or to create a new user. -->
	<!-- 7. WordPress will then import each of the posts, pages, comments, categories, etc. -->
	<!--    contained in this file into your site. -->

	<!-- generator="WordPress/6.7.4" created="2025-10-27 13:54" -->
<rss version="2.0"
	xmlns:excerpt="http://wordpress.org/export/1.2/excerpt/"
	xmlns:content="http://purl.org/rss/1.0/modules/content/"
	xmlns:wfw="http://wellformedweb.org/CommentAPI/"
	xmlns:dc="http://purl.org/dc/elements/1.1/"
	xmlns:wp="http://wordpress.org/export/1.2/"
>

<channel>
	<title>christmas-2-gutenberg</title>
	<link>https://dummy.xtemos.com/woodmart2/christmas-2-gutenberg</link>
	<description></description>
	<pubDate>Mon, 27 Oct 2025 13:54:30 +0000</pubDate>
	<language>en-US</language>
	<wp:wxr_version>1.2</wp:wxr_version>
	<wp:base_site_url>https://dummy.xtemos.com/woodmart2/</wp:base_site_url>
	<wp:base_blog_url>https://dummy.xtemos.com/woodmart2/christmas-2-gutenberg</wp:base_blog_url>

	
					<wp:term>
			<wp:term_id>0</wp:term_id>
			<wp:term_taxonomy><![CDATA[]]></wp:term_taxonomy>
			<wp:term_slug><![CDATA[]]></wp:term_slug>
			<wp:term_parent><![CDATA[]]></wp:term_parent>
					</wp:term>
		
	<generator>https://wordpress.org/?v=6.7.4</generator>

					<item>
					<title><![CDATA[multicolor]]></title>
					<link>https://dummy.xtemos.com/woodmart2/christmas-2-gutenberg/multicolor/</link>
					<pubDate>Wed, 22 Oct 2025 11:55:42 +0000</pubDate>
					<dc:creator><![CDATA[Mr. Mackay]]></dc:creator>
					<guid isPermaLink="false">http://dummy.xtemos.com/woodmart2/christmas-2-gutenberg/wp-content/uploads/sites/61/2025/10/multicolor.svg</guid>
															<wp:post_id>177</wp:post_id>
					<wp:post_date><![CDATA[2025-10-22 11:55:42]]></wp:post_date>
					<wp:post_date_gmt><![CDATA[2025-10-22 11:55:42]]></wp:post_date_gmt>
					<wp:post_modified><![CDATA[2025-10-22 11:55:42]]></wp:post_modified>
					<wp:post_modified_gmt><![CDATA[2025-10-22 11:55:42]]></wp:post_modified_gmt>
					<wp:comment_status><![CDATA[open]]></wp:comment_status>
					<wp:post_name><![CDATA[multicolor]]></wp:post_name>
					<wp:status><![CDATA[inherit]]></wp:status>
					<wp:post_parent>0</wp:post_parent>
					<wp:menu_order>0</wp:menu_order>
					<wp:post_type><![CDATA[attachment]]></wp:post_type>
											<wp:attachment_url><![CDATA[http://dummy.xtemos.com/woodmart2/christmas-2-gutenberg/wp-content/uploads/sites/61/2025/10/multicolor.svg]]></wp:attachment_url>
																					<wp:postmeta>
							<wp:meta_key><![CDATA[_wp_attached_file]]></wp:meta_key>
							<wp:meta_value><![CDATA[2025/10/multicolor.svg]]></wp:meta_value>
						</wp:postmeta>
										</item>
								<item>
					<title><![CDATA[xms-flag-us]]></title>
					<link>https://dummy.xtemos.com/woodmart2/christmas-2-gutenberg/?attachment_id=195</link>
					<pubDate>Wed, 22 Oct 2025 11:59:49 +0000</pubDate>
					<dc:creator><![CDATA[Mr. Mackay]]></dc:creator>
					<guid isPermaLink="false">http://dummy.xtemos.com/woodmart2/christmas-2-gutenberg/wp-content/uploads/sites/61/2025/10/xms-flag-us.svg</guid>
															<wp:post_id>195</wp:post_id>
					<wp:post_date><![CDATA[2025-10-22 11:59:49]]></wp:post_date>
					<wp:post_date_gmt><![CDATA[2025-10-22 11:59:49]]></wp:post_date_gmt>
					<wp:post_modified><![CDATA[2025-10-22 11:59:49]]></wp:post_modified>
					<wp:post_modified_gmt><![CDATA[2025-10-22 11:59:49]]></wp:post_modified_gmt>
					<wp:comment_status><![CDATA[open]]></wp:comment_status>
					<wp:post_name><![CDATA[xms-flag-us]]></wp:post_name>
					<wp:status><![CDATA[inherit]]></wp:status>
					<wp:post_parent>192</wp:post_parent>
					<wp:menu_order>0</wp:menu_order>
					<wp:post_type><![CDATA[attachment]]></wp:post_type>
											<wp:attachment_url><![CDATA[http://dummy.xtemos.com/woodmart2/christmas-2-gutenberg/wp-content/uploads/sites/61/2025/10/xms-flag-us.svg]]></wp:attachment_url>
																					<wp:postmeta>
							<wp:meta_key><![CDATA[_wp_attached_file]]></wp:meta_key>
							<wp:meta_value><![CDATA[2025/10/xms-flag-us.svg]]></wp:meta_value>
						</wp:postmeta>
										</item>
								<item>
					<title><![CDATA[xms-flag-det]]></title>
					<link>https://dummy.xtemos.com/woodmart2/christmas-2-gutenberg/?attachment_id=196</link>
					<pubDate>Wed, 22 Oct 2025 11:59:59 +0000</pubDate>
					<dc:creator><![CDATA[Mr. Mackay]]></dc:creator>
					<guid isPermaLink="false">http://dummy.xtemos.com/woodmart2/christmas-2-gutenberg/wp-content/uploads/sites/61/2025/10/xms-flag-det.svg</guid>
															<wp:post_id>196</wp:post_id>
					<wp:post_date><![CDATA[2025-10-22 11:59:59]]></wp:post_date>
					<wp:post_date_gmt><![CDATA[2025-10-22 11:59:59]]></wp:post_date_gmt>
					<wp:post_modified><![CDATA[2025-10-22 11:59:59]]></wp:post_modified>
					<wp:post_modified_gmt><![CDATA[2025-10-22 11:59:59]]></wp:post_modified_gmt>
					<wp:comment_status><![CDATA[open]]></wp:comment_status>
					<wp:post_name><![CDATA[xms-flag-det]]></wp:post_name>
					<wp:status><![CDATA[inherit]]></wp:status>
					<wp:post_parent>192</wp:post_parent>
					<wp:menu_order>0</wp:menu_order>
					<wp:post_type><![CDATA[attachment]]></wp:post_type>
											<wp:attachment_url><![CDATA[http://dummy.xtemos.com/woodmart2/christmas-2-gutenberg/wp-content/uploads/sites/61/2025/10/xms-flag-det.svg]]></wp:attachment_url>
																					<wp:postmeta>
							<wp:meta_key><![CDATA[_wp_attached_file]]></wp:meta_key>
							<wp:meta_value><![CDATA[2025/10/xms-flag-det.svg]]></wp:meta_value>
						</wp:postmeta>
										</item>
								<item>
					<title><![CDATA[xms-flag-uk]]></title>
					<link>https://dummy.xtemos.com/woodmart2/christmas-2-gutenberg/?attachment_id=197</link>
					<pubDate>Wed, 22 Oct 2025 12:00:11 +0000</pubDate>
					<dc:creator><![CDATA[Mr. Mackay]]></dc:creator>
					<guid isPermaLink="false">http://dummy.xtemos.com/woodmart2/christmas-2-gutenberg/wp-content/uploads/sites/61/2025/10/xms-flag-uk.svg</guid>
															<wp:post_id>197</wp:post_id>
					<wp:post_date><![CDATA[2025-10-22 12:00:11]]></wp:post_date>
					<wp:post_date_gmt><![CDATA[2025-10-22 12:00:11]]></wp:post_date_gmt>
					<wp:post_modified><![CDATA[2025-10-22 12:00:11]]></wp:post_modified>
					<wp:post_modified_gmt><![CDATA[2025-10-22 12:00:11]]></wp:post_modified_gmt>
					<wp:comment_status><![CDATA[open]]></wp:comment_status>
					<wp:post_name><![CDATA[xms-flag-uk]]></wp:post_name>
					<wp:status><![CDATA[inherit]]></wp:status>
					<wp:post_parent>192</wp:post_parent>
					<wp:menu_order>0</wp:menu_order>
					<wp:post_type><![CDATA[attachment]]></wp:post_type>
											<wp:attachment_url><![CDATA[http://dummy.xtemos.com/woodmart2/christmas-2-gutenberg/wp-content/uploads/sites/61/2025/10/xms-flag-uk.svg]]></wp:attachment_url>
																					<wp:postmeta>
							<wp:meta_key><![CDATA[_wp_attached_file]]></wp:meta_key>
							<wp:meta_value><![CDATA[2025/10/xms-flag-uk.svg]]></wp:meta_value>
						</wp:postmeta>
										</item>
								<item>
					<title><![CDATA[xms-logo-default]]></title>
					<link>https://dummy.xtemos.com/woodmart2/christmas-2-gutenberg/xms-logo-default/</link>
					<pubDate>Wed, 22 Oct 2025 12:00:43 +0000</pubDate>
					<dc:creator><![CDATA[Mr. Mackay]]></dc:creator>
					<guid isPermaLink="false">http://dummy.xtemos.com/woodmart2/christmas-2-gutenberg/wp-content/uploads/sites/61/2025/10/xms-logo-default.svg</guid>
															<wp:post_id>198</wp:post_id>
					<wp:post_date><![CDATA[2025-10-22 12:00:43]]></wp:post_date>
					<wp:post_date_gmt><![CDATA[2025-10-22 12:00:43]]></wp:post_date_gmt>
					<wp:post_modified><![CDATA[2025-10-22 12:00:43]]></wp:post_modified>
					<wp:post_modified_gmt><![CDATA[2025-10-22 12:00:43]]></wp:post_modified_gmt>
					<wp:comment_status><![CDATA[open]]></wp:comment_status>
					<wp:post_name><![CDATA[xms-logo-default]]></wp:post_name>
					<wp:status><![CDATA[inherit]]></wp:status>
					<wp:post_parent>0</wp:post_parent>
					<wp:menu_order>0</wp:menu_order>
					<wp:post_type><![CDATA[attachment]]></wp:post_type>
											<wp:attachment_url><![CDATA[http://dummy.xtemos.com/woodmart2/christmas-2-gutenberg/wp-content/uploads/sites/61/2025/10/xms-logo-default.svg]]></wp:attachment_url>
																					<wp:postmeta>
							<wp:meta_key><![CDATA[_wp_attached_file]]></wp:meta_key>
							<wp:meta_value><![CDATA[2025/10/xms-logo-default.svg]]></wp:meta_value>
						</wp:postmeta>
										</item>
								<item>
					<title><![CDATA[xms-logo-footer]]></title>
					<link>https://dummy.xtemos.com/woodmart2/christmas-2-gutenberg/?attachment_id=203</link>
					<pubDate>Wed, 22 Oct 2025 12:03:04 +0000</pubDate>
					<dc:creator><![CDATA[Mr. Mackay]]></dc:creator>
					<guid isPermaLink="false">http://dummy.xtemos.com/woodmart2/christmas-2-gutenberg/wp-content/uploads/sites/61/2025/10/xms-logo-footer.svg</guid>
															<wp:post_id>203</wp:post_id>
					<wp:post_date><![CDATA[2025-10-22 12:03:04]]></wp:post_date>
					<wp:post_date_gmt><![CDATA[2025-10-22 12:03:04]]></wp:post_date_gmt>
					<wp:post_modified><![CDATA[2025-10-22 12:03:04]]></wp:post_modified>
					<wp:post_modified_gmt><![CDATA[2025-10-22 12:03:04]]></wp:post_modified_gmt>
					<wp:comment_status><![CDATA[open]]></wp:comment_status>
					<wp:post_name><![CDATA[xms-logo-footer]]></wp:post_name>
					<wp:status><![CDATA[inherit]]></wp:status>
					<wp:post_parent>202</wp:post_parent>
					<wp:menu_order>0</wp:menu_order>
					<wp:post_type><![CDATA[attachment]]></wp:post_type>
											<wp:attachment_url><![CDATA[http://dummy.xtemos.com/woodmart2/christmas-2-gutenberg/wp-content/uploads/sites/61/2025/10/xms-logo-footer.svg]]></wp:attachment_url>
																					<wp:postmeta>
							<wp:meta_key><![CDATA[_wp_attached_file]]></wp:meta_key>
							<wp:meta_value><![CDATA[2025/10/xms-logo-footer.svg]]></wp:meta_value>
						</wp:postmeta>
										</item>
								<item>
					<title><![CDATA[xms-about-us-bg-opt]]></title>
					<link>https://dummy.xtemos.com/woodmart2/christmas-2-gutenberg/about-us/xms-about-us-bg-opt/</link>
					<pubDate>Wed, 22 Oct 2025 12:30:50 +0000</pubDate>
					<dc:creator><![CDATA[Mr. Mackay]]></dc:creator>
					<guid isPermaLink="false">http://dummy.xtemos.com/woodmart2/christmas-2-gutenberg/wp-content/uploads/sites/61/2025/10/xms-about-us-bg-opt.jpg</guid>
															<wp:post_id>245</wp:post_id>
					<wp:post_date><![CDATA[2025-10-22 12:30:50]]></wp:post_date>
					<wp:post_date_gmt><![CDATA[2025-10-22 12:30:50]]></wp:post_date_gmt>
					<wp:post_modified><![CDATA[2025-10-22 12:30:50]]></wp:post_modified>
					<wp:post_modified_gmt><![CDATA[2025-10-22 12:30:50]]></wp:post_modified_gmt>
					<wp:comment_status><![CDATA[open]]></wp:comment_status>
					<wp:post_name><![CDATA[xms-about-us-bg-opt]]></wp:post_name>
					<wp:status><![CDATA[inherit]]></wp:status>
					<wp:post_parent>171</wp:post_parent>
					<wp:menu_order>0</wp:menu_order>
					<wp:post_type><![CDATA[attachment]]></wp:post_type>
											<wp:attachment_url><![CDATA[http://dummy.xtemos.com/woodmart2/christmas-2-gutenberg/wp-content/uploads/sites/61/2025/10/xms-about-us-bg-opt.jpg]]></wp:attachment_url>
																					<wp:postmeta>
							<wp:meta_key><![CDATA[_wp_attached_file]]></wp:meta_key>
							<wp:meta_value><![CDATA[2025/10/xms-about-us-bg-opt.jpg]]></wp:meta_value>
						</wp:postmeta>
										</item>
								<item>
					<title><![CDATA[xms-about-us-img-gifts-opt]]></title>
					<link>https://dummy.xtemos.com/woodmart2/christmas-2-gutenberg/about-us/xms-about-us-img-gifts-opt/</link>
					<pubDate>Wed, 22 Oct 2025 12:31:04 +0000</pubDate>
					<dc:creator><![CDATA[Mr. Mackay]]></dc:creator>
					<guid isPermaLink="false">http://dummy.xtemos.com/woodmart2/christmas-2-gutenberg/wp-content/uploads/sites/61/2025/10/xms-about-us-img-gifts-opt.jpg</guid>
															<wp:post_id>247</wp:post_id>
					<wp:post_date><![CDATA[2025-10-22 12:31:04]]></wp:post_date>
					<wp:post_date_gmt><![CDATA[2025-10-22 12:31:04]]></wp:post_date_gmt>
					<wp:post_modified><![CDATA[2025-10-22 12:31:04]]></wp:post_modified>
					<wp:post_modified_gmt><![CDATA[2025-10-22 12:31:04]]></wp:post_modified_gmt>
					<wp:comment_status><![CDATA[open]]></wp:comment_status>
					<wp:post_name><![CDATA[xms-about-us-img-gifts-opt]]></wp:post_name>
					<wp:status><![CDATA[inherit]]></wp:status>
					<wp:post_parent>171</wp:post_parent>
					<wp:menu_order>0</wp:menu_order>
					<wp:post_type><![CDATA[attachment]]></wp:post_type>
											<wp:attachment_url><![CDATA[http://dummy.xtemos.com/woodmart2/christmas-2-gutenberg/wp-content/uploads/sites/61/2025/10/xms-about-us-img-gifts-opt.jpg]]></wp:attachment_url>
																					<wp:postmeta>
							<wp:meta_key><![CDATA[_wp_attached_file]]></wp:meta_key>
							<wp:meta_value><![CDATA[2025/10/xms-about-us-img-gifts-opt.jpg]]></wp:meta_value>
						</wp:postmeta>
										</item>
								<item>
					<title><![CDATA[xms-about-us-img-christmas-tree-opt]]></title>
					<link>https://dummy.xtemos.com/woodmart2/christmas-2-gutenberg/about-us/xms-about-us-img-christmas-tree-opt/</link>
					<pubDate>Wed, 22 Oct 2025 12:31:12 +0000</pubDate>
					<dc:creator><![CDATA[Mr. Mackay]]></dc:creator>
					<guid isPermaLink="false">http://dummy.xtemos.com/woodmart2/christmas-2-gutenberg/wp-content/uploads/sites/61/2025/10/xms-about-us-img-christmas-tree-opt.jpg</guid>
															<wp:post_id>248</wp:post_id>
					<wp:post_date><![CDATA[2025-10-22 12:31:12]]></wp:post_date>
					<wp:post_date_gmt><![CDATA[2025-10-22 12:31:12]]></wp:post_date_gmt>
					<wp:post_modified><![CDATA[2025-10-22 12:31:12]]></wp:post_modified>
					<wp:post_modified_gmt><![CDATA[2025-10-22 12:31:12]]></wp:post_modified_gmt>
					<wp:comment_status><![CDATA[open]]></wp:comment_status>
					<wp:post_name><![CDATA[xms-about-us-img-christmas-tree-opt]]></wp:post_name>
					<wp:status><![CDATA[inherit]]></wp:status>
					<wp:post_parent>171</wp:post_parent>
					<wp:menu_order>0</wp:menu_order>
					<wp:post_type><![CDATA[attachment]]></wp:post_type>
											<wp:attachment_url><![CDATA[http://dummy.xtemos.com/woodmart2/christmas-2-gutenberg/wp-content/uploads/sites/61/2025/10/xms-about-us-img-christmas-tree-opt.jpg]]></wp:attachment_url>
																					<wp:postmeta>
							<wp:meta_key><![CDATA[_wp_attached_file]]></wp:meta_key>
							<wp:meta_value><![CDATA[2025/10/xms-about-us-img-christmas-tree-opt.jpg]]></wp:meta_value>
						</wp:postmeta>
										</item>
								<item>
					<title><![CDATA[xms-about-us-video-decorations]]></title>
					<link>https://dummy.xtemos.com/woodmart2/christmas-2-gutenberg/about-us/xms-about-us-video-decorations/</link>
					<pubDate>Wed, 22 Oct 2025 12:31:25 +0000</pubDate>
					<dc:creator><![CDATA[Mr. Mackay]]></dc:creator>
					<guid isPermaLink="false">http://dummy.xtemos.com/woodmart2/christmas-2-gutenberg/wp-content/uploads/sites/61/2025/10/xms-about-us-video-decorations.mp4</guid>
															<wp:post_id>249</wp:post_id>
					<wp:post_date><![CDATA[2025-10-22 12:31:25]]></wp:post_date>
					<wp:post_date_gmt><![CDATA[2025-10-22 12:31:25]]></wp:post_date_gmt>
					<wp:post_modified><![CDATA[2025-10-22 12:31:25]]></wp:post_modified>
					<wp:post_modified_gmt><![CDATA[2025-10-22 12:31:25]]></wp:post_modified_gmt>
					<wp:comment_status><![CDATA[open]]></wp:comment_status>
					<wp:post_name><![CDATA[xms-about-us-video-decorations]]></wp:post_name>
					<wp:status><![CDATA[inherit]]></wp:status>
					<wp:post_parent>171</wp:post_parent>
					<wp:menu_order>0</wp:menu_order>
					<wp:post_type><![CDATA[attachment]]></wp:post_type>
											<wp:attachment_url><![CDATA[http://dummy.xtemos.com/woodmart2/christmas-2-gutenberg/wp-content/uploads/sites/61/2025/10/xms-about-us-video-decorations.mp4]]></wp:attachment_url>
																					<wp:postmeta>
							<wp:meta_key><![CDATA[_wp_attached_file]]></wp:meta_key>
							<wp:meta_value><![CDATA[2025/10/xms-about-us-video-decorations.mp4]]></wp:meta_value>
						</wp:postmeta>
										</item>
								<item>
					<title><![CDATA[xms-about-us-row-opt]]></title>
					<link>https://dummy.xtemos.com/woodmart2/christmas-2-gutenberg/about-us/xms-about-us-row-opt/</link>
					<pubDate>Wed, 22 Oct 2025 12:31:39 +0000</pubDate>
					<dc:creator><![CDATA[Mr. Mackay]]></dc:creator>
					<guid isPermaLink="false">http://dummy.xtemos.com/woodmart2/christmas-2-gutenberg/wp-content/uploads/sites/61/2025/10/xms-about-us-row-opt.jpg</guid>
															<wp:post_id>250</wp:post_id>
					<wp:post_date><![CDATA[2025-10-22 12:31:39]]></wp:post_date>
					<wp:post_date_gmt><![CDATA[2025-10-22 12:31:39]]></wp:post_date_gmt>
					<wp:post_modified><![CDATA[2025-10-22 12:31:39]]></wp:post_modified>
					<wp:post_modified_gmt><![CDATA[2025-10-22 12:31:39]]></wp:post_modified_gmt>
					<wp:comment_status><![CDATA[open]]></wp:comment_status>
					<wp:post_name><![CDATA[xms-about-us-row-opt]]></wp:post_name>
					<wp:status><![CDATA[inherit]]></wp:status>
					<wp:post_parent>171</wp:post_parent>
					<wp:menu_order>0</wp:menu_order>
					<wp:post_type><![CDATA[attachment]]></wp:post_type>
											<wp:attachment_url><![CDATA[http://dummy.xtemos.com/woodmart2/christmas-2-gutenberg/wp-content/uploads/sites/61/2025/10/xms-about-us-row-opt.jpg]]></wp:attachment_url>
																					<wp:postmeta>
							<wp:meta_key><![CDATA[_wp_attached_file]]></wp:meta_key>
							<wp:meta_value><![CDATA[2025/10/xms-about-us-row-opt.jpg]]></wp:meta_value>
						</wp:postmeta>
										</item>
								<item>
					<title><![CDATA[c2-tm-p-7]]></title>
					<link>https://dummy.xtemos.com/woodmart2/christmas-2-gutenberg/about-us/c2-tm-p-7/</link>
					<pubDate>Wed, 22 Oct 2025 12:31:54 +0000</pubDate>
					<dc:creator><![CDATA[Mr. Mackay]]></dc:creator>
					<guid isPermaLink="false">http://dummy.xtemos.com/woodmart2/christmas-2-gutenberg/wp-content/uploads/sites/61/2025/10/c2-tm-p-7.png</guid>
															<wp:post_id>251</wp:post_id>
					<wp:post_date><![CDATA[2025-10-22 12:31:54]]></wp:post_date>
					<wp:post_date_gmt><![CDATA[2025-10-22 12:31:54]]></wp:post_date_gmt>
					<wp:post_modified><![CDATA[2025-10-22 12:31:54]]></wp:post_modified>
					<wp:post_modified_gmt><![CDATA[2025-10-22 12:31:54]]></wp:post_modified_gmt>
					<wp:comment_status><![CDATA[open]]></wp:comment_status>
					<wp:post_name><![CDATA[c2-tm-p-7]]></wp:post_name>
					<wp:status><![CDATA[inherit]]></wp:status>
					<wp:post_parent>171</wp:post_parent>
					<wp:menu_order>0</wp:menu_order>
					<wp:post_type><![CDATA[attachment]]></wp:post_type>
											<wp:attachment_url><![CDATA[http://dummy.xtemos.com/woodmart2/christmas-2-gutenberg/wp-content/uploads/sites/61/2025/10/c2-tm-p-7.png]]></wp:attachment_url>
																					<wp:postmeta>
							<wp:meta_key><![CDATA[_wp_attached_file]]></wp:meta_key>
							<wp:meta_value><![CDATA[2025/10/c2-tm-p-7.png]]></wp:meta_value>
						</wp:postmeta>
										</item>
								<item>
					<title><![CDATA[c2-tm-p-9]]></title>
					<link>https://dummy.xtemos.com/woodmart2/christmas-2-gutenberg/about-us/c2-tm-p-9/</link>
					<pubDate>Wed, 22 Oct 2025 12:32:05 +0000</pubDate>
					<dc:creator><![CDATA[Mr. Mackay]]></dc:creator>
					<guid isPermaLink="false">http://dummy.xtemos.com/woodmart2/christmas-2-gutenberg/wp-content/uploads/sites/61/2025/10/c2-tm-p-9.png</guid>
															<wp:post_id>252</wp:post_id>
					<wp:post_date><![CDATA[2025-10-22 12:32:05]]></wp:post_date>
					<wp:post_date_gmt><![CDATA[2025-10-22 12:32:05]]></wp:post_date_gmt>
					<wp:post_modified><![CDATA[2025-10-22 12:32:05]]></wp:post_modified>
					<wp:post_modified_gmt><![CDATA[2025-10-22 12:32:05]]></wp:post_modified_gmt>
					<wp:comment_status><![CDATA[open]]></wp:comment_status>
					<wp:post_name><![CDATA[c2-tm-p-9]]></wp:post_name>
					<wp:status><![CDATA[inherit]]></wp:status>
					<wp:post_parent>171</wp:post_parent>
					<wp:menu_order>0</wp:menu_order>
					<wp:post_type><![CDATA[attachment]]></wp:post_type>
											<wp:attachment_url><![CDATA[http://dummy.xtemos.com/woodmart2/christmas-2-gutenberg/wp-content/uploads/sites/61/2025/10/c2-tm-p-9.png]]></wp:attachment_url>
																					<wp:postmeta>
							<wp:meta_key><![CDATA[_wp_attached_file]]></wp:meta_key>
							<wp:meta_value><![CDATA[2025/10/c2-tm-p-9.png]]></wp:meta_value>
						</wp:postmeta>
										</item>
								<item>
					<title><![CDATA[xms-blog-post-video-opt]]></title>
					<link>https://dummy.xtemos.com/woodmart2/christmas-2-gutenberg/portfolio/the-future-of-fashion-tech-trends-and-total-transformation/xms-blog-post-video-opt/</link>
					<pubDate>Wed, 22 Oct 2025 12:45:45 +0000</pubDate>
					<dc:creator><![CDATA[Mr. Mackay]]></dc:creator>
					<guid isPermaLink="false">http://dummy.xtemos.com/woodmart2/christmas-2-gutenberg/wp-content/uploads/sites/61/2025/10/xms-blog-post-video-opt.jpg</guid>
															<wp:post_id>288</wp:post_id>
					<wp:post_date><![CDATA[2025-10-22 12:45:45]]></wp:post_date>
					<wp:post_date_gmt><![CDATA[2025-10-22 12:45:45]]></wp:post_date_gmt>
					<wp:post_modified><![CDATA[2025-10-22 12:45:45]]></wp:post_modified>
					<wp:post_modified_gmt><![CDATA[2025-10-22 12:45:45]]></wp:post_modified_gmt>
					<wp:comment_status><![CDATA[open]]></wp:comment_status>
					<wp:post_name><![CDATA[xms-blog-post-video-opt]]></wp:post_name>
					<wp:status><![CDATA[inherit]]></wp:status>
					<wp:post_parent>282</wp:post_parent>
					<wp:menu_order>0</wp:menu_order>
					<wp:post_type><![CDATA[attachment]]></wp:post_type>
											<wp:attachment_url><![CDATA[http://dummy.xtemos.com/woodmart2/christmas-2-gutenberg/wp-content/uploads/sites/61/2025/10/xms-blog-post-video-opt.jpg]]></wp:attachment_url>
																					<wp:postmeta>
							<wp:meta_key><![CDATA[_wp_attached_file]]></wp:meta_key>
							<wp:meta_value><![CDATA[2025/10/xms-blog-post-video-opt.jpg]]></wp:meta_value>
						</wp:postmeta>
										</item>
								<item>
					<title><![CDATA[xms-blog-post-img-5-opt]]></title>
					<link>https://dummy.xtemos.com/woodmart2/christmas-2-gutenberg/portfolio/the-future-of-fashion-tech-trends-and-total-transformation/xms-blog-post-img-5-opt/</link>
					<pubDate>Wed, 22 Oct 2025 12:46:01 +0000</pubDate>
					<dc:creator><![CDATA[Mr. Mackay]]></dc:creator>
					<guid isPermaLink="false">http://dummy.xtemos.com/woodmart2/christmas-2-gutenberg/wp-content/uploads/sites/61/2025/10/xms-blog-post-img-5-opt.jpg</guid>
															<wp:post_id>290</wp:post_id>
					<wp:post_date><![CDATA[2025-10-22 12:46:01]]></wp:post_date>
					<wp:post_date_gmt><![CDATA[2025-10-22 12:46:01]]></wp:post_date_gmt>
					<wp:post_modified><![CDATA[2025-10-22 12:46:01]]></wp:post_modified>
					<wp:post_modified_gmt><![CDATA[2025-10-22 12:46:01]]></wp:post_modified_gmt>
					<wp:comment_status><![CDATA[open]]></wp:comment_status>
					<wp:post_name><![CDATA[xms-blog-post-img-5-opt]]></wp:post_name>
					<wp:status><![CDATA[inherit]]></wp:status>
					<wp:post_parent>282</wp:post_parent>
					<wp:menu_order>0</wp:menu_order>
					<wp:post_type><![CDATA[attachment]]></wp:post_type>
											<wp:attachment_url><![CDATA[http://dummy.xtemos.com/woodmart2/christmas-2-gutenberg/wp-content/uploads/sites/61/2025/10/xms-blog-post-img-5-opt.jpg]]></wp:attachment_url>
																					<wp:postmeta>
							<wp:meta_key><![CDATA[_wp_attached_file]]></wp:meta_key>
							<wp:meta_value><![CDATA[2025/10/xms-blog-post-img-5-opt.jpg]]></wp:meta_value>
						</wp:postmeta>
										</item>
								<item>
					<title><![CDATA[xms-blog-post-img-6-opt]]></title>
					<link>https://dummy.xtemos.com/woodmart2/christmas-2-gutenberg/portfolio/the-future-of-fashion-tech-trends-and-total-transformation/xms-blog-post-img-6-opt/</link>
					<pubDate>Wed, 22 Oct 2025 12:46:02 +0000</pubDate>
					<dc:creator><![CDATA[Mr. Mackay]]></dc:creator>
					<guid isPermaLink="false">http://dummy.xtemos.com/woodmart2/christmas-2-gutenberg/wp-content/uploads/sites/61/2025/10/xms-blog-post-img-6-opt.jpg</guid>
															<wp:post_id>291</wp:post_id>
					<wp:post_date><![CDATA[2025-10-22 12:46:02]]></wp:post_date>
					<wp:post_date_gmt><![CDATA[2025-10-22 12:46:02]]></wp:post_date_gmt>
					<wp:post_modified><![CDATA[2025-10-22 12:46:02]]></wp:post_modified>
					<wp:post_modified_gmt><![CDATA[2025-10-22 12:46:02]]></wp:post_modified_gmt>
					<wp:comment_status><![CDATA[open]]></wp:comment_status>
					<wp:post_name><![CDATA[xms-blog-post-img-6-opt]]></wp:post_name>
					<wp:status><![CDATA[inherit]]></wp:status>
					<wp:post_parent>282</wp:post_parent>
					<wp:menu_order>0</wp:menu_order>
					<wp:post_type><![CDATA[attachment]]></wp:post_type>
											<wp:attachment_url><![CDATA[http://dummy.xtemos.com/woodmart2/christmas-2-gutenberg/wp-content/uploads/sites/61/2025/10/xms-blog-post-img-6-opt.jpg]]></wp:attachment_url>
																					<wp:postmeta>
							<wp:meta_key><![CDATA[_wp_attached_file]]></wp:meta_key>
							<wp:meta_value><![CDATA[2025/10/xms-blog-post-img-6-opt.jpg]]></wp:meta_value>
						</wp:postmeta>
										</item>
								<item>
					<title><![CDATA[xms-float-promo-bg-opt]]></title>
					<link>https://dummy.xtemos.com/woodmart2/christmas-2-gutenberg/?attachment_id=327</link>
					<pubDate>Wed, 22 Oct 2025 16:20:27 +0000</pubDate>
					<dc:creator><![CDATA[Mr. Mackay]]></dc:creator>
					<guid isPermaLink="false">http://dummy.xtemos.com/woodmart2/christmas-2-gutenberg/wp-content/uploads/sites/61/2025/10/xms-float-promo-bg-opt.jpg</guid>
															<wp:post_id>327</wp:post_id>
					<wp:post_date><![CDATA[2025-10-22 16:20:27]]></wp:post_date>
					<wp:post_date_gmt><![CDATA[2025-10-22 16:20:27]]></wp:post_date_gmt>
					<wp:post_modified><![CDATA[2025-10-22 16:20:27]]></wp:post_modified>
					<wp:post_modified_gmt><![CDATA[2025-10-22 16:20:27]]></wp:post_modified_gmt>
					<wp:comment_status><![CDATA[open]]></wp:comment_status>
					<wp:post_name><![CDATA[xms-float-promo-bg-opt]]></wp:post_name>
					<wp:status><![CDATA[inherit]]></wp:status>
					<wp:post_parent>310</wp:post_parent>
					<wp:menu_order>0</wp:menu_order>
					<wp:post_type><![CDATA[attachment]]></wp:post_type>
											<wp:attachment_url><![CDATA[http://dummy.xtemos.com/woodmart2/christmas-2-gutenberg/wp-content/uploads/sites/61/2025/10/xms-float-promo-bg-opt.jpg]]></wp:attachment_url>
																					<wp:postmeta>
							<wp:meta_key><![CDATA[_wp_attached_file]]></wp:meta_key>
							<wp:meta_value><![CDATA[2025/10/xms-float-promo-bg-opt.jpg]]></wp:meta_value>
						</wp:postmeta>
										</item>
								<item>
					<title><![CDATA[xms-banner-coziness-christmas-min-lcp]]></title>
					<link>https://dummy.xtemos.com/woodmart2/christmas-2-gutenberg/home-christmas-2/xms-banner-coziness-christmas-min-lcp/</link>
					<pubDate>Mon, 27 Oct 2025 12:49:30 +0000</pubDate>
					<dc:creator><![CDATA[Mr. Mackay]]></dc:creator>
					<guid isPermaLink="false">http://dummy.xtemos.com/woodmart2/christmas-2-gutenberg/wp-content/uploads/sites/61/2025/10/xms-banner-coziness-christmas-min-lcp.jpg</guid>
															<wp:post_id>367</wp:post_id>
					<wp:post_date><![CDATA[2025-10-27 12:49:30]]></wp:post_date>
					<wp:post_date_gmt><![CDATA[2025-10-27 12:49:30]]></wp:post_date_gmt>
					<wp:post_modified><![CDATA[2025-10-27 12:49:30]]></wp:post_modified>
					<wp:post_modified_gmt><![CDATA[2025-10-27 12:49:30]]></wp:post_modified_gmt>
					<wp:comment_status><![CDATA[open]]></wp:comment_status>
					<wp:post_name><![CDATA[xms-banner-coziness-christmas-min-lcp]]></wp:post_name>
					<wp:status><![CDATA[inherit]]></wp:status>
					<wp:post_parent>169</wp:post_parent>
					<wp:menu_order>0</wp:menu_order>
					<wp:post_type><![CDATA[attachment]]></wp:post_type>
											<wp:attachment_url><![CDATA[http://dummy.xtemos.com/woodmart2/christmas-2-gutenberg/wp-content/uploads/sites/61/2025/10/xms-banner-coziness-christmas-min-lcp.jpg]]></wp:attachment_url>
																					<wp:postmeta>
							<wp:meta_key><![CDATA[_wp_attached_file]]></wp:meta_key>
							<wp:meta_value><![CDATA[2025/10/xms-banner-coziness-christmas-min-lcp.jpg]]></wp:meta_value>
						</wp:postmeta>
										</item>
								<item>
					<title><![CDATA[xms-instagram-1-opt]]></title>
					<link>https://dummy.xtemos.com/woodmart2/christmas-2-gutenberg/home-christmas-2/xms-instagram-1-opt/</link>
					<pubDate>Wed, 22 Oct 2025 12:27:23 +0000</pubDate>
					<dc:creator><![CDATA[Mr. Mackay]]></dc:creator>
					<guid isPermaLink="false">http://dummy.xtemos.com/woodmart2/christmas-2-gutenberg/wp-content/uploads/sites/61/2025/10/xms-instagram-1-opt.jpg</guid>
															<wp:post_id>234</wp:post_id>
					<wp:post_date><![CDATA[2025-10-22 12:27:23]]></wp:post_date>
					<wp:post_date_gmt><![CDATA[2025-10-22 12:27:23]]></wp:post_date_gmt>
					<wp:post_modified><![CDATA[2025-10-22 12:27:23]]></wp:post_modified>
					<wp:post_modified_gmt><![CDATA[2025-10-22 12:27:23]]></wp:post_modified_gmt>
					<wp:comment_status><![CDATA[open]]></wp:comment_status>
					<wp:post_name><![CDATA[xms-instagram-1-opt]]></wp:post_name>
					<wp:status><![CDATA[inherit]]></wp:status>
					<wp:post_parent>169</wp:post_parent>
					<wp:menu_order>0</wp:menu_order>
					<wp:post_type><![CDATA[attachment]]></wp:post_type>
											<wp:attachment_url><![CDATA[http://dummy.xtemos.com/woodmart2/christmas-2-gutenberg/wp-content/uploads/sites/61/2025/10/xms-instagram-1-opt.jpg]]></wp:attachment_url>
																					<wp:postmeta>
							<wp:meta_key><![CDATA[_wp_attached_file]]></wp:meta_key>
							<wp:meta_value><![CDATA[2025/10/xms-instagram-1-opt.jpg]]></wp:meta_value>
						</wp:postmeta>
										</item>
								<item>
					<title><![CDATA[xms-instagram-2-opt]]></title>
					<link>https://dummy.xtemos.com/woodmart2/christmas-2-gutenberg/home-christmas-2/xms-instagram-2-opt/</link>
					<pubDate>Wed, 22 Oct 2025 12:27:24 +0000</pubDate>
					<dc:creator><![CDATA[Mr. Mackay]]></dc:creator>
					<guid isPermaLink="false">http://dummy.xtemos.com/woodmart2/christmas-2-gutenberg/wp-content/uploads/sites/61/2025/10/xms-instagram-2-opt.jpg</guid>
															<wp:post_id>235</wp:post_id>
					<wp:post_date><![CDATA[2025-10-22 12:27:24]]></wp:post_date>
					<wp:post_date_gmt><![CDATA[2025-10-22 12:27:24]]></wp:post_date_gmt>
					<wp:post_modified><![CDATA[2025-10-22 12:27:24]]></wp:post_modified>
					<wp:post_modified_gmt><![CDATA[2025-10-22 12:27:24]]></wp:post_modified_gmt>
					<wp:comment_status><![CDATA[open]]></wp:comment_status>
					<wp:post_name><![CDATA[xms-instagram-2-opt]]></wp:post_name>
					<wp:status><![CDATA[inherit]]></wp:status>
					<wp:post_parent>169</wp:post_parent>
					<wp:menu_order>0</wp:menu_order>
					<wp:post_type><![CDATA[attachment]]></wp:post_type>
											<wp:attachment_url><![CDATA[http://dummy.xtemos.com/woodmart2/christmas-2-gutenberg/wp-content/uploads/sites/61/2025/10/xms-instagram-2-opt.jpg]]></wp:attachment_url>
																					<wp:postmeta>
							<wp:meta_key><![CDATA[_wp_attached_file]]></wp:meta_key>
							<wp:meta_value><![CDATA[2025/10/xms-instagram-2-opt.jpg]]></wp:meta_value>
						</wp:postmeta>
										</item>
								<item>
					<title><![CDATA[xms-instagram-3-opt]]></title>
					<link>https://dummy.xtemos.com/woodmart2/christmas-2-gutenberg/home-christmas-2/xms-instagram-3-opt/</link>
					<pubDate>Wed, 22 Oct 2025 12:27:25 +0000</pubDate>
					<dc:creator><![CDATA[Mr. Mackay]]></dc:creator>
					<guid isPermaLink="false">http://dummy.xtemos.com/woodmart2/christmas-2-gutenberg/wp-content/uploads/sites/61/2025/10/xms-instagram-3-opt.jpg</guid>
															<wp:post_id>236</wp:post_id>
					<wp:post_date><![CDATA[2025-10-22 12:27:25]]></wp:post_date>
					<wp:post_date_gmt><![CDATA[2025-10-22 12:27:25]]></wp:post_date_gmt>
					<wp:post_modified><![CDATA[2025-10-22 12:27:25]]></wp:post_modified>
					<wp:post_modified_gmt><![CDATA[2025-10-22 12:27:25]]></wp:post_modified_gmt>
					<wp:comment_status><![CDATA[open]]></wp:comment_status>
					<wp:post_name><![CDATA[xms-instagram-3-opt]]></wp:post_name>
					<wp:status><![CDATA[inherit]]></wp:status>
					<wp:post_parent>169</wp:post_parent>
					<wp:menu_order>0</wp:menu_order>
					<wp:post_type><![CDATA[attachment]]></wp:post_type>
											<wp:attachment_url><![CDATA[http://dummy.xtemos.com/woodmart2/christmas-2-gutenberg/wp-content/uploads/sites/61/2025/10/xms-instagram-3-opt.jpg]]></wp:attachment_url>
																					<wp:postmeta>
							<wp:meta_key><![CDATA[_wp_attached_file]]></wp:meta_key>
							<wp:meta_value><![CDATA[2025/10/xms-instagram-3-opt.jpg]]></wp:meta_value>
						</wp:postmeta>
										</item>
								<item>
					<title><![CDATA[xms-instagram-4-opt]]></title>
					<link>https://dummy.xtemos.com/woodmart2/christmas-2-gutenberg/home-christmas-2/xms-instagram-4-opt/</link>
					<pubDate>Wed, 22 Oct 2025 12:27:26 +0000</pubDate>
					<dc:creator><![CDATA[Mr. Mackay]]></dc:creator>
					<guid isPermaLink="false">http://dummy.xtemos.com/woodmart2/christmas-2-gutenberg/wp-content/uploads/sites/61/2025/10/xms-instagram-4-opt.jpg</guid>
															<wp:post_id>237</wp:post_id>
					<wp:post_date><![CDATA[2025-10-22 12:27:26]]></wp:post_date>
					<wp:post_date_gmt><![CDATA[2025-10-22 12:27:26]]></wp:post_date_gmt>
					<wp:post_modified><![CDATA[2025-10-22 12:27:26]]></wp:post_modified>
					<wp:post_modified_gmt><![CDATA[2025-10-22 12:27:26]]></wp:post_modified_gmt>
					<wp:comment_status><![CDATA[open]]></wp:comment_status>
					<wp:post_name><![CDATA[xms-instagram-4-opt]]></wp:post_name>
					<wp:status><![CDATA[inherit]]></wp:status>
					<wp:post_parent>169</wp:post_parent>
					<wp:menu_order>0</wp:menu_order>
					<wp:post_type><![CDATA[attachment]]></wp:post_type>
											<wp:attachment_url><![CDATA[http://dummy.xtemos.com/woodmart2/christmas-2-gutenberg/wp-content/uploads/sites/61/2025/10/xms-instagram-4-opt.jpg]]></wp:attachment_url>
																					<wp:postmeta>
							<wp:meta_key><![CDATA[_wp_attached_file]]></wp:meta_key>
							<wp:meta_value><![CDATA[2025/10/xms-instagram-4-opt.jpg]]></wp:meta_value>
						</wp:postmeta>
										</item>
								<item>
					<title><![CDATA[xms-instagram-5-opt]]></title>
					<link>https://dummy.xtemos.com/woodmart2/christmas-2-gutenberg/home-christmas-2/xms-instagram-5-opt/</link>
					<pubDate>Wed, 22 Oct 2025 12:27:28 +0000</pubDate>
					<dc:creator><![CDATA[Mr. Mackay]]></dc:creator>
					<guid isPermaLink="false">http://dummy.xtemos.com/woodmart2/christmas-2-gutenberg/wp-content/uploads/sites/61/2025/10/xms-instagram-5-opt.jpg</guid>
															<wp:post_id>238</wp:post_id>
					<wp:post_date><![CDATA[2025-10-22 12:27:28]]></wp:post_date>
					<wp:post_date_gmt><![CDATA[2025-10-22 12:27:28]]></wp:post_date_gmt>
					<wp:post_modified><![CDATA[2025-10-22 12:27:28]]></wp:post_modified>
					<wp:post_modified_gmt><![CDATA[2025-10-22 12:27:28]]></wp:post_modified_gmt>
					<wp:comment_status><![CDATA[open]]></wp:comment_status>
					<wp:post_name><![CDATA[xms-instagram-5-opt]]></wp:post_name>
					<wp:status><![CDATA[inherit]]></wp:status>
					<wp:post_parent>169</wp:post_parent>
					<wp:menu_order>0</wp:menu_order>
					<wp:post_type><![CDATA[attachment]]></wp:post_type>
											<wp:attachment_url><![CDATA[http://dummy.xtemos.com/woodmart2/christmas-2-gutenberg/wp-content/uploads/sites/61/2025/10/xms-instagram-5-opt.jpg]]></wp:attachment_url>
																					<wp:postmeta>
							<wp:meta_key><![CDATA[_wp_attached_file]]></wp:meta_key>
							<wp:meta_value><![CDATA[2025/10/xms-instagram-5-opt.jpg]]></wp:meta_value>
						</wp:postmeta>
										</item>
								<item>
					<title><![CDATA[xms-instagram-6-opt]]></title>
					<link>https://dummy.xtemos.com/woodmart2/christmas-2-gutenberg/home-christmas-2/xms-instagram-6-opt/</link>
					<pubDate>Wed, 22 Oct 2025 12:27:29 +0000</pubDate>
					<dc:creator><![CDATA[Mr. Mackay]]></dc:creator>
					<guid isPermaLink="false">http://dummy.xtemos.com/woodmart2/christmas-2-gutenberg/wp-content/uploads/sites/61/2025/10/xms-instagram-6-opt.jpg</guid>
															<wp:post_id>239</wp:post_id>
					<wp:post_date><![CDATA[2025-10-22 12:27:29]]></wp:post_date>
					<wp:post_date_gmt><![CDATA[2025-10-22 12:27:29]]></wp:post_date_gmt>
					<wp:post_modified><![CDATA[2025-10-22 12:27:29]]></wp:post_modified>
					<wp:post_modified_gmt><![CDATA[2025-10-22 12:27:29]]></wp:post_modified_gmt>
					<wp:comment_status><![CDATA[open]]></wp:comment_status>
					<wp:post_name><![CDATA[xms-instagram-6-opt]]></wp:post_name>
					<wp:status><![CDATA[inherit]]></wp:status>
					<wp:post_parent>169</wp:post_parent>
					<wp:menu_order>0</wp:menu_order>
					<wp:post_type><![CDATA[attachment]]></wp:post_type>
											<wp:attachment_url><![CDATA[http://dummy.xtemos.com/woodmart2/christmas-2-gutenberg/wp-content/uploads/sites/61/2025/10/xms-instagram-6-opt.jpg]]></wp:attachment_url>
																					<wp:postmeta>
							<wp:meta_key><![CDATA[_wp_attached_file]]></wp:meta_key>
							<wp:meta_value><![CDATA[2025/10/xms-instagram-6-opt.jpg]]></wp:meta_value>
						</wp:postmeta>
										</item>
								<item>
					<title><![CDATA[c2-tm-p-2]]></title>
					<link>https://dummy.xtemos.com/woodmart2/christmas-2-gutenberg/about-us/c2-tm-p-2/</link>
					<pubDate>Wed, 22 Oct 2025 12:32:12 +0000</pubDate>
					<dc:creator><![CDATA[Mr. Mackay]]></dc:creator>
					<guid isPermaLink="false">http://dummy.xtemos.com/woodmart2/christmas-2-gutenberg/wp-content/uploads/sites/61/2025/10/c2-tm-p-2.png</guid>
															<wp:post_id>253</wp:post_id>
					<wp:post_date><![CDATA[2025-10-22 12:32:12]]></wp:post_date>
					<wp:post_date_gmt><![CDATA[2025-10-22 12:32:12]]></wp:post_date_gmt>
					<wp:post_modified><![CDATA[2025-10-22 12:32:12]]></wp:post_modified>
					<wp:post_modified_gmt><![CDATA[2025-10-22 12:32:12]]></wp:post_modified_gmt>
					<wp:comment_status><![CDATA[open]]></wp:comment_status>
					<wp:post_name><![CDATA[c2-tm-p-2]]></wp:post_name>
					<wp:status><![CDATA[inherit]]></wp:status>
					<wp:post_parent>171</wp:post_parent>
					<wp:menu_order>0</wp:menu_order>
					<wp:post_type><![CDATA[attachment]]></wp:post_type>
											<wp:attachment_url><![CDATA[http://dummy.xtemos.com/woodmart2/christmas-2-gutenberg/wp-content/uploads/sites/61/2025/10/c2-tm-p-2.png]]></wp:attachment_url>
																					<wp:postmeta>
							<wp:meta_key><![CDATA[_wp_attached_file]]></wp:meta_key>
							<wp:meta_value><![CDATA[2025/10/c2-tm-p-2.png]]></wp:meta_value>
						</wp:postmeta>
										</item>
								<item>
					<title><![CDATA[c2-tm-p-5]]></title>
					<link>https://dummy.xtemos.com/woodmart2/christmas-2-gutenberg/about-us/c2-tm-p-5/</link>
					<pubDate>Wed, 22 Oct 2025 12:32:24 +0000</pubDate>
					<dc:creator><![CDATA[Mr. Mackay]]></dc:creator>
					<guid isPermaLink="false">http://dummy.xtemos.com/woodmart2/christmas-2-gutenberg/wp-content/uploads/sites/61/2025/10/c2-tm-p-5.png</guid>
															<wp:post_id>254</wp:post_id>
					<wp:post_date><![CDATA[2025-10-22 12:32:24]]></wp:post_date>
					<wp:post_date_gmt><![CDATA[2025-10-22 12:32:24]]></wp:post_date_gmt>
					<wp:post_modified><![CDATA[2025-10-22 12:32:24]]></wp:post_modified>
					<wp:post_modified_gmt><![CDATA[2025-10-22 12:32:24]]></wp:post_modified_gmt>
					<wp:comment_status><![CDATA[open]]></wp:comment_status>
					<wp:post_name><![CDATA[c2-tm-p-5]]></wp:post_name>
					<wp:status><![CDATA[inherit]]></wp:status>
					<wp:post_parent>171</wp:post_parent>
					<wp:menu_order>0</wp:menu_order>
					<wp:post_type><![CDATA[attachment]]></wp:post_type>
											<wp:attachment_url><![CDATA[http://dummy.xtemos.com/woodmart2/christmas-2-gutenberg/wp-content/uploads/sites/61/2025/10/c2-tm-p-5.png]]></wp:attachment_url>
																					<wp:postmeta>
							<wp:meta_key><![CDATA[_wp_attached_file]]></wp:meta_key>
							<wp:meta_value><![CDATA[2025/10/c2-tm-p-5.png]]></wp:meta_value>
						</wp:postmeta>
										</item>
				</channel>
</rss>
	