<?xml version="1.0" encoding="UTF-8" ?>
	<!-- This is a WordPress eXtended RSS file generated by WordPress as an export of your site. -->
	<!-- It contains information about your site's posts, pages, comments, categories, and other content. -->
	<!-- You may use this file to transfer that content from one site to another. -->
	<!-- This file is not intended to serve as a complete backup of your site. -->

	<!-- To import this information into a WordPress site follow these steps: -->
	<!-- 1. Log in to that site as an administrator. -->
	<!-- 2. Go to Tools: Import in the WordPress admin panel. -->
	<!-- 3. Install the "WordPress" importer from the list. -->
	<!-- 4. Activate & Run Importer. -->
	<!-- 5. Upload this file using the form provided on that page. -->
	<!-- 6. You will first be asked to map the authors in this export file to users -->
	<!--    on the site. For each author, you may choose to map to an -->
	<!--    existing user on the site or to create a new user. -->
	<!-- 7. WordPress will then import each of the posts, pages, comments, categories, etc. -->
	<!--    contained in this file into your site. -->

	<!-- generator="WordPress/6.7.4" created="2025-10-28 13:15" -->
<rss version="2.0"
	xmlns:excerpt="http://wordpress.org/export/1.2/excerpt/"
	xmlns:content="http://purl.org/rss/1.0/modules/content/"
	xmlns:wfw="http://wellformedweb.org/CommentAPI/"
	xmlns:dc="http://purl.org/dc/elements/1.1/"
	xmlns:wp="http://wordpress.org/export/1.2/"
>

<channel>
	<title>christmas-2-elementor</title>
	<link>https://dummy.xtemos.com/woodmart2/christmas-2-elementor</link>
	<description></description>
	<pubDate>Tue, 28 Oct 2025 13:15:46 +0000</pubDate>
	<language>en-US</language>
	<wp:wxr_version>1.2</wp:wxr_version>
	<wp:base_site_url>https://dummy.xtemos.com/woodmart2/</wp:base_site_url>
	<wp:base_blog_url>https://dummy.xtemos.com/woodmart2/christmas-2-elementor</wp:base_blog_url>

	
					<wp:term>
			<wp:term_id>0</wp:term_id>
			<wp:term_taxonomy><![CDATA[]]></wp:term_taxonomy>
			<wp:term_slug><![CDATA[]]></wp:term_slug>
			<wp:term_parent><![CDATA[]]></wp:term_parent>
					</wp:term>
		
	<generator>https://wordpress.org/?v=6.7.4</generator>

					<item>
					<title><![CDATA[xms-instagram-4-opt]]></title>
					<link>https://dummy.xtemos.com/woodmart2/christmas-2-elementor/about-us/xms-instagram-4-opt/</link>
					<pubDate>Sun, 19 Oct 2025 06:46:38 +0000</pubDate>
					<dc:creator><![CDATA[Mr. Mackay]]></dc:creator>
					<guid isPermaLink="false">http://dummy.xtemos.com/woodmart2/christmas-shop-elementor/wp-content/uploads/sites/60/2025/10/xms-instagram-4-opt.jpg</guid>
															<wp:post_id>545</wp:post_id>
					<wp:post_date><![CDATA[2025-10-19 06:46:38]]></wp:post_date>
					<wp:post_date_gmt><![CDATA[2025-10-19 06:46:38]]></wp:post_date_gmt>
					<wp:post_modified><![CDATA[2025-10-19 06:46:38]]></wp:post_modified>
					<wp:post_modified_gmt><![CDATA[2025-10-19 06:46:38]]></wp:post_modified_gmt>
					<wp:comment_status><![CDATA[open]]></wp:comment_status>
					<wp:post_name><![CDATA[xms-instagram-4-opt]]></wp:post_name>
					<wp:status><![CDATA[inherit]]></wp:status>
					<wp:post_parent>29</wp:post_parent>
					<wp:menu_order>0</wp:menu_order>
					<wp:post_type><![CDATA[attachment]]></wp:post_type>
											<wp:attachment_url><![CDATA[http://dummy.xtemos.com/woodmart2/christmas-2-elementor/wp-content/uploads/sites/60/2025/10/xms-instagram-4-opt.jpg]]></wp:attachment_url>
																					<wp:postmeta>
							<wp:meta_key><![CDATA[_wp_attached_file]]></wp:meta_key>
							<wp:meta_value><![CDATA[2025/10/xms-instagram-4-opt.jpg]]></wp:meta_value>
						</wp:postmeta>
										</item>
								<item>
					<title><![CDATA[xms-instagram-5-opt]]></title>
					<link>https://dummy.xtemos.com/woodmart2/christmas-2-elementor/about-us/xms-instagram-5-opt/</link>
					<pubDate>Sun, 19 Oct 2025 06:46:39 +0000</pubDate>
					<dc:creator><![CDATA[Mr. Mackay]]></dc:creator>
					<guid isPermaLink="false">http://dummy.xtemos.com/woodmart2/christmas-shop-elementor/wp-content/uploads/sites/60/2025/10/xms-instagram-5-opt.jpg</guid>
															<wp:post_id>546</wp:post_id>
					<wp:post_date><![CDATA[2025-10-19 06:46:39]]></wp:post_date>
					<wp:post_date_gmt><![CDATA[2025-10-19 06:46:39]]></wp:post_date_gmt>
					<wp:post_modified><![CDATA[2025-10-19 06:46:39]]></wp:post_modified>
					<wp:post_modified_gmt><![CDATA[2025-10-19 06:46:39]]></wp:post_modified_gmt>
					<wp:comment_status><![CDATA[open]]></wp:comment_status>
					<wp:post_name><![CDATA[xms-instagram-5-opt]]></wp:post_name>
					<wp:status><![CDATA[inherit]]></wp:status>
					<wp:post_parent>29</wp:post_parent>
					<wp:menu_order>0</wp:menu_order>
					<wp:post_type><![CDATA[attachment]]></wp:post_type>
											<wp:attachment_url><![CDATA[http://dummy.xtemos.com/woodmart2/christmas-2-elementor/wp-content/uploads/sites/60/2025/10/xms-instagram-5-opt.jpg]]></wp:attachment_url>
																					<wp:postmeta>
							<wp:meta_key><![CDATA[_wp_attached_file]]></wp:meta_key>
							<wp:meta_value><![CDATA[2025/10/xms-instagram-5-opt.jpg]]></wp:meta_value>
						</wp:postmeta>
										</item>
								<item>
					<title><![CDATA[xms-instagram-6-opt]]></title>
					<link>https://dummy.xtemos.com/woodmart2/christmas-2-elementor/about-us/xms-instagram-6-opt/</link>
					<pubDate>Sun, 19 Oct 2025 06:46:40 +0000</pubDate>
					<dc:creator><![CDATA[Mr. Mackay]]></dc:creator>
					<guid isPermaLink="false">http://dummy.xtemos.com/woodmart2/christmas-shop-elementor/wp-content/uploads/sites/60/2025/10/xms-instagram-6-opt.jpg</guid>
															<wp:post_id>547</wp:post_id>
					<wp:post_date><![CDATA[2025-10-19 06:46:40]]></wp:post_date>
					<wp:post_date_gmt><![CDATA[2025-10-19 06:46:40]]></wp:post_date_gmt>
					<wp:post_modified><![CDATA[2025-10-19 06:46:40]]></wp:post_modified>
					<wp:post_modified_gmt><![CDATA[2025-10-19 06:46:40]]></wp:post_modified_gmt>
					<wp:comment_status><![CDATA[open]]></wp:comment_status>
					<wp:post_name><![CDATA[xms-instagram-6-opt]]></wp:post_name>
					<wp:status><![CDATA[inherit]]></wp:status>
					<wp:post_parent>29</wp:post_parent>
					<wp:menu_order>0</wp:menu_order>
					<wp:post_type><![CDATA[attachment]]></wp:post_type>
											<wp:attachment_url><![CDATA[http://dummy.xtemos.com/woodmart2/christmas-2-elementor/wp-content/uploads/sites/60/2025/10/xms-instagram-6-opt.jpg]]></wp:attachment_url>
																					<wp:postmeta>
							<wp:meta_key><![CDATA[_wp_attached_file]]></wp:meta_key>
							<wp:meta_value><![CDATA[2025/10/xms-instagram-6-opt.jpg]]></wp:meta_value>
						</wp:postmeta>
										</item>
								<item>
					<title><![CDATA[xms-category-indoor-decorations-opt]]></title>
					<link>https://dummy.xtemos.com/woodmart2/christmas-2-elementor/home-christmas-shop/xms-category-indoor-decorations-opt/</link>
					<pubDate>Sun, 19 Oct 2025 06:48:47 +0000</pubDate>
					<dc:creator><![CDATA[Mr. Mackay]]></dc:creator>
					<guid isPermaLink="false">http://dummy.xtemos.com/woodmart2/christmas-shop-elementor/wp-content/uploads/sites/60/2025/10/xms-category-indoor-decorations-opt.jpg</guid>
															<wp:post_id>556</wp:post_id>
					<wp:post_date><![CDATA[2025-10-19 06:48:47]]></wp:post_date>
					<wp:post_date_gmt><![CDATA[2025-10-19 06:48:47]]></wp:post_date_gmt>
					<wp:post_modified><![CDATA[2025-10-19 06:48:47]]></wp:post_modified>
					<wp:post_modified_gmt><![CDATA[2025-10-19 06:48:47]]></wp:post_modified_gmt>
					<wp:comment_status><![CDATA[open]]></wp:comment_status>
					<wp:post_name><![CDATA[xms-category-indoor-decorations-opt]]></wp:post_name>
					<wp:status><![CDATA[inherit]]></wp:status>
					<wp:post_parent>27</wp:post_parent>
					<wp:menu_order>0</wp:menu_order>
					<wp:post_type><![CDATA[attachment]]></wp:post_type>
											<wp:attachment_url><![CDATA[http://dummy.xtemos.com/woodmart2/christmas-2-elementor/wp-content/uploads/sites/60/2025/10/xms-category-indoor-decorations-opt.jpg]]></wp:attachment_url>
																					<wp:postmeta>
							<wp:meta_key><![CDATA[_wp_attached_file]]></wp:meta_key>
							<wp:meta_value><![CDATA[2025/10/xms-category-indoor-decorations-opt.jpg]]></wp:meta_value>
						</wp:postmeta>
										</item>
								<item>
					<title><![CDATA[xms-category-christmas-tree-unlit-opt]]></title>
					<link>https://dummy.xtemos.com/woodmart2/christmas-2-elementor/home-christmas-shop/xms-category-christmas-tree-unlit-opt/</link>
					<pubDate>Sun, 19 Oct 2025 06:48:59 +0000</pubDate>
					<dc:creator><![CDATA[Mr. Mackay]]></dc:creator>
					<guid isPermaLink="false">http://dummy.xtemos.com/woodmart2/christmas-shop-elementor/wp-content/uploads/sites/60/2025/10/xms-category-christmas-tree-unlit-opt.jpg</guid>
															<wp:post_id>557</wp:post_id>
					<wp:post_date><![CDATA[2025-10-19 06:48:59]]></wp:post_date>
					<wp:post_date_gmt><![CDATA[2025-10-19 06:48:59]]></wp:post_date_gmt>
					<wp:post_modified><![CDATA[2025-10-19 06:48:59]]></wp:post_modified>
					<wp:post_modified_gmt><![CDATA[2025-10-19 06:48:59]]></wp:post_modified_gmt>
					<wp:comment_status><![CDATA[open]]></wp:comment_status>
					<wp:post_name><![CDATA[xms-category-christmas-tree-unlit-opt]]></wp:post_name>
					<wp:status><![CDATA[inherit]]></wp:status>
					<wp:post_parent>27</wp:post_parent>
					<wp:menu_order>0</wp:menu_order>
					<wp:post_type><![CDATA[attachment]]></wp:post_type>
											<wp:attachment_url><![CDATA[http://dummy.xtemos.com/woodmart2/christmas-2-elementor/wp-content/uploads/sites/60/2025/10/xms-category-christmas-tree-unlit-opt.jpg]]></wp:attachment_url>
																					<wp:postmeta>
							<wp:meta_key><![CDATA[_wp_attached_file]]></wp:meta_key>
							<wp:meta_value><![CDATA[2025/10/xms-category-christmas-tree-unlit-opt.jpg]]></wp:meta_value>
						</wp:postmeta>
										</item>
								<item>
					<title><![CDATA[xms-category-outdoor-lights-opt]]></title>
					<link>https://dummy.xtemos.com/woodmart2/christmas-2-elementor/home-christmas-shop/xms-category-outdoor-lights-opt/</link>
					<pubDate>Sun, 19 Oct 2025 06:49:18 +0000</pubDate>
					<dc:creator><![CDATA[Mr. Mackay]]></dc:creator>
					<guid isPermaLink="false">http://dummy.xtemos.com/woodmart2/christmas-shop-elementor/wp-content/uploads/sites/60/2025/10/xms-category-outdoor-lights-opt.jpg</guid>
															<wp:post_id>558</wp:post_id>
					<wp:post_date><![CDATA[2025-10-19 06:49:18]]></wp:post_date>
					<wp:post_date_gmt><![CDATA[2025-10-19 06:49:18]]></wp:post_date_gmt>
					<wp:post_modified><![CDATA[2025-10-19 06:49:18]]></wp:post_modified>
					<wp:post_modified_gmt><![CDATA[2025-10-19 06:49:18]]></wp:post_modified_gmt>
					<wp:comment_status><![CDATA[open]]></wp:comment_status>
					<wp:post_name><![CDATA[xms-category-outdoor-lights-opt]]></wp:post_name>
					<wp:status><![CDATA[inherit]]></wp:status>
					<wp:post_parent>27</wp:post_parent>
					<wp:menu_order>0</wp:menu_order>
					<wp:post_type><![CDATA[attachment]]></wp:post_type>
											<wp:attachment_url><![CDATA[http://dummy.xtemos.com/woodmart2/christmas-2-elementor/wp-content/uploads/sites/60/2025/10/xms-category-outdoor-lights-opt.jpg]]></wp:attachment_url>
																					<wp:postmeta>
							<wp:meta_key><![CDATA[_wp_attached_file]]></wp:meta_key>
							<wp:meta_value><![CDATA[2025/10/xms-category-outdoor-lights-opt.jpg]]></wp:meta_value>
						</wp:postmeta>
										</item>
								<item>
					<title><![CDATA[xms-category-tableware-opt]]></title>
					<link>https://dummy.xtemos.com/woodmart2/christmas-2-elementor/home-christmas-shop/xms-category-tableware-opt/</link>
					<pubDate>Sun, 19 Oct 2025 06:49:31 +0000</pubDate>
					<dc:creator><![CDATA[Mr. Mackay]]></dc:creator>
					<guid isPermaLink="false">http://dummy.xtemos.com/woodmart2/christmas-shop-elementor/wp-content/uploads/sites/60/2025/10/xms-category-tableware-opt.jpg</guid>
															<wp:post_id>559</wp:post_id>
					<wp:post_date><![CDATA[2025-10-19 06:49:31]]></wp:post_date>
					<wp:post_date_gmt><![CDATA[2025-10-19 06:49:31]]></wp:post_date_gmt>
					<wp:post_modified><![CDATA[2025-10-19 06:49:31]]></wp:post_modified>
					<wp:post_modified_gmt><![CDATA[2025-10-19 06:49:31]]></wp:post_modified_gmt>
					<wp:comment_status><![CDATA[open]]></wp:comment_status>
					<wp:post_name><![CDATA[xms-category-tableware-opt]]></wp:post_name>
					<wp:status><![CDATA[inherit]]></wp:status>
					<wp:post_parent>27</wp:post_parent>
					<wp:menu_order>0</wp:menu_order>
					<wp:post_type><![CDATA[attachment]]></wp:post_type>
											<wp:attachment_url><![CDATA[http://dummy.xtemos.com/woodmart2/christmas-2-elementor/wp-content/uploads/sites/60/2025/10/xms-category-tableware-opt.jpg]]></wp:attachment_url>
																					<wp:postmeta>
							<wp:meta_key><![CDATA[_wp_attached_file]]></wp:meta_key>
							<wp:meta_value><![CDATA[2025/10/xms-category-tableware-opt.jpg]]></wp:meta_value>
						</wp:postmeta>
										</item>
								<item>
					<title><![CDATA[xms-banner-paper-decoration-opt]]></title>
					<link>https://dummy.xtemos.com/woodmart2/christmas-2-elementor/home-christmas-shop/xms-banner-paper-decoration-opt/</link>
					<pubDate>Sun, 19 Oct 2025 06:49:46 +0000</pubDate>
					<dc:creator><![CDATA[Mr. Mackay]]></dc:creator>
					<guid isPermaLink="false">http://dummy.xtemos.com/woodmart2/christmas-shop-elementor/wp-content/uploads/sites/60/2025/10/xms-banner-paper-decoration-opt.jpg</guid>
															<wp:post_id>563</wp:post_id>
					<wp:post_date><![CDATA[2025-10-19 06:49:46]]></wp:post_date>
					<wp:post_date_gmt><![CDATA[2025-10-19 06:49:46]]></wp:post_date_gmt>
					<wp:post_modified><![CDATA[2025-10-19 06:49:46]]></wp:post_modified>
					<wp:post_modified_gmt><![CDATA[2025-10-19 06:49:46]]></wp:post_modified_gmt>
					<wp:comment_status><![CDATA[open]]></wp:comment_status>
					<wp:post_name><![CDATA[xms-banner-paper-decoration-opt]]></wp:post_name>
					<wp:status><![CDATA[inherit]]></wp:status>
					<wp:post_parent>27</wp:post_parent>
					<wp:menu_order>0</wp:menu_order>
					<wp:post_type><![CDATA[attachment]]></wp:post_type>
											<wp:attachment_url><![CDATA[http://dummy.xtemos.com/woodmart2/christmas-2-elementor/wp-content/uploads/sites/60/2025/10/xms-banner-paper-decoration-opt.jpg]]></wp:attachment_url>
																					<wp:postmeta>
							<wp:meta_key><![CDATA[_wp_attached_file]]></wp:meta_key>
							<wp:meta_value><![CDATA[2025/10/xms-banner-paper-decoration-opt.jpg]]></wp:meta_value>
						</wp:postmeta>
										</item>
								<item>
					<title><![CDATA[xms-banner-wing-angels-set-opt]]></title>
					<link>https://dummy.xtemos.com/woodmart2/christmas-2-elementor/home-christmas-shop/xms-banner-wing-angels-set-opt/</link>
					<pubDate>Sun, 19 Oct 2025 06:50:00 +0000</pubDate>
					<dc:creator><![CDATA[Mr. Mackay]]></dc:creator>
					<guid isPermaLink="false">http://dummy.xtemos.com/woodmart2/christmas-shop-elementor/wp-content/uploads/sites/60/2025/10/xms-banner-wing-angels-set-opt.jpg</guid>
															<wp:post_id>564</wp:post_id>
					<wp:post_date><![CDATA[2025-10-19 06:50:00]]></wp:post_date>
					<wp:post_date_gmt><![CDATA[2025-10-19 06:50:00]]></wp:post_date_gmt>
					<wp:post_modified><![CDATA[2025-10-19 06:50:00]]></wp:post_modified>
					<wp:post_modified_gmt><![CDATA[2025-10-19 06:50:00]]></wp:post_modified_gmt>
					<wp:comment_status><![CDATA[open]]></wp:comment_status>
					<wp:post_name><![CDATA[xms-banner-wing-angels-set-opt]]></wp:post_name>
					<wp:status><![CDATA[inherit]]></wp:status>
					<wp:post_parent>27</wp:post_parent>
					<wp:menu_order>0</wp:menu_order>
					<wp:post_type><![CDATA[attachment]]></wp:post_type>
											<wp:attachment_url><![CDATA[http://dummy.xtemos.com/woodmart2/christmas-2-elementor/wp-content/uploads/sites/60/2025/10/xms-banner-wing-angels-set-opt.jpg]]></wp:attachment_url>
																					<wp:postmeta>
							<wp:meta_key><![CDATA[_wp_attached_file]]></wp:meta_key>
							<wp:meta_value><![CDATA[2025/10/xms-banner-wing-angels-set-opt.jpg]]></wp:meta_value>
						</wp:postmeta>
										</item>
								<item>
					<title><![CDATA[xms-blog-3-opt]]></title>
					<link>https://dummy.xtemos.com/woodmart2/christmas-2-elementor/portfolio/fast-fashion-vs-slow-style-which-side-are-you-on-2/xms-blog-3-opt/</link>
					<pubDate>Sun, 19 Oct 2025 07:34:34 +0000</pubDate>
					<dc:creator><![CDATA[Mr. Mackay]]></dc:creator>
					<guid isPermaLink="false">http://dummy.xtemos.com/woodmart2/christmas-shop-elementor/wp-content/uploads/sites/60/2025/10/xms-blog-3-opt.jpg</guid>
															<wp:post_id>640</wp:post_id>
					<wp:post_date><![CDATA[2025-10-19 07:34:34]]></wp:post_date>
					<wp:post_date_gmt><![CDATA[2025-10-19 07:34:34]]></wp:post_date_gmt>
					<wp:post_modified><![CDATA[2025-10-19 07:34:34]]></wp:post_modified>
					<wp:post_modified_gmt><![CDATA[2025-10-19 07:34:34]]></wp:post_modified_gmt>
					<wp:comment_status><![CDATA[open]]></wp:comment_status>
					<wp:post_name><![CDATA[xms-blog-3-opt]]></wp:post_name>
					<wp:status><![CDATA[inherit]]></wp:status>
					<wp:post_parent>639</wp:post_parent>
					<wp:menu_order>0</wp:menu_order>
					<wp:post_type><![CDATA[attachment]]></wp:post_type>
											<wp:attachment_url><![CDATA[http://dummy.xtemos.com/woodmart2/christmas-2-elementor/wp-content/uploads/sites/60/2025/10/xms-blog-3-opt.jpg]]></wp:attachment_url>
																					<wp:postmeta>
							<wp:meta_key><![CDATA[_wp_attached_file]]></wp:meta_key>
							<wp:meta_value><![CDATA[2025/10/xms-blog-3-opt.jpg]]></wp:meta_value>
						</wp:postmeta>
										</item>
								<item>
					<title><![CDATA[xms-blog-2-opt]]></title>
					<link>https://dummy.xtemos.com/woodmart2/christmas-2-elementor/portfolio/a-brief-history-of-fashion-2/xms-blog-2-opt/</link>
					<pubDate>Sun, 19 Oct 2025 07:34:56 +0000</pubDate>
					<dc:creator><![CDATA[Mr. Mackay]]></dc:creator>
					<guid isPermaLink="false">http://dummy.xtemos.com/woodmart2/christmas-shop-elementor/wp-content/uploads/sites/60/2025/10/xms-blog-2-opt.jpg</guid>
															<wp:post_id>643</wp:post_id>
					<wp:post_date><![CDATA[2025-10-19 07:34:56]]></wp:post_date>
					<wp:post_date_gmt><![CDATA[2025-10-19 07:34:56]]></wp:post_date_gmt>
					<wp:post_modified><![CDATA[2025-10-19 07:34:56]]></wp:post_modified>
					<wp:post_modified_gmt><![CDATA[2025-10-19 07:34:56]]></wp:post_modified_gmt>
					<wp:comment_status><![CDATA[open]]></wp:comment_status>
					<wp:post_name><![CDATA[xms-blog-2-opt]]></wp:post_name>
					<wp:status><![CDATA[inherit]]></wp:status>
					<wp:post_parent>642</wp:post_parent>
					<wp:menu_order>0</wp:menu_order>
					<wp:post_type><![CDATA[attachment]]></wp:post_type>
											<wp:attachment_url><![CDATA[http://dummy.xtemos.com/woodmart2/christmas-2-elementor/wp-content/uploads/sites/60/2025/10/xms-blog-2-opt.jpg]]></wp:attachment_url>
																					<wp:postmeta>
							<wp:meta_key><![CDATA[_wp_attached_file]]></wp:meta_key>
							<wp:meta_value><![CDATA[2025/10/xms-blog-2-opt.jpg]]></wp:meta_value>
						</wp:postmeta>
										</item>
								<item>
					<title><![CDATA[xms-blog-1-opt]]></title>
					<link>https://dummy.xtemos.com/woodmart2/christmas-2-elementor/portfolio/the-future-of-fashion-tech-trends-and-total-transformation/xms-blog-1-opt/</link>
					<pubDate>Sun, 19 Oct 2025 07:35:21 +0000</pubDate>
					<dc:creator><![CDATA[Mr. Mackay]]></dc:creator>
					<guid isPermaLink="false">http://dummy.xtemos.com/woodmart2/christmas-shop-elementor/wp-content/uploads/sites/60/2025/10/xms-blog-1-opt.jpg</guid>
															<wp:post_id>646</wp:post_id>
					<wp:post_date><![CDATA[2025-10-19 07:35:21]]></wp:post_date>
					<wp:post_date_gmt><![CDATA[2025-10-19 07:35:21]]></wp:post_date_gmt>
					<wp:post_modified><![CDATA[2025-10-19 07:35:21]]></wp:post_modified>
					<wp:post_modified_gmt><![CDATA[2025-10-19 07:35:21]]></wp:post_modified_gmt>
					<wp:comment_status><![CDATA[open]]></wp:comment_status>
					<wp:post_name><![CDATA[xms-blog-1-opt]]></wp:post_name>
					<wp:status><![CDATA[inherit]]></wp:status>
					<wp:post_parent>645</wp:post_parent>
					<wp:menu_order>0</wp:menu_order>
					<wp:post_type><![CDATA[attachment]]></wp:post_type>
											<wp:attachment_url><![CDATA[http://dummy.xtemos.com/woodmart2/christmas-2-elementor/wp-content/uploads/sites/60/2025/10/xms-blog-1-opt.jpg]]></wp:attachment_url>
																					<wp:postmeta>
							<wp:meta_key><![CDATA[_wp_attached_file]]></wp:meta_key>
							<wp:meta_value><![CDATA[2025/10/xms-blog-1-opt.jpg]]></wp:meta_value>
						</wp:postmeta>
										</item>
								<item>
					<title><![CDATA[xms-blog-post-img-1-opt]]></title>
					<link>https://dummy.xtemos.com/woodmart2/christmas-2-elementor/xms-blog-post-img-1-opt/</link>
					<pubDate>Sun, 19 Oct 2025 07:38:49 +0000</pubDate>
					<dc:creator><![CDATA[Mr. Mackay]]></dc:creator>
					<guid isPermaLink="false">http://dummy.xtemos.com/woodmart2/christmas-shop-elementor/wp-content/uploads/sites/60/2025/10/xms-blog-post-img-1-opt.jpg</guid>
															<wp:post_id>648</wp:post_id>
					<wp:post_date><![CDATA[2025-10-19 07:38:49]]></wp:post_date>
					<wp:post_date_gmt><![CDATA[2025-10-19 07:38:49]]></wp:post_date_gmt>
					<wp:post_modified><![CDATA[2025-10-19 07:38:49]]></wp:post_modified>
					<wp:post_modified_gmt><![CDATA[2025-10-19 07:38:49]]></wp:post_modified_gmt>
					<wp:comment_status><![CDATA[open]]></wp:comment_status>
					<wp:post_name><![CDATA[xms-blog-post-img-1-opt]]></wp:post_name>
					<wp:status><![CDATA[inherit]]></wp:status>
					<wp:post_parent>0</wp:post_parent>
					<wp:menu_order>0</wp:menu_order>
					<wp:post_type><![CDATA[attachment]]></wp:post_type>
											<wp:attachment_url><![CDATA[http://dummy.xtemos.com/woodmart2/christmas-2-elementor/wp-content/uploads/sites/60/2025/10/xms-blog-post-img-1-opt.jpg]]></wp:attachment_url>
																					<wp:postmeta>
							<wp:meta_key><![CDATA[_wp_attached_file]]></wp:meta_key>
							<wp:meta_value><![CDATA[2025/10/xms-blog-post-img-1-opt.jpg]]></wp:meta_value>
						</wp:postmeta>
										</item>
								<item>
					<title><![CDATA[xms-blog-post-img-2-opt]]></title>
					<link>https://dummy.xtemos.com/woodmart2/christmas-2-elementor/xms-blog-post-img-2-opt/</link>
					<pubDate>Sun, 19 Oct 2025 07:38:50 +0000</pubDate>
					<dc:creator><![CDATA[Mr. Mackay]]></dc:creator>
					<guid isPermaLink="false">http://dummy.xtemos.com/woodmart2/christmas-shop-elementor/wp-content/uploads/sites/60/2025/10/xms-blog-post-img-2-opt.jpg</guid>
															<wp:post_id>649</wp:post_id>
					<wp:post_date><![CDATA[2025-10-19 07:38:50]]></wp:post_date>
					<wp:post_date_gmt><![CDATA[2025-10-19 07:38:50]]></wp:post_date_gmt>
					<wp:post_modified><![CDATA[2025-10-19 07:38:50]]></wp:post_modified>
					<wp:post_modified_gmt><![CDATA[2025-10-19 07:38:50]]></wp:post_modified_gmt>
					<wp:comment_status><![CDATA[open]]></wp:comment_status>
					<wp:post_name><![CDATA[xms-blog-post-img-2-opt]]></wp:post_name>
					<wp:status><![CDATA[inherit]]></wp:status>
					<wp:post_parent>0</wp:post_parent>
					<wp:menu_order>0</wp:menu_order>
					<wp:post_type><![CDATA[attachment]]></wp:post_type>
											<wp:attachment_url><![CDATA[http://dummy.xtemos.com/woodmart2/christmas-2-elementor/wp-content/uploads/sites/60/2025/10/xms-blog-post-img-2-opt.jpg]]></wp:attachment_url>
																					<wp:postmeta>
							<wp:meta_key><![CDATA[_wp_attached_file]]></wp:meta_key>
							<wp:meta_value><![CDATA[2025/10/xms-blog-post-img-2-opt.jpg]]></wp:meta_value>
						</wp:postmeta>
										</item>
								<item>
					<title><![CDATA[xms-blog-post-img-3-opt]]></title>
					<link>https://dummy.xtemos.com/woodmart2/christmas-2-elementor/xms-blog-post-img-3-opt/</link>
					<pubDate>Sun, 19 Oct 2025 07:38:51 +0000</pubDate>
					<dc:creator><![CDATA[Mr. Mackay]]></dc:creator>
					<guid isPermaLink="false">http://dummy.xtemos.com/woodmart2/christmas-shop-elementor/wp-content/uploads/sites/60/2025/10/xms-blog-post-img-3-opt.jpg</guid>
															<wp:post_id>650</wp:post_id>
					<wp:post_date><![CDATA[2025-10-19 07:38:51]]></wp:post_date>
					<wp:post_date_gmt><![CDATA[2025-10-19 07:38:51]]></wp:post_date_gmt>
					<wp:post_modified><![CDATA[2025-10-19 07:38:51]]></wp:post_modified>
					<wp:post_modified_gmt><![CDATA[2025-10-19 07:38:51]]></wp:post_modified_gmt>
					<wp:comment_status><![CDATA[open]]></wp:comment_status>
					<wp:post_name><![CDATA[xms-blog-post-img-3-opt]]></wp:post_name>
					<wp:status><![CDATA[inherit]]></wp:status>
					<wp:post_parent>0</wp:post_parent>
					<wp:menu_order>0</wp:menu_order>
					<wp:post_type><![CDATA[attachment]]></wp:post_type>
											<wp:attachment_url><![CDATA[http://dummy.xtemos.com/woodmart2/christmas-2-elementor/wp-content/uploads/sites/60/2025/10/xms-blog-post-img-3-opt.jpg]]></wp:attachment_url>
																					<wp:postmeta>
							<wp:meta_key><![CDATA[_wp_attached_file]]></wp:meta_key>
							<wp:meta_value><![CDATA[2025/10/xms-blog-post-img-3-opt.jpg]]></wp:meta_value>
						</wp:postmeta>
										</item>
								<item>
					<title><![CDATA[xms-blog-post-img-4-opt]]></title>
					<link>https://dummy.xtemos.com/woodmart2/christmas-2-elementor/xms-blog-post-img-4-opt/</link>
					<pubDate>Sun, 19 Oct 2025 07:38:52 +0000</pubDate>
					<dc:creator><![CDATA[Mr. Mackay]]></dc:creator>
					<guid isPermaLink="false">http://dummy.xtemos.com/woodmart2/christmas-shop-elementor/wp-content/uploads/sites/60/2025/10/xms-blog-post-img-4-opt.jpg</guid>
															<wp:post_id>651</wp:post_id>
					<wp:post_date><![CDATA[2025-10-19 07:38:52]]></wp:post_date>
					<wp:post_date_gmt><![CDATA[2025-10-19 07:38:52]]></wp:post_date_gmt>
					<wp:post_modified><![CDATA[2025-10-19 07:38:52]]></wp:post_modified>
					<wp:post_modified_gmt><![CDATA[2025-10-19 07:38:52]]></wp:post_modified_gmt>
					<wp:comment_status><![CDATA[open]]></wp:comment_status>
					<wp:post_name><![CDATA[xms-blog-post-img-4-opt]]></wp:post_name>
					<wp:status><![CDATA[inherit]]></wp:status>
					<wp:post_parent>0</wp:post_parent>
					<wp:menu_order>0</wp:menu_order>
					<wp:post_type><![CDATA[attachment]]></wp:post_type>
											<wp:attachment_url><![CDATA[http://dummy.xtemos.com/woodmart2/christmas-2-elementor/wp-content/uploads/sites/60/2025/10/xms-blog-post-img-4-opt.jpg]]></wp:attachment_url>
																					<wp:postmeta>
							<wp:meta_key><![CDATA[_wp_attached_file]]></wp:meta_key>
							<wp:meta_value><![CDATA[2025/10/xms-blog-post-img-4-opt.jpg]]></wp:meta_value>
						</wp:postmeta>
										</item>
								<item>
					<title><![CDATA[xms-blog-post-video-opt]]></title>
					<link>https://dummy.xtemos.com/woodmart2/christmas-2-elementor/portfolio/the-future-of-fashion-tech-trends-and-total-transformation/xms-blog-post-video-opt/</link>
					<pubDate>Sun, 19 Oct 2025 07:42:30 +0000</pubDate>
					<dc:creator><![CDATA[Mr. Mackay]]></dc:creator>
					<guid isPermaLink="false">http://dummy.xtemos.com/woodmart2/christmas-shop-elementor/wp-content/uploads/sites/60/2025/10/xms-blog-post-video-opt.jpg</guid>
															<wp:post_id>655</wp:post_id>
					<wp:post_date><![CDATA[2025-10-19 07:42:30]]></wp:post_date>
					<wp:post_date_gmt><![CDATA[2025-10-19 07:42:30]]></wp:post_date_gmt>
					<wp:post_modified><![CDATA[2025-10-19 07:42:30]]></wp:post_modified>
					<wp:post_modified_gmt><![CDATA[2025-10-19 07:42:30]]></wp:post_modified_gmt>
					<wp:comment_status><![CDATA[open]]></wp:comment_status>
					<wp:post_name><![CDATA[xms-blog-post-video-opt]]></wp:post_name>
					<wp:status><![CDATA[inherit]]></wp:status>
					<wp:post_parent>645</wp:post_parent>
					<wp:menu_order>0</wp:menu_order>
					<wp:post_type><![CDATA[attachment]]></wp:post_type>
											<wp:attachment_url><![CDATA[http://dummy.xtemos.com/woodmart2/christmas-2-elementor/wp-content/uploads/sites/60/2025/10/xms-blog-post-video-opt.jpg]]></wp:attachment_url>
																					<wp:postmeta>
							<wp:meta_key><![CDATA[_wp_attached_file]]></wp:meta_key>
							<wp:meta_value><![CDATA[2025/10/xms-blog-post-video-opt.jpg]]></wp:meta_value>
						</wp:postmeta>
										</item>
								<item>
					<title><![CDATA[xms-blog-post-img-5-opt]]></title>
					<link>https://dummy.xtemos.com/woodmart2/christmas-2-elementor/xms-blog-post-img-5-opt/</link>
					<pubDate>Sun, 19 Oct 2025 07:53:51 +0000</pubDate>
					<dc:creator><![CDATA[Mr. Mackay]]></dc:creator>
					<guid isPermaLink="false">http://dummy.xtemos.com/woodmart2/christmas-shop-elementor/wp-content/uploads/sites/60/2025/10/xms-blog-post-img-5-opt.jpg</guid>
															<wp:post_id>675</wp:post_id>
					<wp:post_date><![CDATA[2025-10-19 07:53:51]]></wp:post_date>
					<wp:post_date_gmt><![CDATA[2025-10-19 07:53:51]]></wp:post_date_gmt>
					<wp:post_modified><![CDATA[2025-10-19 07:53:51]]></wp:post_modified>
					<wp:post_modified_gmt><![CDATA[2025-10-19 07:53:51]]></wp:post_modified_gmt>
					<wp:comment_status><![CDATA[open]]></wp:comment_status>
					<wp:post_name><![CDATA[xms-blog-post-img-5-opt]]></wp:post_name>
					<wp:status><![CDATA[inherit]]></wp:status>
					<wp:post_parent>0</wp:post_parent>
					<wp:menu_order>0</wp:menu_order>
					<wp:post_type><![CDATA[attachment]]></wp:post_type>
											<wp:attachment_url><![CDATA[http://dummy.xtemos.com/woodmart2/christmas-2-elementor/wp-content/uploads/sites/60/2025/10/xms-blog-post-img-5-opt.jpg]]></wp:attachment_url>
																					<wp:postmeta>
							<wp:meta_key><![CDATA[_wp_attached_file]]></wp:meta_key>
							<wp:meta_value><![CDATA[2025/10/xms-blog-post-img-5-opt.jpg]]></wp:meta_value>
						</wp:postmeta>
										</item>
								<item>
					<title><![CDATA[xms-blog-post-img-6-opt]]></title>
					<link>https://dummy.xtemos.com/woodmart2/christmas-2-elementor/xms-blog-post-img-6-opt/</link>
					<pubDate>Sun, 19 Oct 2025 07:53:52 +0000</pubDate>
					<dc:creator><![CDATA[Mr. Mackay]]></dc:creator>
					<guid isPermaLink="false">http://dummy.xtemos.com/woodmart2/christmas-shop-elementor/wp-content/uploads/sites/60/2025/10/xms-blog-post-img-6-opt.jpg</guid>
															<wp:post_id>676</wp:post_id>
					<wp:post_date><![CDATA[2025-10-19 07:53:52]]></wp:post_date>
					<wp:post_date_gmt><![CDATA[2025-10-19 07:53:52]]></wp:post_date_gmt>
					<wp:post_modified><![CDATA[2025-10-19 07:53:52]]></wp:post_modified>
					<wp:post_modified_gmt><![CDATA[2025-10-19 07:53:52]]></wp:post_modified_gmt>
					<wp:comment_status><![CDATA[open]]></wp:comment_status>
					<wp:post_name><![CDATA[xms-blog-post-img-6-opt]]></wp:post_name>
					<wp:status><![CDATA[inherit]]></wp:status>
					<wp:post_parent>0</wp:post_parent>
					<wp:menu_order>0</wp:menu_order>
					<wp:post_type><![CDATA[attachment]]></wp:post_type>
											<wp:attachment_url><![CDATA[http://dummy.xtemos.com/woodmart2/christmas-2-elementor/wp-content/uploads/sites/60/2025/10/xms-blog-post-img-6-opt.jpg]]></wp:attachment_url>
																					<wp:postmeta>
							<wp:meta_key><![CDATA[_wp_attached_file]]></wp:meta_key>
							<wp:meta_value><![CDATA[2025/10/xms-blog-post-img-6-opt.jpg]]></wp:meta_value>
						</wp:postmeta>
										</item>
								<item>
					<title><![CDATA[xms-product-return]]></title>
					<link>https://dummy.xtemos.com/woodmart2/christmas-2-elementor/xms-product-return/</link>
					<pubDate>Mon, 20 Oct 2025 12:01:32 +0000</pubDate>
					<dc:creator><![CDATA[Mr. Mackay]]></dc:creator>
					<guid isPermaLink="false">http://dummy.xtemos.com/woodmart2/christmas-shop-elementor/wp-content/uploads/sites/60/2025/10/xms-product-return.svg</guid>
															<wp:post_id>811</wp:post_id>
					<wp:post_date><![CDATA[2025-10-20 12:01:32]]></wp:post_date>
					<wp:post_date_gmt><![CDATA[2025-10-20 12:01:32]]></wp:post_date_gmt>
					<wp:post_modified><![CDATA[2025-10-20 12:01:32]]></wp:post_modified>
					<wp:post_modified_gmt><![CDATA[2025-10-20 12:01:32]]></wp:post_modified_gmt>
					<wp:comment_status><![CDATA[open]]></wp:comment_status>
					<wp:post_name><![CDATA[xms-product-return]]></wp:post_name>
					<wp:status><![CDATA[inherit]]></wp:status>
					<wp:post_parent>0</wp:post_parent>
					<wp:menu_order>0</wp:menu_order>
					<wp:post_type><![CDATA[attachment]]></wp:post_type>
											<wp:attachment_url><![CDATA[http://dummy.xtemos.com/woodmart2/christmas-2-elementor/wp-content/uploads/sites/60/2025/10/xms-product-return.svg]]></wp:attachment_url>
																					<wp:postmeta>
							<wp:meta_key><![CDATA[_wp_attached_file]]></wp:meta_key>
							<wp:meta_value><![CDATA[2025/10/xms-product-return.svg]]></wp:meta_value>
						</wp:postmeta>
												<wp:postmeta>
							<wp:meta_key><![CDATA[_elementor_inline_svg]]></wp:meta_key>
							<wp:meta_value><![CDATA[<svg xmlns="http://www.w3.org/2000/svg" width="48" height="48" viewBox="0 0 48 48" fill="none"><path d="M25.3548 43.9917L28.6411 46.4352C28.8179 46.5694 28.9346 46.7679 28.9658 46.9876C28.9971 47.2073 28.9403 47.4305 28.8079 47.6086C28.6755 47.7867 28.4781 47.9054 28.2587 47.9387C28.0393 47.9721 27.8156 47.9175 27.6362 47.7868L22.3213 43.8351C22.226 43.7642 22.1468 43.674 22.0888 43.5703C22.0308 43.4667 21.9954 43.3519 21.985 43.2336C21.9745 43.1153 21.9891 42.9961 22.028 42.8839C22.0668 42.7717 22.1289 42.6689 22.2103 42.5824L26.7481 37.7581C26.8238 37.6775 26.9147 37.6127 27.0155 37.5673C27.1163 37.5218 27.2251 37.4967 27.3356 37.4933C27.4462 37.4899 27.5563 37.5084 27.6597 37.5475C27.7631 37.5867 27.8578 37.6459 27.9383 37.7216C28.2771 38.0402 28.2934 38.5732 27.9748 38.9119L24.7524 42.3377C34.5245 41.9421 42.3529 33.8689 42.3529 23.9999C42.3529 16.9465 38.2339 10.4347 31.8592 7.41019C31.7593 7.3628 31.6697 7.2962 31.5956 7.21418C31.5214 7.13216 31.4641 7.03634 31.427 6.93219C31.3899 6.82803 31.3737 6.71758 31.3792 6.60715C31.3848 6.49671 31.4121 6.38846 31.4595 6.28857C31.6588 5.86838 32.1613 5.68913 32.5811 5.88872C35.9588 7.49129 38.8177 10.0024 40.8489 13.1506C42.9345 16.3835 44.037 20.1351 44.037 23.9999C44.0371 34.5942 35.7737 43.2931 25.3548 43.9917ZM25.7898 5.41744L21.2546 10.2417C21.1759 10.3256 21.0809 10.3925 20.9753 10.4381C20.8697 10.4837 20.7559 10.5072 20.6409 10.507C20.4266 10.5073 20.2203 10.4255 20.0644 10.2785C19.9016 10.1255 19.8063 9.91419 19.7994 9.69098C19.7925 9.46777 19.8746 9.25095 20.0275 9.08822L23.2481 5.66222C13.4755 6.05888 5.64702 14.1317 5.64702 24C5.64702 31.0522 9.76602 37.564 16.1407 40.5897C16.5608 40.7892 16.7398 41.2914 16.5404 41.7115C16.493 41.8114 16.4263 41.901 16.3443 41.9752C16.2623 42.0493 16.1664 42.1066 16.0623 42.1437C15.9581 42.1808 15.8476 42.197 15.7372 42.1915C15.6267 42.1859 15.5185 42.1586 15.4186 42.1112C12.0418 40.5084 9.18336 37.9973 7.15198 34.8494C5.06567 31.6161 3.96289 27.8644 3.96289 24C3.96289 18.6478 6.04705 13.6159 9.83145 9.8311C13.2945 6.36769 17.8024 4.32929 22.6444 4.00763L19.3589 1.56469C19.1821 1.43055 19.0654 1.23204 19.0341 1.0123C19.0029 0.792574 19.0596 0.569395 19.1921 0.391288C19.3245 0.213182 19.5219 0.0945484 19.7413 0.0611809C19.9607 0.0278134 20.1844 0.0824094 20.3638 0.213099L25.6787 4.16485C25.774 4.23573 25.8532 4.32595 25.9111 4.4296C25.9691 4.53324 26.0045 4.64797 26.015 4.76626C26.0255 4.88454 26.0108 5.0037 25.972 5.11592C25.9332 5.22815 25.8711 5.3309 25.7898 5.41744Z" fill="#138670"></path><path fill-rule="evenodd" clip-rule="evenodd" d="M24.0013 12.3411L34.0982 18.1705V29.8295L24.0013 35.6589L13.9045 29.8295V18.1705L24.0013 12.3411Z" fill="#926E43"></path><path fill-rule="evenodd" clip-rule="evenodd" d="M34.0982 18.1705L24.0013 24L13.9045 18.1705L24.0013 12.3411L34.0982 18.1705Z" fill="#D9AC80"></path><path fill-rule="evenodd" clip-rule="evenodd" d="M24.0013 24V35.6589L13.9045 29.8295V18.1705L24.0013 24Z" fill="#A67E4F"></path><path d="M29.8864 15.7385L19.7949 21.5679V25.7053C19.7951 25.8161 19.7734 25.9259 19.7311 26.0283C19.6887 26.1307 19.6266 26.2237 19.5483 26.3021C19.4699 26.3804 19.3769 26.4425 19.2745 26.4849C19.1721 26.5272 19.0623 26.5489 18.9515 26.5487C18.4874 26.5487 18.1108 26.1721 18.1108 25.7053V21.0852C18.1108 20.9239 18.157 20.766 18.244 20.6302C18.3309 20.4943 18.455 20.3863 18.6015 20.3187L28.2103 14.7704L29.8864 15.7385Z" fill="#138670"></path><path d="M19.7949 21.5706V25.7053C19.7951 25.8161 19.7734 25.9259 19.7311 26.0283C19.6887 26.1307 19.6266 26.2237 19.5483 26.3021C19.4699 26.3804 19.3769 26.4425 19.2745 26.4849C19.1721 26.5272 19.0623 26.5489 18.9515 26.5487C18.4874 26.5487 18.1108 26.1721 18.1108 25.7053V21.0852C18.1102 20.9373 18.1486 20.7919 18.2222 20.6635L19.7949 21.5706Z" fill="#0B5143"></path></svg>]]></wp:meta_value>
						</wp:postmeta>
										</item>
								<item>
					<title><![CDATA[xms-blog-9-opt]]></title>
					<link>https://dummy.xtemos.com/woodmart2/christmas-2-elementor/portfolio/fast-fashion-vs-slow-style-which-side-are-you-on/xms-blog-9-opt/</link>
					<pubDate>Sun, 19 Oct 2025 07:31:42 +0000</pubDate>
					<dc:creator><![CDATA[Mr. Mackay]]></dc:creator>
					<guid isPermaLink="false">http://dummy.xtemos.com/woodmart2/christmas-shop-elementor/wp-content/uploads/sites/60/2025/10/xms-blog-9-opt.jpg</guid>
															<wp:post_id>622</wp:post_id>
					<wp:post_date><![CDATA[2025-10-19 07:31:42]]></wp:post_date>
					<wp:post_date_gmt><![CDATA[2025-10-19 07:31:42]]></wp:post_date_gmt>
					<wp:post_modified><![CDATA[2025-10-19 07:31:42]]></wp:post_modified>
					<wp:post_modified_gmt><![CDATA[2025-10-19 07:31:42]]></wp:post_modified_gmt>
					<wp:comment_status><![CDATA[open]]></wp:comment_status>
					<wp:post_name><![CDATA[xms-blog-9-opt]]></wp:post_name>
					<wp:status><![CDATA[inherit]]></wp:status>
					<wp:post_parent>621</wp:post_parent>
					<wp:menu_order>0</wp:menu_order>
					<wp:post_type><![CDATA[attachment]]></wp:post_type>
											<wp:attachment_url><![CDATA[http://dummy.xtemos.com/woodmart2/christmas-2-elementor/wp-content/uploads/sites/60/2025/10/xms-blog-9-opt.jpg]]></wp:attachment_url>
																					<wp:postmeta>
							<wp:meta_key><![CDATA[_wp_attached_file]]></wp:meta_key>
							<wp:meta_value><![CDATA[2025/10/xms-blog-9-opt.jpg]]></wp:meta_value>
						</wp:postmeta>
										</item>
								<item>
					<title><![CDATA[xms-blog-8-opt]]></title>
					<link>https://dummy.xtemos.com/woodmart2/christmas-2-elementor/portfolio/a-brief-history-of-fashion/xms-blog-8-opt/</link>
					<pubDate>Sun, 19 Oct 2025 07:32:18 +0000</pubDate>
					<dc:creator><![CDATA[Mr. Mackay]]></dc:creator>
					<guid isPermaLink="false">http://dummy.xtemos.com/woodmart2/christmas-shop-elementor/wp-content/uploads/sites/60/2025/10/xms-blog-8-opt.jpg</guid>
															<wp:post_id>625</wp:post_id>
					<wp:post_date><![CDATA[2025-10-19 07:32:18]]></wp:post_date>
					<wp:post_date_gmt><![CDATA[2025-10-19 07:32:18]]></wp:post_date_gmt>
					<wp:post_modified><![CDATA[2025-10-19 07:32:18]]></wp:post_modified>
					<wp:post_modified_gmt><![CDATA[2025-10-19 07:32:18]]></wp:post_modified_gmt>
					<wp:comment_status><![CDATA[open]]></wp:comment_status>
					<wp:post_name><![CDATA[xms-blog-8-opt]]></wp:post_name>
					<wp:status><![CDATA[inherit]]></wp:status>
					<wp:post_parent>624</wp:post_parent>
					<wp:menu_order>0</wp:menu_order>
					<wp:post_type><![CDATA[attachment]]></wp:post_type>
											<wp:attachment_url><![CDATA[http://dummy.xtemos.com/woodmart2/christmas-2-elementor/wp-content/uploads/sites/60/2025/10/xms-blog-8-opt.jpg]]></wp:attachment_url>
																					<wp:postmeta>
							<wp:meta_key><![CDATA[_wp_attached_file]]></wp:meta_key>
							<wp:meta_value><![CDATA[2025/10/xms-blog-8-opt.jpg]]></wp:meta_value>
						</wp:postmeta>
										</item>
								<item>
					<title><![CDATA[xms-blog-7-opt]]></title>
					<link>https://dummy.xtemos.com/woodmart2/christmas-2-elementor/portfolio/embracing-modern-styles-a-behind-the-scenes-story-of-fashion/xms-blog-7-opt/</link>
					<pubDate>Sun, 19 Oct 2025 07:32:48 +0000</pubDate>
					<dc:creator><![CDATA[Mr. Mackay]]></dc:creator>
					<guid isPermaLink="false">http://dummy.xtemos.com/woodmart2/christmas-shop-elementor/wp-content/uploads/sites/60/2025/10/xms-blog-7-opt.jpg</guid>
															<wp:post_id>628</wp:post_id>
					<wp:post_date><![CDATA[2025-10-19 07:32:48]]></wp:post_date>
					<wp:post_date_gmt><![CDATA[2025-10-19 07:32:48]]></wp:post_date_gmt>
					<wp:post_modified><![CDATA[2025-10-19 07:32:48]]></wp:post_modified>
					<wp:post_modified_gmt><![CDATA[2025-10-19 07:32:48]]></wp:post_modified_gmt>
					<wp:comment_status><![CDATA[open]]></wp:comment_status>
					<wp:post_name><![CDATA[xms-blog-7-opt]]></wp:post_name>
					<wp:status><![CDATA[inherit]]></wp:status>
					<wp:post_parent>627</wp:post_parent>
					<wp:menu_order>0</wp:menu_order>
					<wp:post_type><![CDATA[attachment]]></wp:post_type>
											<wp:attachment_url><![CDATA[http://dummy.xtemos.com/woodmart2/christmas-2-elementor/wp-content/uploads/sites/60/2025/10/xms-blog-7-opt.jpg]]></wp:attachment_url>
																					<wp:postmeta>
							<wp:meta_key><![CDATA[_wp_attached_file]]></wp:meta_key>
							<wp:meta_value><![CDATA[2025/10/xms-blog-7-opt.jpg]]></wp:meta_value>
						</wp:postmeta>
										</item>
								<item>
					<title><![CDATA[xms-blog-6-opt]]></title>
					<link>https://dummy.xtemos.com/woodmart2/christmas-2-elementor/portfolio/embracing-modern-styles-a-behind-the-scenes-story-of-fashion-2/xms-blog-6-opt/</link>
					<pubDate>Sun, 19 Oct 2025 07:33:17 +0000</pubDate>
					<dc:creator><![CDATA[Mr. Mackay]]></dc:creator>
					<guid isPermaLink="false">http://dummy.xtemos.com/woodmart2/christmas-shop-elementor/wp-content/uploads/sites/60/2025/10/xms-blog-6-opt.jpg</guid>
															<wp:post_id>631</wp:post_id>
					<wp:post_date><![CDATA[2025-10-19 07:33:17]]></wp:post_date>
					<wp:post_date_gmt><![CDATA[2025-10-19 07:33:17]]></wp:post_date_gmt>
					<wp:post_modified><![CDATA[2025-10-19 07:33:17]]></wp:post_modified>
					<wp:post_modified_gmt><![CDATA[2025-10-19 07:33:17]]></wp:post_modified_gmt>
					<wp:comment_status><![CDATA[open]]></wp:comment_status>
					<wp:post_name><![CDATA[xms-blog-6-opt]]></wp:post_name>
					<wp:status><![CDATA[inherit]]></wp:status>
					<wp:post_parent>630</wp:post_parent>
					<wp:menu_order>0</wp:menu_order>
					<wp:post_type><![CDATA[attachment]]></wp:post_type>
											<wp:attachment_url><![CDATA[http://dummy.xtemos.com/woodmart2/christmas-2-elementor/wp-content/uploads/sites/60/2025/10/xms-blog-6-opt.jpg]]></wp:attachment_url>
																					<wp:postmeta>
							<wp:meta_key><![CDATA[_wp_attached_file]]></wp:meta_key>
							<wp:meta_value><![CDATA[2025/10/xms-blog-6-opt.jpg]]></wp:meta_value>
						</wp:postmeta>
										</item>
								<item>
					<title><![CDATA[xms-blog-5-opt]]></title>
					<link>https://dummy.xtemos.com/woodmart2/christmas-2-elementor/portfolio/sustainability-is-the-new-black/xms-blog-5-opt/</link>
					<pubDate>Sun, 19 Oct 2025 07:33:43 +0000</pubDate>
					<dc:creator><![CDATA[Mr. Mackay]]></dc:creator>
					<guid isPermaLink="false">http://dummy.xtemos.com/woodmart2/christmas-shop-elementor/wp-content/uploads/sites/60/2025/10/xms-blog-5-opt.jpg</guid>
															<wp:post_id>634</wp:post_id>
					<wp:post_date><![CDATA[2025-10-19 07:33:43]]></wp:post_date>
					<wp:post_date_gmt><![CDATA[2025-10-19 07:33:43]]></wp:post_date_gmt>
					<wp:post_modified><![CDATA[2025-10-19 07:33:43]]></wp:post_modified>
					<wp:post_modified_gmt><![CDATA[2025-10-19 07:33:43]]></wp:post_modified_gmt>
					<wp:comment_status><![CDATA[open]]></wp:comment_status>
					<wp:post_name><![CDATA[xms-blog-5-opt]]></wp:post_name>
					<wp:status><![CDATA[inherit]]></wp:status>
					<wp:post_parent>633</wp:post_parent>
					<wp:menu_order>0</wp:menu_order>
					<wp:post_type><![CDATA[attachment]]></wp:post_type>
											<wp:attachment_url><![CDATA[http://dummy.xtemos.com/woodmart2/christmas-2-elementor/wp-content/uploads/sites/60/2025/10/xms-blog-5-opt.jpg]]></wp:attachment_url>
																					<wp:postmeta>
							<wp:meta_key><![CDATA[_wp_attached_file]]></wp:meta_key>
							<wp:meta_value><![CDATA[2025/10/xms-blog-5-opt.jpg]]></wp:meta_value>
						</wp:postmeta>
										</item>
								<item>
					<title><![CDATA[xms-blog-4-opt]]></title>
					<link>https://dummy.xtemos.com/woodmart2/christmas-2-elementor/portfolio/digital-dress-code-how-social-media-shapes-your-wardrobe/xms-blog-4-opt/</link>
					<pubDate>Sun, 19 Oct 2025 07:34:09 +0000</pubDate>
					<dc:creator><![CDATA[Mr. Mackay]]></dc:creator>
					<guid isPermaLink="false">http://dummy.xtemos.com/woodmart2/christmas-shop-elementor/wp-content/uploads/sites/60/2025/10/xms-blog-4-opt.jpg</guid>
															<wp:post_id>637</wp:post_id>
					<wp:post_date><![CDATA[2025-10-19 07:34:09]]></wp:post_date>
					<wp:post_date_gmt><![CDATA[2025-10-19 07:34:09]]></wp:post_date_gmt>
					<wp:post_modified><![CDATA[2025-10-19 07:34:09]]></wp:post_modified>
					<wp:post_modified_gmt><![CDATA[2025-10-19 07:34:09]]></wp:post_modified_gmt>
					<wp:comment_status><![CDATA[open]]></wp:comment_status>
					<wp:post_name><![CDATA[xms-blog-4-opt]]></wp:post_name>
					<wp:status><![CDATA[inherit]]></wp:status>
					<wp:post_parent>636</wp:post_parent>
					<wp:menu_order>0</wp:menu_order>
					<wp:post_type><![CDATA[attachment]]></wp:post_type>
											<wp:attachment_url><![CDATA[http://dummy.xtemos.com/woodmart2/christmas-2-elementor/wp-content/uploads/sites/60/2025/10/xms-blog-4-opt.jpg]]></wp:attachment_url>
																					<wp:postmeta>
							<wp:meta_key><![CDATA[_wp_attached_file]]></wp:meta_key>
							<wp:meta_value><![CDATA[2025/10/xms-blog-4-opt.jpg]]></wp:meta_value>
						</wp:postmeta>
										</item>
				</channel>
</rss>
	