<?xml version="1.0" encoding="UTF-8" ?>
	<!-- This is a WordPress eXtended RSS file generated by WordPress as an export of your site. -->
	<!-- It contains information about your site's posts, pages, comments, categories, and other content. -->
	<!-- You may use this file to transfer that content from one site to another. -->
	<!-- This file is not intended to serve as a complete backup of your site. -->

	<!-- To import this information into a WordPress site follow these steps: -->
	<!-- 1. Log in to that site as an administrator. -->
	<!-- 2. Go to Tools: Import in the WordPress admin panel. -->
	<!-- 3. Install the "WordPress" importer from the list. -->
	<!-- 4. Activate & Run Importer. -->
	<!-- 5. Upload this file using the form provided on that page. -->
	<!-- 6. You will first be asked to map the authors in this export file to users -->
	<!--    on the site. For each author, you may choose to map to an -->
	<!--    existing user on the site or to create a new user. -->
	<!-- 7. WordPress will then import each of the posts, pages, comments, categories, etc. -->
	<!--    contained in this file into your site. -->

	<!-- generator="WordPress/6.7.4" created="2025-10-28 13:08" -->
<rss version="2.0"
	xmlns:excerpt="http://wordpress.org/export/1.2/excerpt/"
	xmlns:content="http://purl.org/rss/1.0/modules/content/"
	xmlns:wfw="http://wellformedweb.org/CommentAPI/"
	xmlns:dc="http://purl.org/dc/elements/1.1/"
	xmlns:wp="http://wordpress.org/export/1.2/"
>

<channel>
	<title>christmas-2</title>
	<link>https://dummy.xtemos.com/woodmart2/christmas-2</link>
	<description></description>
	<pubDate>Tue, 28 Oct 2025 13:08:20 +0000</pubDate>
	<language>en-US</language>
	<wp:wxr_version>1.2</wp:wxr_version>
	<wp:base_site_url>https://dummy.xtemos.com/woodmart2/</wp:base_site_url>
	<wp:base_blog_url>https://dummy.xtemos.com/woodmart2/christmas-2</wp:base_blog_url>

	
					<wp:term>
			<wp:term_id>0</wp:term_id>
			<wp:term_taxonomy><![CDATA[]]></wp:term_taxonomy>
			<wp:term_slug><![CDATA[]]></wp:term_slug>
			<wp:term_parent><![CDATA[]]></wp:term_parent>
					</wp:term>
		
	<generator>https://wordpress.org/?v=6.7.4</generator>

					<item>
					<title><![CDATA[xms-logo-default]]></title>
					<link>https://dummy.xtemos.com/woodmart2/christmas-2/xms-logo-default/</link>
					<pubDate>Tue, 21 Oct 2025 08:53:15 +0000</pubDate>
					<dc:creator><![CDATA[Mr. Mackay]]></dc:creator>
					<guid isPermaLink="false">http://dummy.xtemos.com/woodmart2/christmas-shop/wp-content/uploads/sites/59/2025/10/xms-logo-default.svg</guid>
															<wp:post_id>194</wp:post_id>
					<wp:post_date><![CDATA[2025-10-21 08:53:15]]></wp:post_date>
					<wp:post_date_gmt><![CDATA[2025-10-21 08:53:15]]></wp:post_date_gmt>
					<wp:post_modified><![CDATA[2025-10-21 08:53:15]]></wp:post_modified>
					<wp:post_modified_gmt><![CDATA[2025-10-21 08:53:15]]></wp:post_modified_gmt>
					<wp:comment_status><![CDATA[open]]></wp:comment_status>
					<wp:post_name><![CDATA[xms-logo-default]]></wp:post_name>
					<wp:status><![CDATA[inherit]]></wp:status>
					<wp:post_parent>0</wp:post_parent>
					<wp:menu_order>0</wp:menu_order>
					<wp:post_type><![CDATA[attachment]]></wp:post_type>
											<wp:attachment_url><![CDATA[http://dummy.xtemos.com/woodmart2/christmas-2/wp-content/uploads/sites/59/2025/10/xms-logo-default.svg]]></wp:attachment_url>
																					<wp:postmeta>
							<wp:meta_key><![CDATA[_wp_attached_file]]></wp:meta_key>
							<wp:meta_value><![CDATA[2025/10/xms-logo-default.svg]]></wp:meta_value>
						</wp:postmeta>
										</item>
								<item>
					<title><![CDATA[xms-flag-us]]></title>
					<link>https://dummy.xtemos.com/woodmart2/christmas-2/xms-flag-us/</link>
					<pubDate>Tue, 21 Oct 2025 08:54:14 +0000</pubDate>
					<dc:creator><![CDATA[Mr. Mackay]]></dc:creator>
					<guid isPermaLink="false">http://dummy.xtemos.com/woodmart2/christmas-shop/wp-content/uploads/sites/59/2025/10/xms-flag-us.svg</guid>
															<wp:post_id>195</wp:post_id>
					<wp:post_date><![CDATA[2025-10-21 08:54:14]]></wp:post_date>
					<wp:post_date_gmt><![CDATA[2025-10-21 08:54:14]]></wp:post_date_gmt>
					<wp:post_modified><![CDATA[2025-10-21 08:54:14]]></wp:post_modified>
					<wp:post_modified_gmt><![CDATA[2025-10-21 08:54:14]]></wp:post_modified_gmt>
					<wp:comment_status><![CDATA[open]]></wp:comment_status>
					<wp:post_name><![CDATA[xms-flag-us]]></wp:post_name>
					<wp:status><![CDATA[inherit]]></wp:status>
					<wp:post_parent>0</wp:post_parent>
					<wp:menu_order>0</wp:menu_order>
					<wp:post_type><![CDATA[attachment]]></wp:post_type>
											<wp:attachment_url><![CDATA[http://dummy.xtemos.com/woodmart2/christmas-2/wp-content/uploads/sites/59/2025/10/xms-flag-us.svg]]></wp:attachment_url>
																					<wp:postmeta>
							<wp:meta_key><![CDATA[_wp_attached_file]]></wp:meta_key>
							<wp:meta_value><![CDATA[2025/10/xms-flag-us.svg]]></wp:meta_value>
						</wp:postmeta>
										</item>
								<item>
					<title><![CDATA[xms-flag-det]]></title>
					<link>https://dummy.xtemos.com/woodmart2/christmas-2/xms-flag-det/</link>
					<pubDate>Tue, 21 Oct 2025 08:54:15 +0000</pubDate>
					<dc:creator><![CDATA[Mr. Mackay]]></dc:creator>
					<guid isPermaLink="false">http://dummy.xtemos.com/woodmart2/christmas-shop/wp-content/uploads/sites/59/2025/10/xms-flag-det.svg</guid>
															<wp:post_id>196</wp:post_id>
					<wp:post_date><![CDATA[2025-10-21 08:54:15]]></wp:post_date>
					<wp:post_date_gmt><![CDATA[2025-10-21 08:54:15]]></wp:post_date_gmt>
					<wp:post_modified><![CDATA[2025-10-21 08:54:15]]></wp:post_modified>
					<wp:post_modified_gmt><![CDATA[2025-10-21 08:54:15]]></wp:post_modified_gmt>
					<wp:comment_status><![CDATA[open]]></wp:comment_status>
					<wp:post_name><![CDATA[xms-flag-det]]></wp:post_name>
					<wp:status><![CDATA[inherit]]></wp:status>
					<wp:post_parent>0</wp:post_parent>
					<wp:menu_order>0</wp:menu_order>
					<wp:post_type><![CDATA[attachment]]></wp:post_type>
											<wp:attachment_url><![CDATA[http://dummy.xtemos.com/woodmart2/christmas-2/wp-content/uploads/sites/59/2025/10/xms-flag-det.svg]]></wp:attachment_url>
																					<wp:postmeta>
							<wp:meta_key><![CDATA[_wp_attached_file]]></wp:meta_key>
							<wp:meta_value><![CDATA[2025/10/xms-flag-det.svg]]></wp:meta_value>
						</wp:postmeta>
										</item>
								<item>
					<title><![CDATA[xms-flag-uk]]></title>
					<link>https://dummy.xtemos.com/woodmart2/christmas-2/xms-flag-uk/</link>
					<pubDate>Tue, 21 Oct 2025 08:54:17 +0000</pubDate>
					<dc:creator><![CDATA[Mr. Mackay]]></dc:creator>
					<guid isPermaLink="false">http://dummy.xtemos.com/woodmart2/christmas-shop/wp-content/uploads/sites/59/2025/10/xms-flag-uk.svg</guid>
															<wp:post_id>197</wp:post_id>
					<wp:post_date><![CDATA[2025-10-21 08:54:17]]></wp:post_date>
					<wp:post_date_gmt><![CDATA[2025-10-21 08:54:17]]></wp:post_date_gmt>
					<wp:post_modified><![CDATA[2025-10-21 08:54:17]]></wp:post_modified>
					<wp:post_modified_gmt><![CDATA[2025-10-21 08:54:17]]></wp:post_modified_gmt>
					<wp:comment_status><![CDATA[open]]></wp:comment_status>
					<wp:post_name><![CDATA[xms-flag-uk]]></wp:post_name>
					<wp:status><![CDATA[inherit]]></wp:status>
					<wp:post_parent>0</wp:post_parent>
					<wp:menu_order>0</wp:menu_order>
					<wp:post_type><![CDATA[attachment]]></wp:post_type>
											<wp:attachment_url><![CDATA[http://dummy.xtemos.com/woodmart2/christmas-2/wp-content/uploads/sites/59/2025/10/xms-flag-uk.svg]]></wp:attachment_url>
																					<wp:postmeta>
							<wp:meta_key><![CDATA[_wp_attached_file]]></wp:meta_key>
							<wp:meta_value><![CDATA[2025/10/xms-flag-uk.svg]]></wp:meta_value>
						</wp:postmeta>
										</item>
								<item>
					<title><![CDATA[xms-marquee-car]]></title>
					<link>https://dummy.xtemos.com/woodmart2/christmas-2/home-christmas-shop/xms-marquee-car/</link>
					<pubDate>Tue, 21 Oct 2025 09:23:46 +0000</pubDate>
					<dc:creator><![CDATA[Mr. Mackay]]></dc:creator>
					<guid isPermaLink="false">http://dummy.xtemos.com/woodmart2/christmas-shop/wp-content/uploads/sites/59/2025/10/xms-marquee-car.jpg</guid>
															<wp:post_id>203</wp:post_id>
					<wp:post_date><![CDATA[2025-10-21 09:23:46]]></wp:post_date>
					<wp:post_date_gmt><![CDATA[2025-10-21 09:23:46]]></wp:post_date_gmt>
					<wp:post_modified><![CDATA[2025-10-21 09:23:46]]></wp:post_modified>
					<wp:post_modified_gmt><![CDATA[2025-10-21 09:23:46]]></wp:post_modified_gmt>
					<wp:comment_status><![CDATA[open]]></wp:comment_status>
					<wp:post_name><![CDATA[xms-marquee-car]]></wp:post_name>
					<wp:status><![CDATA[inherit]]></wp:status>
					<wp:post_parent>160</wp:post_parent>
					<wp:menu_order>0</wp:menu_order>
					<wp:post_type><![CDATA[attachment]]></wp:post_type>
											<wp:attachment_url><![CDATA[http://dummy.xtemos.com/woodmart2/christmas-2/wp-content/uploads/sites/59/2025/10/xms-marquee-car.jpg]]></wp:attachment_url>
																					<wp:postmeta>
							<wp:meta_key><![CDATA[_wp_attached_file]]></wp:meta_key>
							<wp:meta_value><![CDATA[2025/10/xms-marquee-car.jpg]]></wp:meta_value>
						</wp:postmeta>
										</item>
								<item>
					<title><![CDATA[xms-marquee-tree]]></title>
					<link>https://dummy.xtemos.com/woodmart2/christmas-2/home-christmas-shop/xms-marquee-tree/</link>
					<pubDate>Tue, 21 Oct 2025 09:26:51 +0000</pubDate>
					<dc:creator><![CDATA[Mr. Mackay]]></dc:creator>
					<guid isPermaLink="false">http://dummy.xtemos.com/woodmart2/christmas-shop/wp-content/uploads/sites/59/2025/10/xms-marquee-tree.jpg</guid>
															<wp:post_id>204</wp:post_id>
					<wp:post_date><![CDATA[2025-10-21 09:26:51]]></wp:post_date>
					<wp:post_date_gmt><![CDATA[2025-10-21 09:26:51]]></wp:post_date_gmt>
					<wp:post_modified><![CDATA[2025-10-21 09:26:51]]></wp:post_modified>
					<wp:post_modified_gmt><![CDATA[2025-10-21 09:26:51]]></wp:post_modified_gmt>
					<wp:comment_status><![CDATA[open]]></wp:comment_status>
					<wp:post_name><![CDATA[xms-marquee-tree]]></wp:post_name>
					<wp:status><![CDATA[inherit]]></wp:status>
					<wp:post_parent>160</wp:post_parent>
					<wp:menu_order>0</wp:menu_order>
					<wp:post_type><![CDATA[attachment]]></wp:post_type>
											<wp:attachment_url><![CDATA[http://dummy.xtemos.com/woodmart2/christmas-2/wp-content/uploads/sites/59/2025/10/xms-marquee-tree.jpg]]></wp:attachment_url>
																					<wp:postmeta>
							<wp:meta_key><![CDATA[_wp_attached_file]]></wp:meta_key>
							<wp:meta_value><![CDATA[2025/10/xms-marquee-tree.jpg]]></wp:meta_value>
						</wp:postmeta>
										</item>
								<item>
					<title><![CDATA[xms-marquee-lights]]></title>
					<link>https://dummy.xtemos.com/woodmart2/christmas-2/home-christmas-shop/xms-marquee-lights/</link>
					<pubDate>Tue, 21 Oct 2025 09:27:18 +0000</pubDate>
					<dc:creator><![CDATA[Mr. Mackay]]></dc:creator>
					<guid isPermaLink="false">http://dummy.xtemos.com/woodmart2/christmas-shop/wp-content/uploads/sites/59/2025/10/xms-marquee-lights.jpg</guid>
															<wp:post_id>205</wp:post_id>
					<wp:post_date><![CDATA[2025-10-21 09:27:18]]></wp:post_date>
					<wp:post_date_gmt><![CDATA[2025-10-21 09:27:18]]></wp:post_date_gmt>
					<wp:post_modified><![CDATA[2025-10-21 09:27:18]]></wp:post_modified>
					<wp:post_modified_gmt><![CDATA[2025-10-21 09:27:18]]></wp:post_modified_gmt>
					<wp:comment_status><![CDATA[open]]></wp:comment_status>
					<wp:post_name><![CDATA[xms-marquee-lights]]></wp:post_name>
					<wp:status><![CDATA[inherit]]></wp:status>
					<wp:post_parent>160</wp:post_parent>
					<wp:menu_order>0</wp:menu_order>
					<wp:post_type><![CDATA[attachment]]></wp:post_type>
											<wp:attachment_url><![CDATA[http://dummy.xtemos.com/woodmart2/christmas-2/wp-content/uploads/sites/59/2025/10/xms-marquee-lights.jpg]]></wp:attachment_url>
																					<wp:postmeta>
							<wp:meta_key><![CDATA[_wp_attached_file]]></wp:meta_key>
							<wp:meta_value><![CDATA[2025/10/xms-marquee-lights.jpg]]></wp:meta_value>
						</wp:postmeta>
										</item>
								<item>
					<title><![CDATA[xms-product-return]]></title>
					<link>https://dummy.xtemos.com/woodmart2/christmas-2/home-christmas-shop/xms-product-return/</link>
					<pubDate>Tue, 21 Oct 2025 09:27:52 +0000</pubDate>
					<dc:creator><![CDATA[Mr. Mackay]]></dc:creator>
					<guid isPermaLink="false">http://dummy.xtemos.com/woodmart2/christmas-shop/wp-content/uploads/sites/59/2025/10/xms-product-return.svg</guid>
															<wp:post_id>206</wp:post_id>
					<wp:post_date><![CDATA[2025-10-21 09:27:52]]></wp:post_date>
					<wp:post_date_gmt><![CDATA[2025-10-21 09:27:52]]></wp:post_date_gmt>
					<wp:post_modified><![CDATA[2025-10-21 09:27:52]]></wp:post_modified>
					<wp:post_modified_gmt><![CDATA[2025-10-21 09:27:52]]></wp:post_modified_gmt>
					<wp:comment_status><![CDATA[open]]></wp:comment_status>
					<wp:post_name><![CDATA[xms-product-return]]></wp:post_name>
					<wp:status><![CDATA[inherit]]></wp:status>
					<wp:post_parent>160</wp:post_parent>
					<wp:menu_order>0</wp:menu_order>
					<wp:post_type><![CDATA[attachment]]></wp:post_type>
											<wp:attachment_url><![CDATA[http://dummy.xtemos.com/woodmart2/christmas-2/wp-content/uploads/sites/59/2025/10/xms-product-return.svg]]></wp:attachment_url>
																					<wp:postmeta>
							<wp:meta_key><![CDATA[_wp_attached_file]]></wp:meta_key>
							<wp:meta_value><![CDATA[2025/10/xms-product-return.svg]]></wp:meta_value>
						</wp:postmeta>
										</item>
								<item>
					<title><![CDATA[xms-banner-ceramic-houses-opt]]></title>
					<link>https://dummy.xtemos.com/woodmart2/christmas-2/home-christmas-shop/xms-banner-ceramic-houses-opt/</link>
					<pubDate>Tue, 21 Oct 2025 09:33:17 +0000</pubDate>
					<dc:creator><![CDATA[Mr. Mackay]]></dc:creator>
					<guid isPermaLink="false">http://dummy.xtemos.com/woodmart2/christmas-shop/wp-content/uploads/sites/59/2025/10/xms-banner-ceramic-houses-opt.jpg</guid>
															<wp:post_id>212</wp:post_id>
					<wp:post_date><![CDATA[2025-10-21 09:33:17]]></wp:post_date>
					<wp:post_date_gmt><![CDATA[2025-10-21 09:33:17]]></wp:post_date_gmt>
					<wp:post_modified><![CDATA[2025-10-21 09:33:17]]></wp:post_modified>
					<wp:post_modified_gmt><![CDATA[2025-10-21 09:33:17]]></wp:post_modified_gmt>
					<wp:comment_status><![CDATA[open]]></wp:comment_status>
					<wp:post_name><![CDATA[xms-banner-ceramic-houses-opt]]></wp:post_name>
					<wp:status><![CDATA[inherit]]></wp:status>
					<wp:post_parent>160</wp:post_parent>
					<wp:menu_order>0</wp:menu_order>
					<wp:post_type><![CDATA[attachment]]></wp:post_type>
											<wp:attachment_url><![CDATA[http://dummy.xtemos.com/woodmart2/christmas-2/wp-content/uploads/sites/59/2025/10/xms-banner-ceramic-houses-opt.jpg]]></wp:attachment_url>
																					<wp:postmeta>
							<wp:meta_key><![CDATA[_wp_attached_file]]></wp:meta_key>
							<wp:meta_value><![CDATA[2025/10/xms-banner-ceramic-houses-opt.jpg]]></wp:meta_value>
						</wp:postmeta>
										</item>
								<item>
					<title><![CDATA[toy-1]]></title>
					<link>https://dummy.xtemos.com/woodmart2/christmas-2/home-christmas-shop/toy-1/</link>
					<pubDate>Tue, 21 Oct 2025 09:55:30 +0000</pubDate>
					<dc:creator><![CDATA[Mr. Mackay]]></dc:creator>
					<guid isPermaLink="false">http://dummy.xtemos.com/woodmart2/christmas-shop/wp-content/uploads/sites/59/2025/10/toy-1.jpg</guid>
															<wp:post_id>232</wp:post_id>
					<wp:post_date><![CDATA[2025-10-21 09:55:30]]></wp:post_date>
					<wp:post_date_gmt><![CDATA[2025-10-21 09:55:30]]></wp:post_date_gmt>
					<wp:post_modified><![CDATA[2025-10-21 09:55:30]]></wp:post_modified>
					<wp:post_modified_gmt><![CDATA[2025-10-21 09:55:30]]></wp:post_modified_gmt>
					<wp:comment_status><![CDATA[open]]></wp:comment_status>
					<wp:post_name><![CDATA[toy-1]]></wp:post_name>
					<wp:status><![CDATA[inherit]]></wp:status>
					<wp:post_parent>160</wp:post_parent>
					<wp:menu_order>0</wp:menu_order>
					<wp:post_type><![CDATA[attachment]]></wp:post_type>
											<wp:attachment_url><![CDATA[http://dummy.xtemos.com/woodmart2/christmas-2/wp-content/uploads/sites/59/2025/10/toy-1.jpg]]></wp:attachment_url>
																					<wp:postmeta>
							<wp:meta_key><![CDATA[_wp_attached_file]]></wp:meta_key>
							<wp:meta_value><![CDATA[2025/10/toy-1.jpg]]></wp:meta_value>
						</wp:postmeta>
										</item>
								<item>
					<title><![CDATA[toy-2]]></title>
					<link>https://dummy.xtemos.com/woodmart2/christmas-2/home-christmas-shop/toy-2/</link>
					<pubDate>Tue, 21 Oct 2025 09:55:46 +0000</pubDate>
					<dc:creator><![CDATA[Mr. Mackay]]></dc:creator>
					<guid isPermaLink="false">http://dummy.xtemos.com/woodmart2/christmas-shop/wp-content/uploads/sites/59/2025/10/toy-2.jpg</guid>
															<wp:post_id>233</wp:post_id>
					<wp:post_date><![CDATA[2025-10-21 09:55:46]]></wp:post_date>
					<wp:post_date_gmt><![CDATA[2025-10-21 09:55:46]]></wp:post_date_gmt>
					<wp:post_modified><![CDATA[2025-10-21 09:55:46]]></wp:post_modified>
					<wp:post_modified_gmt><![CDATA[2025-10-21 09:55:46]]></wp:post_modified_gmt>
					<wp:comment_status><![CDATA[open]]></wp:comment_status>
					<wp:post_name><![CDATA[toy-2]]></wp:post_name>
					<wp:status><![CDATA[inherit]]></wp:status>
					<wp:post_parent>160</wp:post_parent>
					<wp:menu_order>0</wp:menu_order>
					<wp:post_type><![CDATA[attachment]]></wp:post_type>
											<wp:attachment_url><![CDATA[http://dummy.xtemos.com/woodmart2/christmas-2/wp-content/uploads/sites/59/2025/10/toy-2.jpg]]></wp:attachment_url>
																					<wp:postmeta>
							<wp:meta_key><![CDATA[_wp_attached_file]]></wp:meta_key>
							<wp:meta_value><![CDATA[2025/10/toy-2.jpg]]></wp:meta_value>
						</wp:postmeta>
										</item>
								<item>
					<title><![CDATA[toy-3]]></title>
					<link>https://dummy.xtemos.com/woodmart2/christmas-2/home-christmas-shop/toy-3/</link>
					<pubDate>Tue, 21 Oct 2025 09:56:06 +0000</pubDate>
					<dc:creator><![CDATA[Mr. Mackay]]></dc:creator>
					<guid isPermaLink="false">http://dummy.xtemos.com/woodmart2/christmas-shop/wp-content/uploads/sites/59/2025/10/toy-3.jpg</guid>
															<wp:post_id>234</wp:post_id>
					<wp:post_date><![CDATA[2025-10-21 09:56:06]]></wp:post_date>
					<wp:post_date_gmt><![CDATA[2025-10-21 09:56:06]]></wp:post_date_gmt>
					<wp:post_modified><![CDATA[2025-10-21 09:56:06]]></wp:post_modified>
					<wp:post_modified_gmt><![CDATA[2025-10-21 09:56:06]]></wp:post_modified_gmt>
					<wp:comment_status><![CDATA[open]]></wp:comment_status>
					<wp:post_name><![CDATA[toy-3]]></wp:post_name>
					<wp:status><![CDATA[inherit]]></wp:status>
					<wp:post_parent>160</wp:post_parent>
					<wp:menu_order>0</wp:menu_order>
					<wp:post_type><![CDATA[attachment]]></wp:post_type>
											<wp:attachment_url><![CDATA[http://dummy.xtemos.com/woodmart2/christmas-2/wp-content/uploads/sites/59/2025/10/toy-3.jpg]]></wp:attachment_url>
																					<wp:postmeta>
							<wp:meta_key><![CDATA[_wp_attached_file]]></wp:meta_key>
							<wp:meta_value><![CDATA[2025/10/toy-3.jpg]]></wp:meta_value>
						</wp:postmeta>
										</item>
								<item>
					<title><![CDATA[toy-4]]></title>
					<link>https://dummy.xtemos.com/woodmart2/christmas-2/home-christmas-shop/toy-4/</link>
					<pubDate>Tue, 21 Oct 2025 09:56:24 +0000</pubDate>
					<dc:creator><![CDATA[Mr. Mackay]]></dc:creator>
					<guid isPermaLink="false">http://dummy.xtemos.com/woodmart2/christmas-shop/wp-content/uploads/sites/59/2025/10/toy-4.jpg</guid>
															<wp:post_id>235</wp:post_id>
					<wp:post_date><![CDATA[2025-10-21 09:56:24]]></wp:post_date>
					<wp:post_date_gmt><![CDATA[2025-10-21 09:56:24]]></wp:post_date_gmt>
					<wp:post_modified><![CDATA[2025-10-21 09:56:24]]></wp:post_modified>
					<wp:post_modified_gmt><![CDATA[2025-10-21 09:56:24]]></wp:post_modified_gmt>
					<wp:comment_status><![CDATA[open]]></wp:comment_status>
					<wp:post_name><![CDATA[toy-4]]></wp:post_name>
					<wp:status><![CDATA[inherit]]></wp:status>
					<wp:post_parent>160</wp:post_parent>
					<wp:menu_order>0</wp:menu_order>
					<wp:post_type><![CDATA[attachment]]></wp:post_type>
											<wp:attachment_url><![CDATA[http://dummy.xtemos.com/woodmart2/christmas-2/wp-content/uploads/sites/59/2025/10/toy-4.jpg]]></wp:attachment_url>
																					<wp:postmeta>
							<wp:meta_key><![CDATA[_wp_attached_file]]></wp:meta_key>
							<wp:meta_value><![CDATA[2025/10/toy-4.jpg]]></wp:meta_value>
						</wp:postmeta>
										</item>
								<item>
					<title><![CDATA[xms-banner-wing-angels-set-opt]]></title>
					<link>https://dummy.xtemos.com/woodmart2/christmas-2/home-christmas-shop/xms-banner-wing-angels-set-opt/</link>
					<pubDate>Tue, 21 Oct 2025 11:36:46 +0000</pubDate>
					<dc:creator><![CDATA[Mr. Mackay]]></dc:creator>
					<guid isPermaLink="false">http://dummy.xtemos.com/woodmart2/christmas-shop/wp-content/uploads/sites/59/2025/10/xms-banner-wing-angels-set-opt.jpg</guid>
															<wp:post_id>255</wp:post_id>
					<wp:post_date><![CDATA[2025-10-21 11:36:46]]></wp:post_date>
					<wp:post_date_gmt><![CDATA[2025-10-21 11:36:46]]></wp:post_date_gmt>
					<wp:post_modified><![CDATA[2025-10-21 11:36:46]]></wp:post_modified>
					<wp:post_modified_gmt><![CDATA[2025-10-21 11:36:46]]></wp:post_modified_gmt>
					<wp:comment_status><![CDATA[open]]></wp:comment_status>
					<wp:post_name><![CDATA[xms-banner-wing-angels-set-opt]]></wp:post_name>
					<wp:status><![CDATA[inherit]]></wp:status>
					<wp:post_parent>160</wp:post_parent>
					<wp:menu_order>0</wp:menu_order>
					<wp:post_type><![CDATA[attachment]]></wp:post_type>
											<wp:attachment_url><![CDATA[http://dummy.xtemos.com/woodmart2/christmas-2/wp-content/uploads/sites/59/2025/10/xms-banner-wing-angels-set-opt.jpg]]></wp:attachment_url>
																					<wp:postmeta>
							<wp:meta_key><![CDATA[_wp_attached_file]]></wp:meta_key>
							<wp:meta_value><![CDATA[2025/10/xms-banner-wing-angels-set-opt.jpg]]></wp:meta_value>
						</wp:postmeta>
										</item>
								<item>
					<title><![CDATA[xms-instagram-1-opt]]></title>
					<link>https://dummy.xtemos.com/woodmart2/christmas-2/home-christmas-shop/xms-instagram-1-opt/</link>
					<pubDate>Tue, 21 Oct 2025 11:43:34 +0000</pubDate>
					<dc:creator><![CDATA[Mr. Mackay]]></dc:creator>
					<guid isPermaLink="false">http://dummy.xtemos.com/woodmart2/christmas-shop/wp-content/uploads/sites/59/2025/10/xms-instagram-1-opt.jpg</guid>
															<wp:post_id>263</wp:post_id>
					<wp:post_date><![CDATA[2025-10-21 11:43:34]]></wp:post_date>
					<wp:post_date_gmt><![CDATA[2025-10-21 11:43:34]]></wp:post_date_gmt>
					<wp:post_modified><![CDATA[2025-10-21 11:43:34]]></wp:post_modified>
					<wp:post_modified_gmt><![CDATA[2025-10-21 11:43:34]]></wp:post_modified_gmt>
					<wp:comment_status><![CDATA[open]]></wp:comment_status>
					<wp:post_name><![CDATA[xms-instagram-1-opt]]></wp:post_name>
					<wp:status><![CDATA[inherit]]></wp:status>
					<wp:post_parent>160</wp:post_parent>
					<wp:menu_order>0</wp:menu_order>
					<wp:post_type><![CDATA[attachment]]></wp:post_type>
											<wp:attachment_url><![CDATA[http://dummy.xtemos.com/woodmart2/christmas-2/wp-content/uploads/sites/59/2025/10/xms-instagram-1-opt.jpg]]></wp:attachment_url>
																					<wp:postmeta>
							<wp:meta_key><![CDATA[_wp_attached_file]]></wp:meta_key>
							<wp:meta_value><![CDATA[2025/10/xms-instagram-1-opt.jpg]]></wp:meta_value>
						</wp:postmeta>
										</item>
								<item>
					<title><![CDATA[xms-logo-footer]]></title>
					<link>https://dummy.xtemos.com/woodmart2/christmas-2/?attachment_id=276</link>
					<pubDate>Tue, 21 Oct 2025 12:03:59 +0000</pubDate>
					<dc:creator><![CDATA[Mr. Mackay]]></dc:creator>
					<guid isPermaLink="false">http://dummy.xtemos.com/woodmart2/christmas-shop/wp-content/uploads/sites/59/2025/10/xms-logo-footer.svg</guid>
															<wp:post_id>276</wp:post_id>
					<wp:post_date><![CDATA[2025-10-21 12:03:59]]></wp:post_date>
					<wp:post_date_gmt><![CDATA[2025-10-21 12:03:59]]></wp:post_date_gmt>
					<wp:post_modified><![CDATA[2025-10-21 12:03:59]]></wp:post_modified>
					<wp:post_modified_gmt><![CDATA[2025-10-21 12:03:59]]></wp:post_modified_gmt>
					<wp:comment_status><![CDATA[open]]></wp:comment_status>
					<wp:post_name><![CDATA[xms-logo-footer]]></wp:post_name>
					<wp:status><![CDATA[inherit]]></wp:status>
					<wp:post_parent>198</wp:post_parent>
					<wp:menu_order>0</wp:menu_order>
					<wp:post_type><![CDATA[attachment]]></wp:post_type>
											<wp:attachment_url><![CDATA[http://dummy.xtemos.com/woodmart2/christmas-2/wp-content/uploads/sites/59/2025/10/xms-logo-footer.svg]]></wp:attachment_url>
																					<wp:postmeta>
							<wp:meta_key><![CDATA[_wp_attached_file]]></wp:meta_key>
							<wp:meta_value><![CDATA[2025/10/xms-logo-footer.svg]]></wp:meta_value>
						</wp:postmeta>
										</item>
								<item>
					<title><![CDATA[xms-about-us-bg-opt]]></title>
					<link>https://dummy.xtemos.com/woodmart2/christmas-2/about-us/xms-about-us-bg-opt/</link>
					<pubDate>Tue, 21 Oct 2025 14:19:15 +0000</pubDate>
					<dc:creator><![CDATA[Mr. Mackay]]></dc:creator>
					<guid isPermaLink="false">http://dummy.xtemos.com/woodmart2/christmas-shop/wp-content/uploads/sites/59/2025/10/xms-about-us-bg-opt.jpg</guid>
															<wp:post_id>282</wp:post_id>
					<wp:post_date><![CDATA[2025-10-21 14:19:15]]></wp:post_date>
					<wp:post_date_gmt><![CDATA[2025-10-21 14:19:15]]></wp:post_date_gmt>
					<wp:post_modified><![CDATA[2025-10-21 14:19:15]]></wp:post_modified>
					<wp:post_modified_gmt><![CDATA[2025-10-21 14:19:15]]></wp:post_modified_gmt>
					<wp:comment_status><![CDATA[open]]></wp:comment_status>
					<wp:post_name><![CDATA[xms-about-us-bg-opt]]></wp:post_name>
					<wp:status><![CDATA[inherit]]></wp:status>
					<wp:post_parent>169</wp:post_parent>
					<wp:menu_order>0</wp:menu_order>
					<wp:post_type><![CDATA[attachment]]></wp:post_type>
											<wp:attachment_url><![CDATA[http://dummy.xtemos.com/woodmart2/christmas-2/wp-content/uploads/sites/59/2025/10/xms-about-us-bg-opt.jpg]]></wp:attachment_url>
																					<wp:postmeta>
							<wp:meta_key><![CDATA[_wp_attached_file]]></wp:meta_key>
							<wp:meta_value><![CDATA[2025/10/xms-about-us-bg-opt.jpg]]></wp:meta_value>
						</wp:postmeta>
										</item>
								<item>
					<title><![CDATA[xms-about-us-img-gifts-opt]]></title>
					<link>https://dummy.xtemos.com/woodmart2/christmas-2/about-us/xms-about-us-img-gifts-opt/</link>
					<pubDate>Tue, 21 Oct 2025 14:26:22 +0000</pubDate>
					<dc:creator><![CDATA[Mr. Mackay]]></dc:creator>
					<guid isPermaLink="false">http://dummy.xtemos.com/woodmart2/christmas-shop/wp-content/uploads/sites/59/2025/10/xms-about-us-img-gifts-opt.jpg</guid>
															<wp:post_id>286</wp:post_id>
					<wp:post_date><![CDATA[2025-10-21 14:26:22]]></wp:post_date>
					<wp:post_date_gmt><![CDATA[2025-10-21 14:26:22]]></wp:post_date_gmt>
					<wp:post_modified><![CDATA[2025-10-21 14:26:22]]></wp:post_modified>
					<wp:post_modified_gmt><![CDATA[2025-10-21 14:26:22]]></wp:post_modified_gmt>
					<wp:comment_status><![CDATA[open]]></wp:comment_status>
					<wp:post_name><![CDATA[xms-about-us-img-gifts-opt]]></wp:post_name>
					<wp:status><![CDATA[inherit]]></wp:status>
					<wp:post_parent>169</wp:post_parent>
					<wp:menu_order>0</wp:menu_order>
					<wp:post_type><![CDATA[attachment]]></wp:post_type>
											<wp:attachment_url><![CDATA[http://dummy.xtemos.com/woodmart2/christmas-2/wp-content/uploads/sites/59/2025/10/xms-about-us-img-gifts-opt.jpg]]></wp:attachment_url>
																					<wp:postmeta>
							<wp:meta_key><![CDATA[_wp_attached_file]]></wp:meta_key>
							<wp:meta_value><![CDATA[2025/10/xms-about-us-img-gifts-opt.jpg]]></wp:meta_value>
						</wp:postmeta>
										</item>
								<item>
					<title><![CDATA[xms-about-us-img-christmas-tree-opt]]></title>
					<link>https://dummy.xtemos.com/woodmart2/christmas-2/about-us/xms-about-us-img-christmas-tree-opt/</link>
					<pubDate>Tue, 21 Oct 2025 14:26:56 +0000</pubDate>
					<dc:creator><![CDATA[Mr. Mackay]]></dc:creator>
					<guid isPermaLink="false">http://dummy.xtemos.com/woodmart2/christmas-shop/wp-content/uploads/sites/59/2025/10/xms-about-us-img-christmas-tree-opt.jpg</guid>
															<wp:post_id>287</wp:post_id>
					<wp:post_date><![CDATA[2025-10-21 14:26:56]]></wp:post_date>
					<wp:post_date_gmt><![CDATA[2025-10-21 14:26:56]]></wp:post_date_gmt>
					<wp:post_modified><![CDATA[2025-10-21 14:26:56]]></wp:post_modified>
					<wp:post_modified_gmt><![CDATA[2025-10-21 14:26:56]]></wp:post_modified_gmt>
					<wp:comment_status><![CDATA[open]]></wp:comment_status>
					<wp:post_name><![CDATA[xms-about-us-img-christmas-tree-opt]]></wp:post_name>
					<wp:status><![CDATA[inherit]]></wp:status>
					<wp:post_parent>169</wp:post_parent>
					<wp:menu_order>0</wp:menu_order>
					<wp:post_type><![CDATA[attachment]]></wp:post_type>
											<wp:attachment_url><![CDATA[http://dummy.xtemos.com/woodmart2/christmas-2/wp-content/uploads/sites/59/2025/10/xms-about-us-img-christmas-tree-opt.jpg]]></wp:attachment_url>
																					<wp:postmeta>
							<wp:meta_key><![CDATA[_wp_attached_file]]></wp:meta_key>
							<wp:meta_value><![CDATA[2025/10/xms-about-us-img-christmas-tree-opt.jpg]]></wp:meta_value>
						</wp:postmeta>
										</item>
								<item>
					<title><![CDATA[xms-about-us-video-decorations]]></title>
					<link>https://dummy.xtemos.com/woodmart2/christmas-2/about-us/xms-about-us-video-decorations/</link>
					<pubDate>Tue, 21 Oct 2025 14:27:26 +0000</pubDate>
					<dc:creator><![CDATA[Mr. Mackay]]></dc:creator>
					<guid isPermaLink="false">http://dummy.xtemos.com/woodmart2/christmas-shop/wp-content/uploads/sites/59/2025/10/xms-about-us-video-decorations.mp4</guid>
															<wp:post_id>288</wp:post_id>
					<wp:post_date><![CDATA[2025-10-21 14:27:26]]></wp:post_date>
					<wp:post_date_gmt><![CDATA[2025-10-21 14:27:26]]></wp:post_date_gmt>
					<wp:post_modified><![CDATA[2025-10-21 14:27:26]]></wp:post_modified>
					<wp:post_modified_gmt><![CDATA[2025-10-21 14:27:26]]></wp:post_modified_gmt>
					<wp:comment_status><![CDATA[open]]></wp:comment_status>
					<wp:post_name><![CDATA[xms-about-us-video-decorations]]></wp:post_name>
					<wp:status><![CDATA[inherit]]></wp:status>
					<wp:post_parent>169</wp:post_parent>
					<wp:menu_order>0</wp:menu_order>
					<wp:post_type><![CDATA[attachment]]></wp:post_type>
											<wp:attachment_url><![CDATA[http://dummy.xtemos.com/woodmart2/christmas-2/wp-content/uploads/sites/59/2025/10/xms-about-us-video-decorations.mp4]]></wp:attachment_url>
																					<wp:postmeta>
							<wp:meta_key><![CDATA[_wp_attached_file]]></wp:meta_key>
							<wp:meta_value><![CDATA[2025/10/xms-about-us-video-decorations.mp4]]></wp:meta_value>
						</wp:postmeta>
										</item>
								<item>
					<title><![CDATA[xms-banner-paper-decoration-opt]]></title>
					<link>https://dummy.xtemos.com/woodmart2/christmas-2/home-christmas-shop/xms-banner-paper-decoration-opt/</link>
					<pubDate>Tue, 21 Oct 2025 11:35:38 +0000</pubDate>
					<dc:creator><![CDATA[Mr. Mackay]]></dc:creator>
					<guid isPermaLink="false">http://dummy.xtemos.com/woodmart2/christmas-shop/wp-content/uploads/sites/59/2025/10/xms-banner-paper-decoration-opt.jpg</guid>
															<wp:post_id>253</wp:post_id>
					<wp:post_date><![CDATA[2025-10-21 11:35:38]]></wp:post_date>
					<wp:post_date_gmt><![CDATA[2025-10-21 11:35:38]]></wp:post_date_gmt>
					<wp:post_modified><![CDATA[2025-10-21 11:35:38]]></wp:post_modified>
					<wp:post_modified_gmt><![CDATA[2025-10-21 11:35:38]]></wp:post_modified_gmt>
					<wp:comment_status><![CDATA[open]]></wp:comment_status>
					<wp:post_name><![CDATA[xms-banner-paper-decoration-opt]]></wp:post_name>
					<wp:status><![CDATA[inherit]]></wp:status>
					<wp:post_parent>160</wp:post_parent>
					<wp:menu_order>0</wp:menu_order>
					<wp:post_type><![CDATA[attachment]]></wp:post_type>
											<wp:attachment_url><![CDATA[http://dummy.xtemos.com/woodmart2/christmas-2/wp-content/uploads/sites/59/2025/10/xms-banner-paper-decoration-opt.jpg]]></wp:attachment_url>
																					<wp:postmeta>
							<wp:meta_key><![CDATA[_wp_attached_file]]></wp:meta_key>
							<wp:meta_value><![CDATA[2025/10/xms-banner-paper-decoration-opt.jpg]]></wp:meta_value>
						</wp:postmeta>
										</item>
								<item>
					<title><![CDATA[xms-about-us-row-opt]]></title>
					<link>https://dummy.xtemos.com/woodmart2/christmas-2/about-us/xms-about-us-row-opt/</link>
					<pubDate>Tue, 21 Oct 2025 14:29:15 +0000</pubDate>
					<dc:creator><![CDATA[Mr. Mackay]]></dc:creator>
					<guid isPermaLink="false">http://dummy.xtemos.com/woodmart2/christmas-shop/wp-content/uploads/sites/59/2025/10/xms-about-us-row-opt.jpg</guid>
															<wp:post_id>292</wp:post_id>
					<wp:post_date><![CDATA[2025-10-21 14:29:15]]></wp:post_date>
					<wp:post_date_gmt><![CDATA[2025-10-21 14:29:15]]></wp:post_date_gmt>
					<wp:post_modified><![CDATA[2025-10-21 14:29:15]]></wp:post_modified>
					<wp:post_modified_gmt><![CDATA[2025-10-21 14:29:15]]></wp:post_modified_gmt>
					<wp:comment_status><![CDATA[open]]></wp:comment_status>
					<wp:post_name><![CDATA[xms-about-us-row-opt]]></wp:post_name>
					<wp:status><![CDATA[inherit]]></wp:status>
					<wp:post_parent>169</wp:post_parent>
					<wp:menu_order>0</wp:menu_order>
					<wp:post_type><![CDATA[attachment]]></wp:post_type>
											<wp:attachment_url><![CDATA[http://dummy.xtemos.com/woodmart2/christmas-2/wp-content/uploads/sites/59/2025/10/xms-about-us-row-opt.jpg]]></wp:attachment_url>
																					<wp:postmeta>
							<wp:meta_key><![CDATA[_wp_attached_file]]></wp:meta_key>
							<wp:meta_value><![CDATA[2025/10/xms-about-us-row-opt.jpg]]></wp:meta_value>
						</wp:postmeta>
										</item>
								<item>
					<title><![CDATA[c2-tm-p-7]]></title>
					<link>https://dummy.xtemos.com/woodmart2/christmas-2/about-us/c2-tm-p-7/</link>
					<pubDate>Tue, 21 Oct 2025 14:36:31 +0000</pubDate>
					<dc:creator><![CDATA[Mr. Mackay]]></dc:creator>
					<guid isPermaLink="false">http://dummy.xtemos.com/woodmart2/christmas-shop/wp-content/uploads/sites/59/2025/10/c2-tm-p-7.png</guid>
															<wp:post_id>300</wp:post_id>
					<wp:post_date><![CDATA[2025-10-21 14:36:31]]></wp:post_date>
					<wp:post_date_gmt><![CDATA[2025-10-21 14:36:31]]></wp:post_date_gmt>
					<wp:post_modified><![CDATA[2025-10-21 14:36:31]]></wp:post_modified>
					<wp:post_modified_gmt><![CDATA[2025-10-21 14:36:31]]></wp:post_modified_gmt>
					<wp:comment_status><![CDATA[open]]></wp:comment_status>
					<wp:post_name><![CDATA[c2-tm-p-7]]></wp:post_name>
					<wp:status><![CDATA[inherit]]></wp:status>
					<wp:post_parent>169</wp:post_parent>
					<wp:menu_order>0</wp:menu_order>
					<wp:post_type><![CDATA[attachment]]></wp:post_type>
											<wp:attachment_url><![CDATA[http://dummy.xtemos.com/woodmart2/christmas-2/wp-content/uploads/sites/59/2025/10/c2-tm-p-7.png]]></wp:attachment_url>
																					<wp:postmeta>
							<wp:meta_key><![CDATA[_wp_attached_file]]></wp:meta_key>
							<wp:meta_value><![CDATA[2025/10/c2-tm-p-7.png]]></wp:meta_value>
						</wp:postmeta>
										</item>
								<item>
					<title><![CDATA[xms-customer-service-bg-opt]]></title>
					<link>https://dummy.xtemos.com/woodmart2/christmas-2/woodmart_layout/my-account-layout-christmas-shop/xms-customer-service-bg-opt/</link>
					<pubDate>Wed, 22 Oct 2025 11:02:55 +0000</pubDate>
					<dc:creator><![CDATA[Mr. Mackay]]></dc:creator>
					<guid isPermaLink="false">http://dummy.xtemos.com/woodmart2/christmas-shop/wp-content/uploads/sites/59/2025/10/xms-customer-service-bg-opt.jpg</guid>
															<wp:post_id>373</wp:post_id>
					<wp:post_date><![CDATA[2025-10-22 11:02:55]]></wp:post_date>
					<wp:post_date_gmt><![CDATA[2025-10-22 11:02:55]]></wp:post_date_gmt>
					<wp:post_modified><![CDATA[2025-10-22 11:02:55]]></wp:post_modified>
					<wp:post_modified_gmt><![CDATA[2025-10-22 11:02:55]]></wp:post_modified_gmt>
					<wp:comment_status><![CDATA[open]]></wp:comment_status>
					<wp:post_name><![CDATA[xms-customer-service-bg-opt]]></wp:post_name>
					<wp:status><![CDATA[inherit]]></wp:status>
					<wp:post_parent>371</wp:post_parent>
					<wp:menu_order>0</wp:menu_order>
					<wp:post_type><![CDATA[attachment]]></wp:post_type>
											<wp:attachment_url><![CDATA[http://dummy.xtemos.com/woodmart2/christmas-2/wp-content/uploads/sites/59/2025/10/xms-customer-service-bg-opt.jpg]]></wp:attachment_url>
																					<wp:postmeta>
							<wp:meta_key><![CDATA[_wp_attached_file]]></wp:meta_key>
							<wp:meta_value><![CDATA[2025/10/xms-customer-service-bg-opt.jpg]]></wp:meta_value>
						</wp:postmeta>
										</item>
								<item>
					<title><![CDATA[xms-popup-tree-opt]]></title>
					<link>https://dummy.xtemos.com/woodmart2/christmas-2/?attachment_id=379</link>
					<pubDate>Wed, 22 Oct 2025 11:18:47 +0000</pubDate>
					<dc:creator><![CDATA[Mr. Mackay]]></dc:creator>
					<guid isPermaLink="false">http://dummy.xtemos.com/woodmart2/christmas-shop/wp-content/uploads/sites/59/2025/10/xms-popup-tree-opt.jpg</guid>
															<wp:post_id>379</wp:post_id>
					<wp:post_date><![CDATA[2025-10-22 11:18:47]]></wp:post_date>
					<wp:post_date_gmt><![CDATA[2025-10-22 11:18:47]]></wp:post_date_gmt>
					<wp:post_modified><![CDATA[2025-10-22 11:18:47]]></wp:post_modified>
					<wp:post_modified_gmt><![CDATA[2025-10-22 11:18:47]]></wp:post_modified_gmt>
					<wp:comment_status><![CDATA[open]]></wp:comment_status>
					<wp:post_name><![CDATA[xms-popup-tree-opt]]></wp:post_name>
					<wp:status><![CDATA[inherit]]></wp:status>
					<wp:post_parent>378</wp:post_parent>
					<wp:menu_order>0</wp:menu_order>
					<wp:post_type><![CDATA[attachment]]></wp:post_type>
											<wp:attachment_url><![CDATA[http://dummy.xtemos.com/woodmart2/christmas-2/wp-content/uploads/sites/59/2025/10/xms-popup-tree-opt.jpg]]></wp:attachment_url>
																					<wp:postmeta>
							<wp:meta_key><![CDATA[_wp_attached_file]]></wp:meta_key>
							<wp:meta_value><![CDATA[2025/10/xms-popup-tree-opt.jpg]]></wp:meta_value>
						</wp:postmeta>
										</item>
								<item>
					<title><![CDATA[multicolor]]></title>
					<link>https://dummy.xtemos.com/woodmart2/christmas-2/multicolor/</link>
					<pubDate>Wed, 22 Oct 2025 11:46:30 +0000</pubDate>
					<dc:creator><![CDATA[Mr. Mackay]]></dc:creator>
					<guid isPermaLink="false">http://dummy.xtemos.com/woodmart2/christmas-shop/wp-content/uploads/sites/59/2025/10/multicolor.svg</guid>
															<wp:post_id>383</wp:post_id>
					<wp:post_date><![CDATA[2025-10-22 11:46:30]]></wp:post_date>
					<wp:post_date_gmt><![CDATA[2025-10-22 11:46:30]]></wp:post_date_gmt>
					<wp:post_modified><![CDATA[2025-10-22 11:46:30]]></wp:post_modified>
					<wp:post_modified_gmt><![CDATA[2025-10-22 11:46:30]]></wp:post_modified_gmt>
					<wp:comment_status><![CDATA[open]]></wp:comment_status>
					<wp:post_name><![CDATA[multicolor]]></wp:post_name>
					<wp:status><![CDATA[inherit]]></wp:status>
					<wp:post_parent>0</wp:post_parent>
					<wp:menu_order>0</wp:menu_order>
					<wp:post_type><![CDATA[attachment]]></wp:post_type>
											<wp:attachment_url><![CDATA[http://dummy.xtemos.com/woodmart2/christmas-2/wp-content/uploads/sites/59/2025/10/multicolor.svg]]></wp:attachment_url>
																					<wp:postmeta>
							<wp:meta_key><![CDATA[_wp_attached_file]]></wp:meta_key>
							<wp:meta_value><![CDATA[2025/10/multicolor.svg]]></wp:meta_value>
						</wp:postmeta>
										</item>
								<item>
					<title><![CDATA[xms-banner-coziness-christmas-min-lcp]]></title>
					<link>https://dummy.xtemos.com/woodmart2/christmas-2/home-christmas-shop/xms-banner-coziness-christmas-min-lcp/</link>
					<pubDate>Mon, 27 Oct 2025 12:42:28 +0000</pubDate>
					<dc:creator><![CDATA[Mr. Mackay]]></dc:creator>
					<guid isPermaLink="false">http://dummy.xtemos.com/woodmart2/christmas-2/wp-content/uploads/sites/59/2025/10/xms-banner-coziness-christmas-min-lcp.jpg</guid>
															<wp:post_id>430</wp:post_id>
					<wp:post_date><![CDATA[2025-10-27 12:42:28]]></wp:post_date>
					<wp:post_date_gmt><![CDATA[2025-10-27 12:42:28]]></wp:post_date_gmt>
					<wp:post_modified><![CDATA[2025-10-27 12:42:28]]></wp:post_modified>
					<wp:post_modified_gmt><![CDATA[2025-10-27 12:42:28]]></wp:post_modified_gmt>
					<wp:comment_status><![CDATA[open]]></wp:comment_status>
					<wp:post_name><![CDATA[xms-banner-coziness-christmas-min-lcp]]></wp:post_name>
					<wp:status><![CDATA[inherit]]></wp:status>
					<wp:post_parent>160</wp:post_parent>
					<wp:menu_order>0</wp:menu_order>
					<wp:post_type><![CDATA[attachment]]></wp:post_type>
											<wp:attachment_url><![CDATA[http://dummy.xtemos.com/woodmart2/christmas-2/wp-content/uploads/sites/59/2025/10/xms-banner-coziness-christmas-min-lcp.jpg]]></wp:attachment_url>
																					<wp:postmeta>
							<wp:meta_key><![CDATA[_wp_attached_file]]></wp:meta_key>
							<wp:meta_value><![CDATA[2025/10/xms-banner-coziness-christmas-min-lcp.jpg]]></wp:meta_value>
						</wp:postmeta>
										</item>
								<item>
					<title><![CDATA[xms-blog-post-video-min]]></title>
					<link>https://dummy.xtemos.com/woodmart2/christmas-2/portfolio/the-future-of-fashion-tech-trends-and-total-transformation/xms-blog-post-video-min/</link>
					<pubDate>Tue, 28 Oct 2025 10:40:10 +0000</pubDate>
					<dc:creator><![CDATA[Mr. Mackay]]></dc:creator>
					<guid isPermaLink="false">http://dummy.xtemos.com/woodmart2/christmas-2/wp-content/uploads/sites/59/2025/10/xms-blog-post-video-min.jpg</guid>
															<wp:post_id>455</wp:post_id>
					<wp:post_date><![CDATA[2025-10-28 10:40:10]]></wp:post_date>
					<wp:post_date_gmt><![CDATA[2025-10-28 10:40:10]]></wp:post_date_gmt>
					<wp:post_modified><![CDATA[2025-10-28 10:40:10]]></wp:post_modified>
					<wp:post_modified_gmt><![CDATA[2025-10-28 10:40:10]]></wp:post_modified_gmt>
					<wp:comment_status><![CDATA[open]]></wp:comment_status>
					<wp:post_name><![CDATA[xms-blog-post-video-min]]></wp:post_name>
					<wp:status><![CDATA[inherit]]></wp:status>
					<wp:post_parent>356</wp:post_parent>
					<wp:menu_order>0</wp:menu_order>
					<wp:post_type><![CDATA[attachment]]></wp:post_type>
											<wp:attachment_url><![CDATA[http://dummy.xtemos.com/woodmart2/christmas-2/wp-content/uploads/sites/59/2025/10/xms-blog-post-video-min.jpg]]></wp:attachment_url>
																					<wp:postmeta>
							<wp:meta_key><![CDATA[_wp_attached_file]]></wp:meta_key>
							<wp:meta_value><![CDATA[2025/10/xms-blog-post-video-min.jpg]]></wp:meta_value>
						</wp:postmeta>
										</item>
				</channel>
</rss>
	