{
    "name": "Header Christmas-shop",
    "id": "header_333219",
    "structure": {
        "id": "root",
        "type": "root",
        "content": [
            {
                "id": "top-bar",
                "type": "row",
                "content": [
                    {
                        "id": "column5",
                        "type": "column",
                        "content": []
                    },
                    {
                        "id": "column6",
                        "type": "column",
                        "content": []
                    },
                    {
                        "id": "column7",
                        "type": "column",
                        "content": []
                    },
                    {
                        "id": "column_mobile1",
                        "type": "column",
                        "content": []
                    }
                ],
                "params": {
                    "row_columns": {
                        "id": "row_columns",
                        "value": "3",
                        "type": "selector"
                    },
                    "flex_layout": {
                        "id": "flex_layout",
                        "value": "equal-sides",
                        "type": "selector"
                    },
                    "height": {
                        "id": "height",
                        "value": "70",
                        "type": "slider"
                    },
                    "mobile_height": {
                        "id": "mobile_height",
                        "value": "60",
                        "type": "slider"
                    },
                    "hide_desktop": {
                        "id": "hide_desktop",
                        "value": true,
                        "type": "switcher"
                    },
                    "hide_mobile": {
                        "id": "hide_mobile",
                        "value": true,
                        "type": "switcher"
                    },
                    "sticky": {
                        "id": "sticky",
                        "value": false,
                        "type": "switcher"
                    },
                    "sticky_height": {
                        "id": "sticky_height",
                        "value": 40,
                        "type": "slider"
                    },
                    "color_scheme": {
                        "id": "color_scheme",
                        "value": "dark",
                        "type": "selector"
                    },
                    "background": {
                        "id": "background",
                        "value": "",
                        "type": "bg"
                    },
                    "border": {
                        "id": "border",
                        "value": {
                            "color": {
                                "r": 0,
                                "g": 0,
                                "b": 0,
                                "a": 0.11
                            },
                            "sides": [
                                "bottom"
                            ]
                        },
                        "type": "border"
                    },
                    "shadow": {
                        "id": "shadow",
                        "value": false,
                        "type": "switcher"
                    }
                }
            },
            {
                "id": "general-header",
                "type": "row",
                "content": [
                    {
                        "id": "column8",
                        "type": "column",
                        "content": [
                            {
                                "id": "ceohvswjn5d811u9s1j0",
                                "type": "search",
                                "params": {
                                    "display": {
                                        "id": "display",
                                        "value": "form",
                                        "type": "selector"
                                    },
                                    "popular_requests": {
                                        "id": "popular_requests",
                                        "value": true,
                                        "type": "switcher"
                                    },
                                    "search_history_enabled": {
                                        "id": "search_history_enabled",
                                        "value": true,
                                        "type": "switcher"
                                    },
                                    "search_extra_content_enabled": {
                                        "id": "search_extra_content_enabled",
                                        "value": false,
                                        "type": "switcher"
                                    },
                                    "search_extra_content": {
                                        "id": "search_extra_content",
                                        "value": "",
                                        "type": "options"
                                    },
                                    "categories_dropdown": {
                                        "id": "categories_dropdown",
                                        "value": false,
                                        "type": "switcher"
                                    },
                                    "cat_selector_style": {
                                        "id": "cat_selector_style",
                                        "value": "bordered",
                                        "type": "selector"
                                    },
                                    "bg_overlay": {
                                        "id": "bg_overlay",
                                        "value": false,
                                        "type": "switcher"
                                    },
                                    "ajax": {
                                        "id": "ajax",
                                        "value": true,
                                        "type": "switcher"
                                    },
                                    "ajax_result_count": {
                                        "id": "ajax_result_count",
                                        "value": 20,
                                        "type": "slider"
                                    },
                                    "post_type": {
                                        "id": "post_type",
                                        "value": "product",
                                        "type": "selector"
                                    },
                                    "include_cat_search": {
                                        "id": "include_cat_search",
                                        "value": false,
                                        "type": "switcher"
                                    },
                                    "search_style": {
                                        "id": "search_style",
                                        "value": "4",
                                        "type": "selector"
                                    },
                                    "form_shape": {
                                        "id": "form_shape",
                                        "value": "35",
                                        "type": "options"
                                    },
                                    "form_width": {
                                        "id": "form_width",
                                        "value": "380",
                                        "type": "slider"
                                    },
                                    "form_height": {
                                        "id": "form_height",
                                        "value": 46,
                                        "type": "slider"
                                    },
                                    "form_color": {
                                        "id": "form_color",
                                        "value": "",
                                        "type": "color"
                                    },
                                    "form_placeholder_color": {
                                        "id": "form_placeholder_color",
                                        "value": "",
                                        "type": "color"
                                    },
                                    "form_brd_color": {
                                        "id": "form_brd_color",
                                        "value": {
                                            "r": 245,
                                            "g": 245,
                                            "b": 245,
                                            "a": 1
                                        },
                                        "type": "color"
                                    },
                                    "form_brd_color_focus": {
                                        "id": "form_brd_color_focus",
                                        "value": {
                                            "r": 245,
                                            "g": 245,
                                            "b": 245,
                                            "a": 1
                                        },
                                        "type": "color"
                                    },
                                    "form_bg": {
                                        "id": "form_bg",
                                        "value": {
                                            "r": 245,
                                            "g": 245,
                                            "b": 245,
                                            "a": 1
                                        },
                                        "type": "color"
                                    },
                                    "style": {
                                        "id": "style",
                                        "value": "icon",
                                        "type": "selector"
                                    },
                                    "icon_design": {
                                        "id": "icon_design",
                                        "value": "1",
                                        "type": "selector"
                                    },
                                    "wrap_type": {
                                        "id": "wrap_type",
                                        "value": "icon_only",
                                        "type": "selector"
                                    },
                                    "color": {
                                        "id": "color",
                                        "value": "",
                                        "type": "color"
                                    },
                                    "hover_color": {
                                        "id": "hover_color",
                                        "value": "",
                                        "type": "color"
                                    },
                                    "bg_color": {
                                        "id": "bg_color",
                                        "value": "",
                                        "type": "color"
                                    },
                                    "bg_hover_color": {
                                        "id": "bg_hover_color",
                                        "value": "",
                                        "type": "color"
                                    },
                                    "icon_color": {
                                        "id": "icon_color",
                                        "value": "",
                                        "type": "color"
                                    },
                                    "icon_hover_color": {
                                        "id": "icon_hover_color",
                                        "value": "",
                                        "type": "color"
                                    },
                                    "icon_bg_color": {
                                        "id": "icon_bg_color",
                                        "value": "",
                                        "type": "color"
                                    },
                                    "icon_bg_hover_color": {
                                        "id": "icon_bg_hover_color",
                                        "value": "",
                                        "type": "color"
                                    },
                                    "icon_type": {
                                        "id": "icon_type",
                                        "value": "default",
                                        "type": "selector"
                                    },
                                    "custom_icon": {
                                        "id": "custom_icon",
                                        "value": "",
                                        "type": "image"
                                    },
                                    "custom_icon_width": {
                                        "id": "custom_icon_width",
                                        "value": 0,
                                        "type": "slider"
                                    }
                                }
                            }
                        ]
                    },
                    {
                        "id": "column9",
                        "type": "column",
                        "content": [
                            {
                                "id": "cdq9m71149ajjtcyosjd",
                                "type": "logo",
                                "params": {
                                    "image": {
                                        "id": "image",
                                        "value": {
                                            "id": 310,
                                            "url": "http:\/\/dummy.xtemos.com\/woodmart2\/christmas-2-elementor\/wp-content\/uploads\/sites\/60\/2025\/10\/xms-logo-default.svg",
                                            "width": 232,
                                            "height": 34
                                        },
                                        "type": "image"
                                    },
                                    "width": {
                                        "id": "width",
                                        "value": "230",
                                        "type": "slider"
                                    },
                                    "sticky_notice": {
                                        "id": "sticky_notice",
                                        "value": "",
                                        "type": "notice"
                                    },
                                    "sticky_image": {
                                        "id": "sticky_image",
                                        "value": "",
                                        "type": "image"
                                    },
                                    "sticky_width": {
                                        "id": "sticky_width",
                                        "value": 150,
                                        "type": "slider"
                                    },
                                    "width_height": {
                                        "id": "width_height",
                                        "value": true,
                                        "type": "switcher"
                                    }
                                }
                            }
                        ]
                    },
                    {
                        "id": "column10",
                        "type": "column",
                        "content": [
                            {
                                "id": "ngw2ga1cqecf3fyofrf2",
                                "type": "account",
                                "params": {
                                    "with_username": {
                                        "id": "with_username",
                                        "value": true,
                                        "type": "switcher"
                                    },
                                    "login_dropdown": {
                                        "id": "login_dropdown",
                                        "value": true,
                                        "type": "switcher"
                                    },
                                    "form_display": {
                                        "id": "form_display",
                                        "value": "dropdown",
                                        "type": "selector"
                                    },
                                    "display": {
                                        "id": "display",
                                        "value": "icon",
                                        "type": "selector"
                                    },
                                    "icon_design": {
                                        "id": "icon_design",
                                        "value": "1",
                                        "type": "selector"
                                    },
                                    "wrap_type": {
                                        "id": "wrap_type",
                                        "value": "icon_only",
                                        "type": "selector"
                                    },
                                    "color": {
                                        "id": "color",
                                        "value": "",
                                        "type": "color"
                                    },
                                    "hover_color": {
                                        "id": "hover_color",
                                        "value": "",
                                        "type": "color"
                                    },
                                    "bg_color": {
                                        "id": "bg_color",
                                        "value": "",
                                        "type": "color"
                                    },
                                    "bg_hover_color": {
                                        "id": "bg_hover_color",
                                        "value": "",
                                        "type": "color"
                                    },
                                    "icon_color": {
                                        "id": "icon_color",
                                        "value": "",
                                        "type": "color"
                                    },
                                    "icon_hover_color": {
                                        "id": "icon_hover_color",
                                        "value": "",
                                        "type": "color"
                                    },
                                    "icon_bg_color": {
                                        "id": "icon_bg_color",
                                        "value": "",
                                        "type": "color"
                                    },
                                    "icon_bg_hover_color": {
                                        "id": "icon_bg_hover_color",
                                        "value": "",
                                        "type": "color"
                                    },
                                    "icon_type": {
                                        "id": "icon_type",
                                        "value": "default",
                                        "type": "selector"
                                    },
                                    "custom_icon": {
                                        "id": "custom_icon",
                                        "value": "",
                                        "type": "image"
                                    },
                                    "custom_icon_width": {
                                        "id": "custom_icon_width",
                                        "value": 0,
                                        "type": "slider"
                                    },
                                    "bg_overlay": {
                                        "id": "bg_overlay",
                                        "value": false,
                                        "type": "switcher"
                                    }
                                }
                            },
                            {
                                "id": "fq4j4xyf7zhwyhompg7d",
                                "type": "wishlist",
                                "params": {
                                    "design": {
                                        "id": "design",
                                        "value": "icon",
                                        "type": "selector"
                                    },
                                    "icon_design": {
                                        "id": "icon_design",
                                        "value": "2",
                                        "type": "selector"
                                    },
                                    "wrap_type": {
                                        "id": "wrap_type",
                                        "value": "icon_only",
                                        "type": "selector"
                                    },
                                    "color": {
                                        "id": "color",
                                        "value": "",
                                        "type": "color"
                                    },
                                    "hover_color": {
                                        "id": "hover_color",
                                        "value": "",
                                        "type": "color"
                                    },
                                    "bg_color": {
                                        "id": "bg_color",
                                        "value": "",
                                        "type": "color"
                                    },
                                    "bg_hover_color": {
                                        "id": "bg_hover_color",
                                        "value": "",
                                        "type": "color"
                                    },
                                    "icon_color": {
                                        "id": "icon_color",
                                        "value": "",
                                        "type": "color"
                                    },
                                    "icon_hover_color": {
                                        "id": "icon_hover_color",
                                        "value": "",
                                        "type": "color"
                                    },
                                    "icon_bg_color": {
                                        "id": "icon_bg_color",
                                        "value": "",
                                        "type": "color"
                                    },
                                    "icon_bg_hover_color": {
                                        "id": "icon_bg_hover_color",
                                        "value": "",
                                        "type": "color"
                                    },
                                    "icon_type": {
                                        "id": "icon_type",
                                        "value": "default",
                                        "type": "selector"
                                    },
                                    "custom_icon": {
                                        "id": "custom_icon",
                                        "value": "",
                                        "type": "image"
                                    },
                                    "custom_icon_width": {
                                        "id": "custom_icon_width",
                                        "value": 0,
                                        "type": "slider"
                                    },
                                    "hide_product_count": {
                                        "id": "hide_product_count",
                                        "value": false,
                                        "type": "switcher"
                                    }
                                }
                            },
                            {
                                "id": "k8ftw0ynjta1yntu8n01",
                                "type": "compare",
                                "params": {
                                    "design": {
                                        "id": "design",
                                        "value": "icon",
                                        "type": "selector"
                                    },
                                    "icon_design": {
                                        "id": "icon_design",
                                        "value": "2",
                                        "type": "selector"
                                    },
                                    "wrap_type": {
                                        "id": "wrap_type",
                                        "value": "icon_only",
                                        "type": "selector"
                                    },
                                    "color": {
                                        "id": "color",
                                        "value": "",
                                        "type": "color"
                                    },
                                    "hover_color": {
                                        "id": "hover_color",
                                        "value": "",
                                        "type": "color"
                                    },
                                    "bg_color": {
                                        "id": "bg_color",
                                        "value": "",
                                        "type": "color"
                                    },
                                    "bg_hover_color": {
                                        "id": "bg_hover_color",
                                        "value": "",
                                        "type": "color"
                                    },
                                    "icon_color": {
                                        "id": "icon_color",
                                        "value": "",
                                        "type": "color"
                                    },
                                    "icon_hover_color": {
                                        "id": "icon_hover_color",
                                        "value": "",
                                        "type": "color"
                                    },
                                    "icon_bg_color": {
                                        "id": "icon_bg_color",
                                        "value": "",
                                        "type": "color"
                                    },
                                    "icon_bg_hover_color": {
                                        "id": "icon_bg_hover_color",
                                        "value": "",
                                        "type": "color"
                                    },
                                    "icon_type": {
                                        "id": "icon_type",
                                        "value": "default",
                                        "type": "selector"
                                    },
                                    "custom_icon": {
                                        "id": "custom_icon",
                                        "value": "",
                                        "type": "image"
                                    },
                                    "custom_icon_width": {
                                        "id": "custom_icon_width",
                                        "value": 0,
                                        "type": "slider"
                                    },
                                    "hide_product_count": {
                                        "id": "hide_product_count",
                                        "value": false,
                                        "type": "switcher"
                                    },
                                    "show_dropdown_category": {
                                        "id": "show_dropdown_category",
                                        "value": false,
                                        "type": "switcher"
                                    }
                                }
                            },
                            {
                                "id": "gq0i95ddpvm1onk61bwg",
                                "type": "cart",
                                "params": {
                                    "position": {
                                        "id": "position",
                                        "value": "side",
                                        "type": "selector"
                                    },
                                    "bg_overlay": {
                                        "id": "bg_overlay",
                                        "value": false,
                                        "type": "switcher"
                                    },
                                    "design": {
                                        "id": "design",
                                        "value": "icon",
                                        "type": "selector"
                                    },
                                    "style": {
                                        "id": "style",
                                        "value": "5",
                                        "type": "selector"
                                    },
                                    "wrap_type": {
                                        "id": "wrap_type",
                                        "value": "icon_only",
                                        "type": "selector"
                                    },
                                    "color": {
                                        "id": "color",
                                        "value": "",
                                        "type": "color"
                                    },
                                    "hover_color": {
                                        "id": "hover_color",
                                        "value": "",
                                        "type": "color"
                                    },
                                    "bg_color": {
                                        "id": "bg_color",
                                        "value": "",
                                        "type": "color"
                                    },
                                    "bg_hover_color": {
                                        "id": "bg_hover_color",
                                        "value": "",
                                        "type": "color"
                                    },
                                    "icon_color": {
                                        "id": "icon_color",
                                        "value": "",
                                        "type": "color"
                                    },
                                    "icon_hover_color": {
                                        "id": "icon_hover_color",
                                        "value": "",
                                        "type": "color"
                                    },
                                    "icon_bg_color": {
                                        "id": "icon_bg_color",
                                        "value": "",
                                        "type": "color"
                                    },
                                    "icon_bg_hover_color": {
                                        "id": "icon_bg_hover_color",
                                        "value": "",
                                        "type": "color"
                                    },
                                    "icon_type": {
                                        "id": "icon_type",
                                        "value": "cart",
                                        "type": "selector"
                                    },
                                    "custom_icon": {
                                        "id": "custom_icon",
                                        "value": "",
                                        "type": "image"
                                    },
                                    "custom_icon_width": {
                                        "id": "custom_icon_width",
                                        "value": 0,
                                        "type": "slider"
                                    }
                                }
                            }
                        ]
                    },
                    {
                        "id": "column_mobile2",
                        "type": "column",
                        "content": [
                            {
                                "id": "ppqaiiqbg61kagx87p7i",
                                "type": "burger",
                                "params": {
                                    "close_btn": {
                                        "id": "close_btn",
                                        "value": false,
                                        "type": "switcher"
                                    },
                                    "show_wishlist": {
                                        "id": "show_wishlist",
                                        "value": true,
                                        "type": "switcher"
                                    },
                                    "show_compare": {
                                        "id": "show_compare",
                                        "value": true,
                                        "type": "switcher"
                                    },
                                    "show_account": {
                                        "id": "show_account",
                                        "value": true,
                                        "type": "switcher"
                                    },
                                    "show_html_block": {
                                        "id": "show_html_block",
                                        "value": false,
                                        "type": "switcher"
                                    },
                                    "languages": {
                                        "id": "languages",
                                        "value": false,
                                        "type": "switcher"
                                    },
                                    "show_language_flag": {
                                        "id": "show_language_flag",
                                        "value": true,
                                        "type": "switcher"
                                    },
                                    "search_form": {
                                        "id": "search_form",
                                        "value": true,
                                        "type": "switcher"
                                    },
                                    "popular_requests": {
                                        "id": "popular_requests",
                                        "value": false,
                                        "type": "switcher"
                                    },
                                    "search_history_enabled": {
                                        "id": "search_history_enabled",
                                        "value": true,
                                        "type": "switcher"
                                    },
                                    "search_extra_content_enabled": {
                                        "id": "search_extra_content_enabled",
                                        "value": false,
                                        "type": "switcher"
                                    },
                                    "search_extra_content": {
                                        "id": "search_extra_content",
                                        "value": "",
                                        "type": "options"
                                    },
                                    "ajax": {
                                        "id": "ajax",
                                        "value": true,
                                        "type": "switcher"
                                    },
                                    "ajax_result_count": {
                                        "id": "ajax_result_count",
                                        "value": 20,
                                        "type": "slider"
                                    },
                                    "post_type": {
                                        "id": "post_type",
                                        "value": "product",
                                        "type": "selector"
                                    },
                                    "include_cat_search": {
                                        "id": "include_cat_search",
                                        "value": false,
                                        "type": "switcher"
                                    },
                                    "categories_menu": {
                                        "id": "categories_menu",
                                        "value": true,
                                        "type": "switcher"
                                    },
                                    "primary_menu_title": {
                                        "id": "primary_menu_title",
                                        "value": "",
                                        "type": "text"
                                    },
                                    "secondary_menu_title": {
                                        "id": "secondary_menu_title",
                                        "value": "",
                                        "type": "text"
                                    },
                                    "menu_id": {
                                        "id": "menu_id",
                                        "value": "main-header-menu",
                                        "type": "options"
                                    },
                                    "tabs_swap": {
                                        "id": "tabs_swap",
                                        "value": true,
                                        "type": "switcher"
                                    },
                                    "menu_layout": {
                                        "id": "menu_layout",
                                        "value": "dropdown",
                                        "type": "selector"
                                    },
                                    "drilldown_animation": {
                                        "id": "drilldown_animation",
                                        "value": "slide",
                                        "type": "selector"
                                    },
                                    "submenu_opening_action": {
                                        "id": "submenu_opening_action",
                                        "value": "only_arrow",
                                        "type": "selector"
                                    },
                                    "position": {
                                        "id": "position",
                                        "value": "left",
                                        "type": "selector"
                                    },
                                    "style": {
                                        "id": "style",
                                        "value": "icon",
                                        "type": "selector"
                                    },
                                    "icon_design": {
                                        "id": "icon_design",
                                        "value": "1",
                                        "type": "selector"
                                    },
                                    "wrap_type": {
                                        "id": "wrap_type",
                                        "value": "icon_only",
                                        "type": "selector"
                                    },
                                    "color": {
                                        "id": "color",
                                        "value": "",
                                        "type": "color"
                                    },
                                    "hover_color": {
                                        "id": "hover_color",
                                        "value": "",
                                        "type": "color"
                                    },
                                    "bg_color": {
                                        "id": "bg_color",
                                        "value": "",
                                        "type": "color"
                                    },
                                    "bg_hover_color": {
                                        "id": "bg_hover_color",
                                        "value": "",
                                        "type": "color"
                                    },
                                    "icon_color": {
                                        "id": "icon_color",
                                        "value": "",
                                        "type": "color"
                                    },
                                    "icon_hover_color": {
                                        "id": "icon_hover_color",
                                        "value": "",
                                        "type": "color"
                                    },
                                    "icon_bg_color": {
                                        "id": "icon_bg_color",
                                        "value": "",
                                        "type": "color"
                                    },
                                    "icon_bg_hover_color": {
                                        "id": "icon_bg_hover_color",
                                        "value": "",
                                        "type": "color"
                                    },
                                    "icon_type": {
                                        "id": "icon_type",
                                        "value": "default",
                                        "type": "selector"
                                    },
                                    "custom_icon": {
                                        "id": "custom_icon",
                                        "value": "",
                                        "type": "image"
                                    },
                                    "custom_icon_width": {
                                        "id": "custom_icon_width",
                                        "value": 0,
                                        "type": "slider"
                                    },
                                    "icon_width": {
                                        "id": "icon_width",
                                        "value": "",
                                        "type": "slider"
                                    },
                                    "icon_height": {
                                        "id": "icon_height",
                                        "value": "",
                                        "type": "slider"
                                    }
                                }
                            }
                        ]
                    },
                    {
                        "id": "column_mobile3",
                        "type": "column",
                        "content": [
                            {
                                "id": "gvida26owpsxpjr7iizf",
                                "type": "logo",
                                "params": {
                                    "image": {
                                        "id": "image",
                                        "value": {
                                            "id": 310,
                                            "url": "http:\/\/dummy.xtemos.com\/woodmart2\/christmas-2-elementor\/wp-content\/uploads\/sites\/60\/2025\/10\/xms-logo-default.svg",
                                            "width": 232,
                                            "height": 34
                                        },
                                        "type": "image"
                                    },
                                    "width": {
                                        "id": "width",
                                        "value": "210",
                                        "type": "slider"
                                    },
                                    "sticky_notice": {
                                        "id": "sticky_notice",
                                        "value": "",
                                        "type": "notice"
                                    },
                                    "sticky_image": {
                                        "id": "sticky_image",
                                        "value": "",
                                        "type": "image"
                                    },
                                    "sticky_width": {
                                        "id": "sticky_width",
                                        "value": 150,
                                        "type": "slider"
                                    },
                                    "width_height": {
                                        "id": "width_height",
                                        "value": true,
                                        "type": "switcher"
                                    }
                                }
                            }
                        ]
                    },
                    {
                        "id": "column_mobile4",
                        "type": "column",
                        "content": [
                            {
                                "id": "6sunghrov6i80dmhmds0",
                                "type": "account",
                                "params": {
                                    "with_username": {
                                        "id": "with_username",
                                        "value": false,
                                        "type": "switcher"
                                    },
                                    "login_dropdown": {
                                        "id": "login_dropdown",
                                        "value": true,
                                        "type": "switcher"
                                    },
                                    "form_display": {
                                        "id": "form_display",
                                        "value": "side",
                                        "type": "selector"
                                    },
                                    "display": {
                                        "id": "display",
                                        "value": "icon",
                                        "type": "selector"
                                    },
                                    "icon_design": {
                                        "id": "icon_design",
                                        "value": "1",
                                        "type": "selector"
                                    },
                                    "wrap_type": {
                                        "id": "wrap_type",
                                        "value": "icon_only",
                                        "type": "selector"
                                    },
                                    "color": {
                                        "id": "color",
                                        "value": "",
                                        "type": "color"
                                    },
                                    "hover_color": {
                                        "id": "hover_color",
                                        "value": "",
                                        "type": "color"
                                    },
                                    "bg_color": {
                                        "id": "bg_color",
                                        "value": "",
                                        "type": "color"
                                    },
                                    "bg_hover_color": {
                                        "id": "bg_hover_color",
                                        "value": "",
                                        "type": "color"
                                    },
                                    "icon_color": {
                                        "id": "icon_color",
                                        "value": "",
                                        "type": "color"
                                    },
                                    "icon_hover_color": {
                                        "id": "icon_hover_color",
                                        "value": "",
                                        "type": "color"
                                    },
                                    "icon_bg_color": {
                                        "id": "icon_bg_color",
                                        "value": "",
                                        "type": "color"
                                    },
                                    "icon_bg_hover_color": {
                                        "id": "icon_bg_hover_color",
                                        "value": "",
                                        "type": "color"
                                    },
                                    "icon_type": {
                                        "id": "icon_type",
                                        "value": "default",
                                        "type": "selector"
                                    },
                                    "custom_icon": {
                                        "id": "custom_icon",
                                        "value": "",
                                        "type": "image"
                                    },
                                    "custom_icon_width": {
                                        "id": "custom_icon_width",
                                        "value": 0,
                                        "type": "slider"
                                    },
                                    "bg_overlay": {
                                        "id": "bg_overlay",
                                        "value": false,
                                        "type": "switcher"
                                    }
                                }
                            }
                        ]
                    }
                ],
                "params": {
                    "row_columns": {
                        "id": "row_columns",
                        "value": "3",
                        "type": "selector"
                    },
                    "flex_layout": {
                        "id": "flex_layout",
                        "value": "equal-sides",
                        "type": "selector"
                    },
                    "height": {
                        "id": "height",
                        "value": "70",
                        "type": "slider"
                    },
                    "mobile_height": {
                        "id": "mobile_height",
                        "value": "60",
                        "type": "slider"
                    },
                    "hide_desktop": {
                        "id": "hide_desktop",
                        "value": false,
                        "type": "switcher"
                    },
                    "hide_mobile": {
                        "id": "hide_mobile",
                        "value": false,
                        "type": "switcher"
                    },
                    "sticky": {
                        "id": "sticky",
                        "value": true,
                        "type": "switcher"
                    },
                    "sticky_height": {
                        "id": "sticky_height",
                        "value": "70",
                        "type": "slider"
                    },
                    "color_scheme": {
                        "id": "color_scheme",
                        "value": "dark",
                        "type": "selector"
                    },
                    "background": {
                        "id": "background",
                        "value": "",
                        "type": "bg"
                    },
                    "border": {
                        "id": "border",
                        "value": {
                            "width": "1",
                            "color": {
                                "r": 0,
                                "g": 0,
                                "b": 0,
                                "a": 0.11
                            },
                            "sides": [
                                "bottom"
                            ]
                        },
                        "type": "border"
                    },
                    "shadow": {
                        "id": "shadow",
                        "value": false,
                        "type": "switcher"
                    }
                }
            },
            {
                "id": "header-bottom",
                "type": "row",
                "content": [
                    {
                        "id": "column11",
                        "type": "column",
                        "content": [
                            {
                                "id": "l3uaeczgypnxk848bcpe",
                                "type": "menu",
                                "params": {
                                    "menu_id": {
                                        "id": "menu_id",
                                        "value": "main-header-left",
                                        "type": "options"
                                    },
                                    "menu_style": {
                                        "id": "menu_style",
                                        "value": "default",
                                        "type": "selector"
                                    },
                                    "menu_align": {
                                        "id": "menu_align",
                                        "value": "left",
                                        "type": "selector"
                                    },
                                    "items_gap": {
                                        "id": "items_gap",
                                        "value": "s",
                                        "type": "selector"
                                    },
                                    "icon_width": {
                                        "id": "icon_width",
                                        "value": "",
                                        "type": "slider"
                                    },
                                    "icon_height": {
                                        "id": "icon_height",
                                        "value": "",
                                        "type": "slider"
                                    },
                                    "bg_overlay": {
                                        "id": "bg_overlay",
                                        "value": false,
                                        "type": "switcher"
                                    },
                                    "inline": {
                                        "id": "inline",
                                        "value": false,
                                        "type": "switcher"
                                    }
                                }
                            }
                        ]
                    },
                    {
                        "id": "column12",
                        "type": "column",
                        "content": [
                            {
                                "id": "adsotk2zmqhz6vk27m10",
                                "type": "menu",
                                "params": {
                                    "menu_id": {
                                        "id": "menu_id",
                                        "value": "main-header-menu",
                                        "type": "options"
                                    },
                                    "menu_style": {
                                        "id": "menu_style",
                                        "value": "default",
                                        "type": "selector"
                                    },
                                    "menu_align": {
                                        "id": "menu_align",
                                        "value": "center",
                                        "type": "selector"
                                    },
                                    "items_gap": {
                                        "id": "items_gap",
                                        "value": "m",
                                        "type": "selector"
                                    },
                                    "icon_width": {
                                        "id": "icon_width",
                                        "value": "",
                                        "type": "slider"
                                    },
                                    "icon_height": {
                                        "id": "icon_height",
                                        "value": "",
                                        "type": "slider"
                                    },
                                    "bg_overlay": {
                                        "id": "bg_overlay",
                                        "value": false,
                                        "type": "switcher"
                                    },
                                    "inline": {
                                        "id": "inline",
                                        "value": false,
                                        "type": "switcher"
                                    }
                                }
                            }
                        ]
                    },
                    {
                        "id": "column13",
                        "type": "column",
                        "content": []
                    },
                    {
                        "id": "column_mobile5",
                        "type": "column",
                        "content": []
                    }
                ],
                "params": {
                    "row_columns": {
                        "id": "row_columns",
                        "value": "3",
                        "type": "selector"
                    },
                    "flex_layout": {
                        "id": "flex_layout",
                        "value": "flex-middle",
                        "type": "selector"
                    },
                    "height": {
                        "id": "height",
                        "value": "42",
                        "type": "slider"
                    },
                    "mobile_height": {
                        "id": "mobile_height",
                        "value": "70",
                        "type": "slider"
                    },
                    "hide_desktop": {
                        "id": "hide_desktop",
                        "value": false,
                        "type": "switcher"
                    },
                    "hide_mobile": {
                        "id": "hide_mobile",
                        "value": true,
                        "type": "switcher"
                    },
                    "sticky": {
                        "id": "sticky",
                        "value": true,
                        "type": "switcher"
                    },
                    "sticky_height": {
                        "id": "sticky_height",
                        "value": "42",
                        "type": "slider"
                    },
                    "color_scheme": {
                        "id": "color_scheme",
                        "value": "dark",
                        "type": "selector"
                    },
                    "background": {
                        "id": "background",
                        "value": "",
                        "type": "bg"
                    },
                    "border": {
                        "id": "border",
                        "value": {
                            "width": "1",
                            "color": {
                                "r": 0,
                                "g": 0,
                                "b": 0,
                                "a": 0.11
                            },
                            "sides": [
                                "bottom"
                            ]
                        },
                        "type": "border"
                    },
                    "shadow": {
                        "id": "shadow",
                        "value": false,
                        "type": "switcher"
                    }
                }
            }
        ]
    },
    "settings": {
        "overlap": {
            "id": "overlap",
            "value": false,
            "type": "switcher"
        },
        "boxed": {
            "id": "boxed",
            "value": false,
            "type": "switcher"
        },
        "full_width": {
            "id": "full_width",
            "value": false,
            "type": "switcher"
        },
        "dropdowns_dark": {
            "id": "dropdowns_dark",
            "value": false,
            "type": "switcher"
        },
        "sticky_shadow": {
            "id": "sticky_shadow",
            "value": false,
            "type": "switcher"
        },
        "hide_on_scroll": {
            "id": "hide_on_scroll",
            "value": false,
            "type": "switcher"
        },
        "sticky_effect": {
            "id": "sticky_effect",
            "value": "stick",
            "type": "selector"
        },
        "sticky_clone": {
            "id": "sticky_clone",
            "value": true,
            "type": "switcher"
        },
        "sticky_height": {
            "id": "sticky_height",
            "value": 70,
            "type": "slider"
        }
    }
}