{
    "default_header": "header_333219",
    "site_width": "custom",
    "site_custom_width": "1564",
    "main_layout": "full-width",
    "search_by_product_categories": "1",
    "search_by_product_attributes": "1",
    "page-title-design": "centered",
    "page-title-size": "small",
    "title-background": {
        "color": "rgb(225,237,235)",
        "url": "",
        "id": "",
        "image_size": "full",
        "image_size_custom_width": "",
        "image_size_custom_height": "",
        "size": "cover",
        "position": "center center"
    },
    "page-title-color": "default",
    "disable_footer": "1",
    "footer_content_type": "html_block",
    "footer_html_block": "308",
    "footer-bar-bg": {
        "color": "rgb(11,81,67)",
        "url": "",
        "id": "",
        "image_size": "full",
        "image_size_custom_width": "",
        "image_size_custom_height": "",
        "repeat": "",
        "size": "",
        "attachment": "",
        "position": ""
    },
    "footer-style": "light",
    "disable_copyrights": "0",
    "prefooter_content_type": "text",
    "prefooter_area": "",
    "text-font": [
        {
            "google": "true",
            "font-family": "Inter",
            "font-weight": "400",
            "font-style": "",
            "font-subset": "",
            "font-size": "16",
            "tablet": {
                "font-size": ""
            },
            "mobile": {
                "font-size": ""
            },
            "color": "rgb(89,89,89)"
        }
    ],
    "primary-font": [
        {
            "google": "true",
            "font-family": "Inter",
            "font-weight": "600",
            "font-style": "",
            "font-subset": "",
            "text-transform": "",
            "color": "rgb(8,56,47)"
        }
    ],
    "post-titles-font": [
        {
            "google": "true",
            "font-family": "Inter",
            "font-weight": "500",
            "font-style": "",
            "font-subset": "",
            "text-transform": "",
            "color": "rgb(8,56,47)",
            "hover": {
                "color": "rgb(11, 81, 67)"
            }
        }
    ],
    "secondary-font": [
        {
            "google": "true",
            "font-family": "Inter",
            "font-weight": "700",
            "font-style": "",
            "font-subset": ""
        }
    ],
    "widget-titles-font": [
        {
            "google": "true",
            "font-family": "Inter",
            "font-weight": "600",
            "font-style": "",
            "font-subset": "",
            "text-transform": "capitalize",
            "font-size": "16",
            "tablet": {
                "font-size": ""
            },
            "mobile": {
                "font-size": ""
            },
            "color": "rgb(8,56,47)"
        }
    ],
    "navigation-font": [
        {
            "google": "true",
            "font-family": "Inter",
            "font-weight": "500",
            "font-style": "",
            "font-subset": "",
            "text-transform": "capitalize",
            "font-size": "14",
            "tablet": {
                "font-size": ""
            },
            "mobile": {
                "font-size": ""
            }
        }
    ],
    "advanced_typography": [
        {
            "custom": "",
            "selector": [
                "page_title"
            ],
            "custom-selector": "",
            "google": "0",
            "font-family": "",
            "font-weight": "",
            "font-style": "",
            "font-subset": "",
            "text-transform": "capitalize",
            "font-size": "58",
            "tablet": {
                "font-size": "36",
                "line-height": ""
            },
            "mobile": {
                "font-size": "",
                "line-height": ""
            },
            "line-height": "",
            "color": "rgb(8,56,47)",
            "hover": {
                "color": ""
            }
        },
        {
            "custom": "",
            "selector": [
                "mobile_menu_first_level"
            ],
            "custom-selector": "",
            "google": "0",
            "font-family": "",
            "font-weight": "",
            "font-style": "",
            "font-subset": "",
            "text-transform": "capitalize",
            "font-size": "",
            "tablet": {
                "font-size": "",
                "line-height": ""
            },
            "mobile": {
                "font-size": "",
                "line-height": ""
            },
            "line-height": "",
            "color": "",
            "hover": {
                "color": ""
            }
        }
    ],
    "icon_font": {
        "font": "2",
        "weight": "400"
    },
    "rounding_size": "custom",
    "custom_rounding_size": "eyJkZXZpY2VzIjp7ImRlc2t0b3AiOnsidW5pdCI6InB4IiwidmFsdWUiOjR9fX0=",
    "primary-color": {
        "idle": "rgb(19,134,112)"
    },
    "secondary-color": {
        "idle": "rgb(8,56,47)"
    },
    "android_browser_bar_color": {
        "idle": "rgb(8,56,47)"
    },
    "btns_default_style": "rounded",
    "btns_shop_style": "rounded",
    "btns_shop_bg": {
        "idle": "rgb(19,134,112)"
    },
    "btns_shop_bg_hover": {
        "idle": "rgb(17,120,101)"
    },
    "advanced_typography_button": [
        {
            "custom": "",
            "selector": [
                "all_buttons"
            ],
            "custom-selector": "",
            "google": "0",
            "font-family": "",
            "font-weight": "",
            "font-style": "",
            "font-subset": "",
            "text-transform": "capitalize",
            "font-size": "",
            "tablet": {
                "font-size": ""
            },
            "mobile": {
                "font-size": ""
            },
            "color": "",
            "hover": {
                "color": "",
                "background": ""
            },
            "background": ""
        },
        {
            "custom": "",
            "selector": [
                "single_buy_now"
            ],
            "custom-selector": "",
            "google": "0",
            "font-family": "",
            "font-weight": "",
            "font-style": "",
            "font-subset": "",
            "text-transform": "",
            "font-size": "",
            "tablet": {
                "font-size": ""
            },
            "mobile": {
                "font-size": ""
            },
            "color": "",
            "hover": {
                "color": "",
                "background": "rgb(51,51,51)"
            },
            "background": "rgb(36,36,36)"
        }
    ],
    "form_fields_style": "rounded",
    "form_border_width": "1",
    "carousel_arrows_hover_style": "1",
    "carousel_arrows_sep_size": "eyJkZXZpY2VzIjp7ImRlc2t0b3AiOnsidW5pdCI6InB4IiwidmFsdWUiOjQyfSwidGFibGV0Ijp7InVuaXQiOiJweCIsInZhbHVlIjoiIn0sIm1vYmlsZSI6eyJ1bml0IjoicHgiLCJ2YWx1ZSI6IiJ9fX0=",
    "carousel_arrows_sep_icon_size": "eyJkZXZpY2VzIjp7ImRlc2t0b3AiOnsidW5pdCI6InB4IiwidmFsdWUiOjE0fSwidGFibGV0Ijp7InVuaXQiOiJweCIsInZhbHVlIjoiIn0sIm1vYmlsZSI6eyJ1bml0IjoicHgiLCJ2YWx1ZSI6IiJ9fX0=",
    "carousel_arrows_sep_offset_h": "eyJkZXZpY2VzIjp7ImRlc2t0b3AiOnsidW5pdCI6InB4IiwidmFsdWUiOjE1fSwidGFibGV0Ijp7InVuaXQiOiJweCIsInZhbHVlIjoiIn0sIm1vYmlsZSI6eyJ1bml0IjoicHgiLCJ2YWx1ZSI6IiJ9fX0=",
    "carousel_arrows_sep_offset_v": "eyJkZXZpY2VzIjp7ImRlc2t0b3AiOnsidW5pdCI6InB4IiwidmFsdWUiOjIwfSwidGFibGV0Ijp7InVuaXQiOiJweCIsInZhbHVlIjoiIn0sIm1vYmlsZSI6eyJ1bml0IjoicHgiLCJ2YWx1ZSI6IiJ9fX0=",
    "carousel_arrows_sep_color": {
        "idle": "rgb(11,81,67)"
    },
    "carousel_arrows_sep_color_hover": {
        "idle": "rgb(255,255,255)"
    },
    "carousel_arrows_sep_color_dis": {
        "idle": "rgb(11,81,67)"
    },
    "carousel_arrows_sep_color_group": "",
    "carousel_arrows_sep_bg_color": {
        "idle": "rgb(244,244,244)"
    },
    "carousel_arrows_sep_bg_color_hover": {
        "idle": "rgb(11,81,67)"
    },
    "carousel_arrows_sep_bg_color_dis": {
        "idle": "rgb(244,244,244)"
    },
    "carousel_arrows_sep_bg_color_group": "",
    "carousel_arrows_sep_border_radius": "eyJkZXZpY2VzIjp7ImRlc2t0b3AiOnsidW5pdCI6InB4IiwidmFsdWUiOjIxfX19",
    "carousel_arrows_sep_border_style": "",
    "carousel_arrows_sep_border_width": "",
    "carousel_arrows_sep_border_color": "",
    "carousel_arrows_sep_border_color_hover": "",
    "carousel_arrows_sep_border_color_dis": "",
    "carousel_arrows_sep_radius_group": "",
    "carousel_scrollbar_bg_color": "",
    "carousel_scrollbar_drag_bg_color": {
        "idle": "rgb(11,81,67)"
    },
    "carousel_scrollbar_drag_bg_hover_color": {
        "idle": "rgb(11,81,67)"
    },
    "carousel_scrollbar_bg_color_group": "",
    "link-color": {
        "idle": "rgb(11,81,67)",
        "hover": "rgb(8,56,47)"
    },
    "portfolio": "1",
    "portfolio_page": "33",
    "projects_columns": "3",
    "portfolio_spacing": "20",
    "portoflio_per_page": "9",
    "portoflio_style": "hover-inverse",
    "portoflio_image_size": "full",
    "grid_swatches_attribute": "pa_color",
    "label_shape": "rounded-sm",
    "sale_label_bg_color": {
        "idle": "rgb(231,27,47)"
    },
    "new_label_bg_color": {
        "idle": "rgb(231,27,47)"
    },
    "hot_label_bg_color": {
        "idle": "rgb(231,27,47)"
    },
    "stock_label_bg_color": {
        "idle": "rgb(231,27,47)"
    },
    "cart_totals_layout": "layout-2",
    "update_cart_quantity_change": "1",
    "checkout_show_product_image": "1",
    "checkout_product_quantity": "1",
    "checkout_remove_button": "1",
    "checkout_link_to_product": "1",
    "price_tracker_enabled": "1",
    "price_tracker_enable_privacy_checkbox": "1",
    "products_columns": "4",
    "products_spacing": "20",
    "shop_per_page": "12",
    "products_hover": "quick",
    "products_with_background": "1",
    "products_background": {
        "idle": "#FAFAFA"
    },
    "stretch_product_desktop": "1",
    "stretch_product_tablet": "1",
    "stretch_product_mobile": "1",
    "product_title_lines_limit": "one",
    "thums_position": "bottom_column",
    "single_product_grid_columns_gap": "eyJkZXZpY2VzIjp7ImRlc2t0b3AiOnsidW5pdCI6InB4IiwidmFsdWUiOjIwfSwidGFibGV0Ijp7InVuaXQiOiJweCIsInZhbHVlIjoiIn0sIm1vYmlsZSI6eyJ1bml0IjoicHgiLCJ2YWx1ZSI6IiJ9fX0=",
    "single_product_grid_column_desktop": "1",
    "image_action": "popup",
    "photoswipe_icon": "0",
    "buy_now_enabled": "1",
    "buy_now_redirect": "checkout",
    "reviews_style": "style-2",
    "additional_tab_title": "",
    "legacy_product_tabs_enabled": "0",
    "custom_product_tabs_enabled": "1",
    "single_product_grid_column_tablet": "1",
    "main_gallery_on_tablet": "0",
    "shipping_progress_bar_enabled": "1",
    "shipping_progress_bar_amount": "1000",
    "free_gifts_enabled": "1",
    "free_gift_on_checkout": "1",
    "sticky_toolbar_fields": [
        "mobile",
        "sidebar",
        "wishlist",
        "compare",
        "cart"
    ],
    "single_portfolio_title_in_page_title": "1"
}