{
    "products": {
        "henectus-tincidunt": "14886",
        "ornare-auctor": "14887",
        "eames-plastic-side-chair": "14888",
        "augue-adipiscing-euismod": "14889",
        "iphone-dock": "14890",
        "wine-bottle-lantern": "14891",
        "decoration-wooden-present": "14892",
        "panton-tunior-chair": "14893",
        "smart-watches-wood-edition": "14894",
        "wooden-single-drawer": "14895",
        "classic-wooden-chair": "14896",
        "eames-lounge-chair": "14897"
    },
    "blog": {
        "exploring-atlantas-modern-homes": "14898",
        "green-interior-design-inspiration": "14899",
        "collar-brings-back-coffee-brewing-ritual": "14900",
        "reinterprets-the-classic-bookshelf": "14901",
        "creative-water-features-and-exterior": "14902",
        "minimalist-japanese-inspired-furniture": "14902",
        "new-home-decor-from-john-doerson": "14904",
        "the-big-design-wall-likes-pictures": "14906",
        "sweet-seat-functional-seat-for-it-folks": "14905"
    },
    "categories": {
        "accessories": "14880",
        "clocks": "14881",
        "cooking": "14882",
        "furniture": "14883",
        "lighting": "14884",
        "toys": "14885"
    }
}